date,icao,awos_raw
2026-09-30,VTBS,0
2026-09-30,VTBD,nodata
2026-09-30,VTBO,0
2026-09-30,VTUK,0
2026-09-30,VTUD,nodata
2026-09-30,VTUI,nodata
2026-09-30,VTUW,0
2026-09-30,VTUL,nodata
2026-09-30,VTUU,0
2026-09-30,VTUO,T
2026-09-30,VTUQ,0.4
2026-09-30,VTUV,0
2026-09-30,VTCC,T
2026-09-30,VTCT,2.2
2026-09-30,VTCH,2.4
2026-09-30,VTCL,0
2026-09-30,VTCP,nodata
2026-09-30,VTCN,0
2026-09-30,VTPM,0
2026-09-30,VTPP,0
2026-09-30,VTPO,0
2026-09-30,VTPB,0
2026-09-30,VTPH,nodata
2026-09-30,VTSE,nodata
2026-09-30,VTSM,nodata
2026-09-30,VTSB,fault
2026-09-30,VTSF,2.2
2026-09-30,VTSS,0
2026-09-30,VTSC,0.2
2026-09-30,VTSY,3.8
2026-09-30,VTSP,nodata
2026-09-30,VTSG,2.2
2026-09-30,VTSR,nodata
2026-09-30,VTST,24.1
2026-10-01,VTBS,nodata
2026-10-01,VTBD,nodata
2026-10-01,VTBO,0
2026-10-01,VTUK,0
2026-10-01,VTUD,nodata
2026-10-01,VTUI,nodata
2026-10-01,VTUW,T
2026-10-01,VTUL,0
2026-10-01,VTUU,2.4
2026-10-01,VTUO,0
2026-10-01,VTUQ,nodata
2026-10-01,VTUV,0
2026-10-01,VTCC,0
2026-10-01,VTCT,0
2026-10-01,VTCH,0
2026-10-01,VTCL,nodata
2026-10-01,VTCP,nodata
2026-10-01,VTCN,0
2026-10-01,VTPM,T
2026-10-01,VTPP,nodata
2026-10-01,VTPO,0
2026-10-01,VTPB,nodata
2026-10-01,VTPH,nodata
2026-10-01,VTSE,0
2026-10-01,VTSM,0
2026-10-01,VTSB,fault
2026-10-01,VTSF,0
2026-10-01,VTSS,0
2026-10-01,VTSC,nodata
2026-10-01,VTSY,24.6
2026-10-01,VTSP,nodata
2026-10-01,VTSG,8.8
2026-10-01,VTSR,2.6
2026-10-01,VTST,nodata
2026-10-02,VTBS,T
2026-10-02,VTBD,0
2026-10-02,VTBO,T
2026-10-02,VTUK,1.0
2026-10-02,VTUD,0
2026-10-02,VTUI,0
2026-10-02,VTUW,0
2026-10-02,VTUL,0
2026-10-02,VTUU,0
2026-10-02,VTUO,nodata
2026-10-02,VTUQ,nodata
2026-10-02,VTUV,0
2026-10-02,VTCC,0
2026-10-02,VTCT,0
2026-10-02,VTCH,0
2026-10-02,VTCL,0
2026-10-02,VTCP,0
2026-10-02,VTCN,0
2026-10-02,VTPM,0
2026-10-02,VTPP,0
2026-10-02,VTPO,0
2026-10-02,VTPB,0
2026-10-02,VTPH,0
2026-10-02,VTSE,0
2026-10-02,VTSM,0
2026-10-02,VTSB,fault
2026-10-02,VTSF,nodata
2026-10-02,VTSS,0.4
2026-10-02,VTSC,nodata
2026-10-02,VTSY,4.6
2026-10-02,VTSP,1.6
2026-10-02,VTSG,8.8
2026-10-02,VTSR,0
2026-10-02,VTST,43.0
2026-10-03,VTBS,1.4
2026-10-03,VTBD,0.6
2026-10-03,VTBO,0
2026-10-03,VTUK,18.0
2026-10-03,VTUD,0
2026-10-03,VTUI,0
2026-10-03,VTUW,0
2026-10-03,VTUL,0
2026-10-03,VTUU,0
2026-10-03,VTUO,nodata
2026-10-03,VTUQ,0.1
2026-10-03,VTUV,0
2026-10-03,VTCC,0
2026-10-03,VTCT,1.4
2026-10-03,VTCH,0
2026-10-03,VTCL,0
2026-10-03,VTCP,nodata
2026-10-03,VTCN,0
2026-10-03,VTPM,0
2026-10-03,VTPP,0
2026-10-03,VTPO,0
2026-10-03,VTPB,0
2026-10-03,VTPH,nodata
2026-10-03,VTSE,0
2026-10-03,VTSM,nodata
2026-10-03,VTSB,fault
2026-10-03,VTSF,nodata
2026-10-03,VTSS,0.6
2026-10-03,VTSC,1.0
2026-10-03,VTSY,21.6
2026-10-03,VTSP,23.0
2026-10-03,VTSG,0.4
2026-10-03,VTSR,nodata
2026-10-03,VTST,43.0
2026-10-04,VTBS,nodata
2026-10-04,VTBD,16.2
2026-10-04,VTBO,0.1
2026-10-04,VTUK,0.2
2026-10-04,VTUD,nodata
2026-10-04,VTUI,4.4
2026-10-04,VTUW,18.7
2026-10-04,VTUL,24.6
2026-10-04,VTUU,3.8
2026-10-04,VTUO,nodata
2026-10-04,VTUQ,22.0
2026-10-04,VTUV,T
2026-10-04,VTCC,1.8
2026-10-04,VTCT,0
2026-10-04,VTCH,T
2026-10-04,VTCL,0
2026-10-04,VTCP,8.2
2026-10-04,VTCN,0.6
2026-10-04,VTPM,0
2026-10-04,VTPP,0
2026-10-04,VTPO,9.8
2026-10-04,VTPB,nodata
2026-10-04,VTPH,0
2026-10-04,VTSE,nodata
2026-10-04,VTSM,nodata
2026-10-04,VTSB,fault
2026-10-04,VTSF,3.5
2026-10-04,VTSS,0
2026-10-04,VTSC,0
2026-10-04,VTSY,0
2026-10-04,VTSP,0.2
2026-10-04,VTSG,6.0
2026-10-04,VTSR,0
2026-10-04,VTST,1.2
2026-10-05,VTBS,nodata
2026-10-05,VTBD,53.6
2026-10-05,VTBO,0
2026-10-05,VTUK,0
2026-10-05,VTUD,nodata
2026-10-05,VTUI,nodata
2026-10-05,VTUW,14.0
2026-10-05,VTUL,nodata
2026-10-05,VTUU,0
2026-10-05,VTUO,0
2026-10-05,VTUQ,nodata
2026-10-05,VTUV,0.8
2026-10-05,VTCC,14.9
2026-10-05,VTCT,0
2026-10-05,VTCH,10.6
2026-10-05,VTCL,0
2026-10-05,VTCP,46.6
2026-10-05,VTCN,nodata
2026-10-05,VTPM,31.6
2026-10-05,VTPP,nodata
2026-10-05,VTPO,3.6
2026-10-05,VTPB,nodata
2026-10-05,VTPH,nodata
2026-10-05,VTSE,0
2026-10-05,VTSM,0
2026-10-05,VTSB,nodata
2026-10-05,VTSF,nodata
2026-10-05,VTSS,0.6
2026-10-05,VTSC,nodata
2026-10-05,VTSY,1.0
2026-10-05,VTSP,0
2026-10-05,VTSG,nodata
2026-10-05,VTSR,1.8
2026-10-05,VTST,0
