date,icao,status,band,awos_mm,label,issued_at
2026-09-28,VTBD,value,light,4.2,4.2,2026-09-29T01:00:00.000Z
2026-09-28,VTBO,trace,trace,0.05,<0.1 (T),2026-09-29T01:00:00.000Z
2026-09-28,VTBS,value,light,6.6,6.6,2026-09-29T01:00:00.000Z
2026-09-28,VTCC,value,moderate,22.9,22.9,2026-09-29T01:00:00.000Z
2026-09-28,VTCH,value,moderate,10.6,10.6,2026-09-29T01:00:00.000Z
2026-09-28,VTCL,value,moderate,26.4,26.4,2026-09-29T01:00:00.000Z
2026-09-28,VTCN,value,trace,0.0,0.0,2026-09-29T01:00:00.000Z
2026-09-28,VTCP,value,light,8.2,8.2,2026-09-29T01:00:00.000Z
2026-09-28,VTCT,value,light,1.8,1.8,2026-09-29T01:00:00.000Z
2026-09-28,VTPB,value,light,8.6,8.6,2026-09-29T01:00:00.000Z
2026-09-28,VTPH,value,light,0.4,0.4,2026-09-29T01:00:00.000Z
2026-09-28,VTPM,value,moderate,12.2,12.2,2026-09-29T01:00:00.000Z
2026-09-28,VTPO,value,light,6.1,6.1,2026-09-29T01:00:00.000Z
2026-09-28,VTPP,value,light,6.7,6.7,2026-09-29T01:00:00.000Z
2026-09-28,VTSB,fault,fault,,ขัดข้อง,2026-09-29T01:00:00.000Z
2026-09-28,VTSC,value,trace,0.0,0.0,2026-09-29T01:00:00.000Z
2026-09-28,VTSE,value,moderate,12.7,12.7,2026-09-29T01:00:00.000Z
2026-09-28,VTSF,missing,missing,,ไม่ได้ส่งข้อมูล,2026-09-29T01:00:00.000Z
2026-09-28,VTSG,value,trace,0.0,0.0,2026-09-29T01:00:00.000Z
2026-09-28,VTSM,value,trace,0.0,0.0,2026-09-29T01:00:00.000Z
2026-09-28,VTSP,value,trace,0.0,0.0,2026-09-29T01:00:00.000Z
2026-09-28,VTSR,value,light,0.4,0.4,2026-09-29T01:00:00.000Z
2026-09-28,VTSS,value,light,4.2,4.2,2026-09-29T01:00:00.000Z
2026-09-28,VTST,value,trace,0.0,0.0,2026-09-29T01:00:00.000Z
2026-09-28,VTSY,value,trace,0.0,0.0,2026-09-29T01:00:00.000Z
2026-09-28,VTUD,value,light,0.2,0.2,2026-09-29T01:00:00.000Z
2026-09-28,VTUI,value,light,0.8,0.8,2026-09-29T01:00:00.000Z
2026-09-28,VTUK,value,light,3.8,3.8,2026-09-29T01:00:00.000Z
2026-09-28,VTUL,value,light,0.8,0.8,2026-09-29T01:00:00.000Z
2026-09-28,VTUO,value,trace,0.0,0.0,2026-09-29T01:00:00.000Z
2026-09-28,VTUQ,value,light,0.6,0.6,2026-09-29T01:00:00.000Z
2026-09-28,VTUU,value,trace,0.0,0.0,2026-09-29T01:00:00.000Z
2026-09-28,VTUV,value,trace,0.0,0.0,2026-09-29T01:00:00.000Z
2026-09-28,VTUW,value,light,10.0,10.0,2026-09-29T01:00:00.000Z
2026-09-29,VTBD,value,trace,0.0,0.0,2026-09-30T01:00:00.000Z
2026-09-29,VTBO,value,trace,0.0,0.0,2026-09-30T01:00:00.000Z
2026-09-29,VTBS,trace,trace,0.05,<0.1 (T),2026-09-30T01:00:00.000Z
2026-09-29,VTCC,value,light,0.3,0.3,2026-09-30T01:00:00.000Z
2026-09-29,VTCH,value,light,5.4,5.4,2026-09-30T01:00:00.000Z
2026-09-29,VTCL,value,moderate,12.4,12.4,2026-09-30T01:00:00.000Z
2026-09-29,VTCN,value,light,0.4,0.4,2026-09-30T01:00:00.000Z
2026-09-29,VTCP,value,light,6.4,6.4,2026-09-30T01:00:00.000Z
2026-09-29,VTCT,value,light,0.8,0.8,2026-09-30T01:00:00.000Z
2026-09-29,VTPB,value,light,3.1,3.1,2026-09-30T01:00:00.000Z
2026-09-29,VTPH,value,trace,0.0,0.0,2026-09-30T01:00:00.000Z
2026-09-29,VTPM,value,light,2.6,2.6,2026-09-30T01:00:00.000Z
2026-09-29,VTPO,value,light,0.3,0.3,2026-09-30T01:00:00.000Z
2026-09-29,VTPP,value,trace,0.0,0.0,2026-09-30T01:00:00.000Z
2026-09-29,VTSB,fault,fault,,ขัดข้อง,2026-09-30T01:00:00.000Z
2026-09-29,VTSC,value,light,1.4,1.4,2026-09-30T01:00:00.000Z
2026-09-29,VTSE,value,light,10.0,10.0,2026-09-30T01:00:00.000Z
2026-09-29,VTSF,value,trace,0.0,0.0,2026-09-30T01:00:00.000Z
2026-09-29,VTSG,value,light,1.0,1.0,2026-09-30T01:00:00.000Z
2026-09-29,VTSM,value,trace,0.0,0.0,2026-09-30T01:00:00.000Z
2026-09-29,VTSP,value,light,2.6,2.6,2026-09-30T01:00:00.000Z
2026-09-29,VTSR,value,moderate,19.4,19.4,2026-09-30T01:00:00.000Z
2026-09-29,VTSS,value,trace,0.0,0.0,2026-09-30T01:00:00.000Z
2026-09-29,VTST,value,trace,0.0,0.0,2026-09-30T01:00:00.000Z
2026-09-29,VTSY,value,light,1.4,1.4,2026-09-30T01:00:00.000Z
2026-09-29,VTUD,value,trace,0.0,0.0,2026-09-30T01:00:00.000Z
2026-09-29,VTUI,value,trace,0.0,0.0,2026-09-30T01:00:00.000Z
2026-09-29,VTUK,value,trace,0.0,0.0,2026-09-30T01:00:00.000Z
2026-09-29,VTUL,value,trace,0.0,0.0,2026-09-30T01:00:00.000Z
2026-09-29,VTUO,value,trace,0.0,0.0,2026-09-30T01:00:00.000Z
2026-09-29,VTUQ,value,trace,0.0,0.0,2026-09-30T01:00:00.000Z
2026-09-29,VTUU,value,trace,0.0,0.0,2026-09-30T01:00:00.000Z
2026-09-29,VTUV,value,trace,0.0,0.0,2026-09-30T01:00:00.000Z
2026-09-29,VTUW,value,light,0.1,0.1,2026-09-30T01:00:00.000Z
2026-09-30,VTBD,value,light,1.6,1.6,2026-10-01T01:00:00.000Z
2026-09-30,VTBO,value,trace,0.0,0.0,2026-10-01T01:00:00.000Z
2026-09-30,VTBS,value,trace,0.0,0.0,2026-10-01T01:00:00.000Z
2026-09-30,VTCC,trace,trace,0.05,<0.1 (T),2026-10-01T01:00:00.000Z
2026-09-30,VTCH,value,light,2.4,2.4,2026-10-01T01:00:00.000Z
2026-09-30,VTCL,value,trace,0.0,0.0,2026-10-01T01:00:00.000Z
2026-09-30,VTCN,value,trace,0.0,0.0,2026-10-01T01:00:00.000Z
2026-09-30,VTCP,value,trace,0.0,0.0,2026-10-01T01:00:00.000Z
2026-09-30,VTCT,value,light,2.2,2.2,2026-10-01T01:00:00.000Z
2026-09-30,VTPB,value,trace,0.0,0.0,2026-10-01T01:00:00.000Z
2026-09-30,VTPH,value,trace,0.0,0.0,2026-10-01T01:00:00.000Z
2026-09-30,VTPM,value,trace,0.0,0.0,2026-10-01T01:00:00.000Z
2026-09-30,VTPO,value,trace,0.0,0.0,2026-10-01T01:00:00.000Z
2026-09-30,VTPP,value,trace,0.0,0.0,2026-10-01T01:00:00.000Z
2026-09-30,VTSB,fault,fault,,ขัดข้อง,2026-10-01T01:00:00.000Z
2026-09-30,VTSC,value,light,0.2,0.2,2026-10-01T01:00:00.000Z
2026-09-30,VTSE,value,light,1.0,1.0,2026-10-01T01:00:00.000Z
2026-09-30,VTSF,value,light,2.2,2.2,2026-10-01T01:00:00.000Z
2026-09-30,VTSG,value,light,2.2,2.2,2026-10-01T01:00:00.000Z
2026-09-30,VTSM,value,light,2.0,2.0,2026-10-01T01:00:00.000Z
2026-09-30,VTSP,value,light,1.6,1.6,2026-10-01T01:00:00.000Z
2026-09-30,VTSR,value,moderate,28.8,28.8,2026-10-01T01:00:00.000Z
2026-09-30,VTSS,value,trace,0.0,0.0,2026-10-01T01:00:00.000Z
2026-09-30,VTST,value,moderate,24.1,24.1,2026-10-01T01:00:00.000Z
2026-09-30,VTSY,value,light,3.8,3.8,2026-10-01T01:00:00.000Z
2026-09-30,VTUD,value,trace,0.0,0.0,2026-10-01T01:00:00.000Z
2026-09-30,VTUI,value,trace,0.0,0.0,2026-10-01T01:00:00.000Z
2026-09-30,VTUK,value,trace,0.0,0.0,2026-10-01T01:00:00.000Z
2026-09-30,VTUL,value,light,1.0,1.0,2026-10-01T01:00:00.000Z
2026-09-30,VTUO,trace,trace,0.05,<0.1 (T),2026-10-01T01:00:00.000Z
2026-09-30,VTUQ,value,light,0.4,0.4,2026-10-01T01:00:00.000Z
2026-09-30,VTUU,value,trace,0.0,0.0,2026-10-01T01:00:00.000Z
2026-09-30,VTUV,value,trace,0.0,0.0,2026-10-01T01:00:00.000Z
2026-09-30,VTUW,value,trace,0.0,0.0,2026-10-01T01:00:00.000Z
2026-10-01,VTBD,trace,trace,0.05,<0.1 (T),2026-10-02T01:00:00.000Z
2026-10-01,VTBO,value,trace,0.0,0.0,2026-10-02T01:00:00.000Z
2026-10-01,VTBS,value,trace,0.0,0.0,2026-10-02T01:00:00.000Z
2026-10-01,VTCC,value,trace,0.0,0.0,2026-10-02T01:00:00.000Z
2026-10-01,VTCH,value,trace,0.0,0.0,2026-10-02T01:00:00.000Z
2026-10-01,VTCL,value,trace,0.0,0.0,2026-10-02T01:00:00.000Z
2026-10-01,VTCN,value,trace,0.0,0.0,2026-10-02T01:00:00.000Z
2026-10-01,VTCP,value,trace,0.0,0.0,2026-10-02T01:00:00.000Z
2026-10-01,VTCT,value,trace,0.0,0.0,2026-10-02T01:00:00.000Z
2026-10-01,VTPB,value,trace,0.0,0.0,2026-10-02T01:00:00.000Z
2026-10-01,VTPH,value,trace,0.0,0.0,2026-10-02T01:00:00.000Z
2026-10-01,VTPM,trace,trace,0.05,<0.1 (T),2026-10-02T01:00:00.000Z
2026-10-01,VTPO,value,trace,0.0,0.0,2026-10-02T01:00:00.000Z
2026-10-01,VTPP,value,trace,0.0,0.0,2026-10-02T01:00:00.000Z
2026-10-01,VTSB,fault,fault,,ขัดข้อง,2026-10-02T01:00:00.000Z
2026-10-01,VTSC,value,trace,0.0,0.0,2026-10-02T01:00:00.000Z
2026-10-01,VTSE,value,trace,0.0,0.0,2026-10-02T01:00:00.000Z
2026-10-01,VTSF,value,trace,0.0,0.0,2026-10-02T01:00:00.000Z
2026-10-01,VTSG,value,light,8.8,8.8,2026-10-02T01:00:00.000Z
2026-10-01,VTSM,value,trace,0.0,0.0,2026-10-02T01:00:00.000Z
2026-10-01,VTSP,value,moderate,13.0,13.0,2026-10-02T01:00:00.000Z
2026-10-01,VTSR,value,light,2.6,2.6,2026-10-02T01:00:00.000Z
2026-10-01,VTSS,value,trace,0.0,0.0,2026-10-02T01:00:00.000Z
2026-10-01,VTST,value,light,0.2,0.2,2026-10-02T01:00:00.000Z
2026-10-01,VTSY,value,moderate,24.6,24.6,2026-10-02T01:00:00.000Z
2026-10-01,VTUD,value,trace,0.0,0.0,2026-10-02T01:00:00.000Z
2026-10-01,VTUI,value,trace,0.0,0.0,2026-10-02T01:00:00.000Z
2026-10-01,VTUK,value,trace,0.0,0.0,2026-10-02T01:00:00.000Z
2026-10-01,VTUL,value,trace,0.0,0.0,2026-10-02T01:00:00.000Z
2026-10-01,VTUO,value,trace,0.0,0.0,2026-10-02T01:00:00.000Z
2026-10-01,VTUQ,value,trace,0.0,0.0,2026-10-02T01:00:00.000Z
2026-10-01,VTUU,value,light,2.4,2.4,2026-10-02T01:00:00.000Z
2026-10-01,VTUV,value,trace,0.0,0.0,2026-10-02T01:00:00.000Z
2026-10-01,VTUW,trace,trace,0.05,<0.1 (T),2026-10-02T01:00:00.000Z
2026-10-02,VTBD,value,trace,0.0,0.0,2026-10-03T01:00:00.000Z
2026-10-02,VTBO,trace,trace,0.05,<0.1 (T),2026-10-03T01:00:00.000Z
2026-10-02,VTBS,trace,trace,0.05,<0.1 (T),2026-10-03T01:00:00.000Z
2026-10-02,VTCC,value,trace,0.0,0.0,2026-10-03T01:00:00.000Z
2026-10-02,VTCH,value,trace,0.0,0.0,2026-10-03T01:00:00.000Z
2026-10-02,VTCL,value,trace,0.0,0.0,2026-10-03T01:00:00.000Z
2026-10-02,VTCN,value,trace,0.0,0.0,2026-10-03T01:00:00.000Z
2026-10-02,VTCP,value,trace,0.0,0.0,2026-10-03T01:00:00.000Z
2026-10-02,VTCT,value,trace,0.0,0.0,2026-10-03T01:00:00.000Z
2026-10-02,VTPB,value,trace,0.0,0.0,2026-10-03T01:00:00.000Z
2026-10-02,VTPH,value,trace,0.0,0.0,2026-10-03T01:00:00.000Z
2026-10-02,VTPM,value,trace,0.0,0.0,2026-10-03T01:00:00.000Z
2026-10-02,VTPO,value,trace,0.0,0.0,2026-10-03T01:00:00.000Z
2026-10-02,VTPP,value,trace,0.0,0.0,2026-10-03T01:00:00.000Z
2026-10-02,VTSB,fault,fault,,ขัดข้อง,2026-10-03T01:00:00.000Z
2026-10-02,VTSC,value,trace,0.0,0.0,2026-10-03T01:00:00.000Z
2026-10-02,VTSE,value,trace,0.0,0.0,2026-10-03T01:00:00.000Z
2026-10-02,VTSF,value,trace,0.0,0.0,2026-10-03T01:00:00.000Z
2026-10-02,VTSG,value,light,8.8,8.8,2026-10-03T01:00:00.000Z
2026-10-02,VTSM,value,trace,0.0,0.0,2026-10-03T01:00:00.000Z
2026-10-02,VTSP,value,light,1.6,1.6,2026-10-03T01:00:00.000Z
2026-10-02,VTSR,value,trace,0.0,0.0,2026-10-03T01:00:00.000Z
2026-10-02,VTSS,value,light,0.4,0.4,2026-10-03T01:00:00.000Z
2026-10-02,VTST,value,light,0.2,0.2,2026-10-03T01:00:00.000Z
2026-10-02,VTSY,value,light,4.6,4.6,2026-10-03T01:00:00.000Z
2026-10-02,VTUD,value,trace,0.0,0.0,2026-10-03T01:00:00.000Z
2026-10-02,VTUI,value,trace,0.0,0.0,2026-10-03T01:00:00.000Z
2026-10-02,VTUK,value,light,1.0,1.0,2026-10-03T01:00:00.000Z
2026-10-02,VTUL,value,trace,0.0,0.0,2026-10-03T01:00:00.000Z
2026-10-02,VTUO,value,trace,0.0,0.0,2026-10-03T01:00:00.000Z
2026-10-02,VTUQ,value,light,1.4,1.4,2026-10-03T01:00:00.000Z
2026-10-02,VTUU,value,trace,0.0,0.0,2026-10-03T01:00:00.000Z
2026-10-02,VTUV,value,trace,0.0,0.0,2026-10-03T01:00:00.000Z
2026-10-02,VTUW,value,trace,0.0,0.0,2026-10-03T01:00:00.000Z
2026-10-03,VTBD,value,light,0.6,0.6,2026-10-04T01:00:00.000Z
2026-10-03,VTBO,value,trace,0.0,0.0,2026-10-04T01:00:00.000Z
2026-10-03,VTBS,value,light,1.4,1.4,2026-10-04T01:00:00.000Z
2026-10-03,VTCC,value,trace,0.0,0.0,2026-10-04T01:00:00.000Z
2026-10-03,VTCH,value,trace,0.0,0.0,2026-10-04T01:00:00.000Z
2026-10-03,VTCL,value,trace,0.0,0.0,2026-10-04T01:00:00.000Z
2026-10-03,VTCN,value,trace,0.0,0.0,2026-10-04T01:00:00.000Z
2026-10-03,VTCP,value,trace,0.0,0.0,2026-10-04T01:00:00.000Z
2026-10-03,VTCT,value,light,1.4,1.4,2026-10-04T01:00:00.000Z
2026-10-03,VTPB,value,trace,0.0,0.0,2026-10-04T01:00:00.000Z
2026-10-03,VTPH,value,trace,0.0,0.0,2026-10-04T01:00:00.000Z
2026-10-03,VTPM,value,trace,0.0,0.0,2026-10-04T01:00:00.000Z
2026-10-03,VTPO,value,trace,0.0,0.0,2026-10-04T01:00:00.000Z
2026-10-03,VTPP,value,trace,0.0,0.0,2026-10-04T01:00:00.000Z
2026-10-03,VTSB,fault,fault,,ขัดข้อง,2026-10-04T01:00:00.000Z
2026-10-03,VTSC,value,light,1.0,1.0,2026-10-04T01:00:00.000Z
2026-10-03,VTSE,value,trace,0.0,0.0,2026-10-04T01:00:00.000Z
2026-10-03,VTSF,value,trace,0.0,0.0,2026-10-04T01:00:00.000Z
2026-10-03,VTSG,value,light,0.4,0.4,2026-10-04T01:00:00.000Z
2026-10-03,VTSM,value,light,0.4,0.4,2026-10-04T01:00:00.000Z
2026-10-03,VTSP,value,moderate,23.0,23.0,2026-10-04T01:00:00.000Z
2026-10-03,VTSR,value,heavy,45.8,45.8,2026-10-04T01:00:00.000Z
2026-10-03,VTSS,value,light,0.6,0.6,2026-10-04T01:00:00.000Z
2026-10-03,VTST,value,heavy,43.0,43.0,2026-10-04T01:00:00.000Z
2026-10-03,VTSY,value,moderate,21.6,21.6,2026-10-04T01:00:00.000Z
2026-10-03,VTUD,value,trace,0.0,0.0,2026-10-04T01:00:00.000Z
2026-10-03,VTUI,value,trace,0.0,0.0,2026-10-04T01:00:00.000Z
2026-10-03,VTUK,value,moderate,18.0,18.0,2026-10-04T01:00:00.000Z
2026-10-03,VTUL,value,trace,0.0,0.0,2026-10-04T01:00:00.000Z
2026-10-03,VTUO,value,trace,0.0,0.0,2026-10-04T01:00:00.000Z
2026-10-03,VTUQ,value,light,0.1,0.1,2026-10-04T01:00:00.000Z
2026-10-03,VTUU,value,trace,0.0,0.0,2026-10-04T01:00:00.000Z
2026-10-03,VTUV,value,trace,0.0,0.0,2026-10-04T01:00:00.000Z
2026-10-03,VTUW,value,trace,0.0,0.0,2026-10-04T01:00:00.000Z
2026-10-04,VTBD,value,moderate,16.2,16.2,2026-10-05T01:00:00.000Z
2026-10-04,VTBO,value,light,0.1,0.1,2026-10-05T01:00:00.000Z
2026-10-04,VTBS,value,trace,0.0,0.0,2026-10-05T01:00:00.000Z
2026-10-04,VTCC,value,light,1.8,1.8,2026-10-05T01:00:00.000Z
2026-10-04,VTCH,trace,trace,0.05,<0.1 (T),2026-10-05T01:00:00.000Z
2026-10-04,VTCL,value,trace,0.0,0.0,2026-10-05T01:00:00.000Z
2026-10-04,VTCN,value,light,0.6,0.6,2026-10-05T01:00:00.000Z
2026-10-04,VTCP,value,light,6.4,6.4,2026-10-05T01:00:00.000Z
2026-10-04,VTCT,value,trace,0.0,0.0,2026-10-05T01:00:00.000Z
2026-10-04,VTPB,value,trace,0.0,0.0,2026-10-05T01:00:00.000Z
2026-10-04,VTPH,value,trace,0.0,0.0,2026-10-05T01:00:00.000Z
2026-10-04,VTPM,value,trace,0.0,0.0,2026-10-05T01:00:00.000Z
2026-10-04,VTPO,value,light,9.8,9.8,2026-10-05T01:00:00.000Z
2026-10-04,VTPP,value,trace,0.0,0.0,2026-10-05T01:00:00.000Z
2026-10-04,VTSB,fault,fault,,ขัดข้อง,2026-10-05T01:00:00.000Z
2026-10-04,VTSC,value,trace,0.0,0.0,2026-10-05T01:00:00.000Z
2026-10-04,VTSE,value,trace,0.0,0.0,2026-10-05T01:00:00.000Z
2026-10-04,VTSF,value,light,3.5,3.5,2026-10-05T01:00:00.000Z
2026-10-04,VTSG,value,light,6.0,6.0,2026-10-05T01:00:00.000Z
2026-10-04,VTSM,value,trace,0.0,0.0,2026-10-05T01:00:00.000Z
2026-10-04,VTSP,value,light,1.3,1.3,2026-10-05T01:00:00.000Z
2026-10-04,VTSR,value,trace,0.0,0.0,2026-10-05T01:00:00.000Z
2026-10-04,VTSS,value,trace,0.0,0.0,2026-10-05T01:00:00.000Z
2026-10-04,VTST,value,light,1.2,1.2,2026-10-05T01:00:00.000Z
2026-10-04,VTSY,value,trace,0.0,0.0,2026-10-05T01:00:00.000Z
2026-10-04,VTUD,value,moderate,33.0,33.0,2026-10-05T01:00:00.000Z
2026-10-04,VTUI,value,light,4.4,4.4,2026-10-05T01:00:00.000Z
2026-10-04,VTUK,value,light,0.2,0.2,2026-10-05T01:00:00.000Z
2026-10-04,VTUL,value,moderate,24.6,24.6,2026-10-05T01:00:00.000Z
2026-10-04,VTUO,value,heavy,72.3,72.3,2026-10-05T01:00:00.000Z
2026-10-04,VTUQ,value,moderate,22.0,22.0,2026-10-05T01:00:00.000Z
2026-10-04,VTUU,value,light,3.8,3.8,2026-10-05T01:00:00.000Z
2026-10-04,VTUV,trace,trace,0.05,<0.1 (T),2026-10-05T01:00:00.000Z
2026-10-04,VTUW,value,moderate,18.7,18.7,2026-10-05T01:00:00.000Z
2026-10-05,VTBD,value,heavy,53.6,53.6,2026-10-06T01:00:00.000Z
2026-10-05,VTBO,value,trace,0.0,0.0,2026-10-06T01:00:00.000Z
2026-10-05,VTBS,value,moderate,15.8,15.8,2026-10-06T01:00:00.000Z
2026-10-05,VTCC,value,moderate,14.9,14.9,2026-10-06T01:00:00.000Z
2026-10-05,VTCH,value,moderate,10.6,10.6,2026-10-06T01:00:00.000Z
2026-10-05,VTCL,value,trace,0.0,0.0,2026-10-06T01:00:00.000Z
2026-10-05,VTCN,value,light,1.8,1.8,2026-10-06T01:00:00.000Z
2026-10-05,VTCP,value,heavy,46.6,46.6,2026-10-06T01:00:00.000Z
2026-10-05,VTCT,value,trace,0.0,0.0,2026-10-06T01:00:00.000Z
2026-10-05,VTPB,value,light,6.6,6.6,2026-10-06T01:00:00.000Z
2026-10-05,VTPH,missing,missing,,ไม่ได้ส่งข้อมูล,2026-10-06T01:00:00.000Z
2026-10-05,VTPM,value,moderate,31.6,31.6,2026-10-06T01:00:00.000Z
2026-10-05,VTPO,value,light,3.6,3.6,2026-10-06T01:00:00.000Z
2026-10-05,VTPP,value,trace,0.0,0.0,2026-10-06T01:00:00.000Z
2026-10-05,VTSB,fault,fault,,ขัดข้อง,2026-10-06T01:00:00.000Z
2026-10-05,VTSC,value,heavy,56.4,56.4,2026-10-06T01:00:00.000Z
2026-10-05,VTSE,value,trace,0.0,0.0,2026-10-06T01:00:00.000Z
2026-10-05,VTSF,value,moderate,19.9,19.9,2026-10-06T01:00:00.000Z
2026-10-05,VTSG,value,moderate,15.0,15.0,2026-10-06T01:00:00.000Z
2026-10-05,VTSM,value,trace,0.0,0.0,2026-10-06T01:00:00.000Z
2026-10-05,VTSP,value,trace,0.0,0.0,2026-10-06T01:00:00.000Z
2026-10-05,VTSR,value,light,1.8,1.8,2026-10-06T01:00:00.000Z
2026-10-05,VTSS,value,light,0.6,0.6,2026-10-06T01:00:00.000Z
2026-10-05,VTST,value,trace,0.0,0.0,2026-10-06T01:00:00.000Z
2026-10-05,VTSY,value,light,1.0,1.0,2026-10-06T01:00:00.000Z
2026-10-05,VTUD,value,light,2.0,2.0,2026-10-06T01:00:00.000Z
2026-10-05,VTUI,value,moderate,12.2,12.2,2026-10-06T01:00:00.000Z
2026-10-05,VTUK,value,trace,0.0,0.0,2026-10-06T01:00:00.000Z
2026-10-05,VTUL,value,light,3.6,3.6,2026-10-06T01:00:00.000Z
2026-10-05,VTUO,value,trace,0.0,0.0,2026-10-06T01:00:00.000Z
2026-10-05,VTUQ,value,light,0.8,0.8,2026-10-06T01:00:00.000Z
2026-10-05,VTUU,value,trace,0.0,0.0,2026-10-06T01:00:00.000Z
2026-10-05,VTUV,value,light,0.8,0.8,2026-10-06T01:00:00.000Z
2026-10-05,VTUW,value,moderate,14.0,14.0,2026-10-06T01:00:00.000Z
2026-10-06,VTBD,value,light,4.0,4.0,2026-10-07T01:00:00.000Z
2026-10-06,VTBO,value,light,1.6,1.6,2026-10-07T01:00:00.000Z
2026-10-06,VTBS,value,moderate,31.0,31.0,2026-10-07T01:00:00.000Z
2026-10-06,VTCC,trace,trace,0.05,<0.1 (T),2026-10-07T01:00:00.000Z
2026-10-06,VTCH,value,trace,0.0,0.0,2026-10-07T01:00:00.000Z
2026-10-06,VTCL,value,light,6.4,6.4,2026-10-07T01:00:00.000Z
2026-10-06,VTCN,value,moderate,22.6,22.6,2026-10-07T01:00:00.000Z
2026-10-06,VTCP,value,moderate,30.4,30.4,2026-10-07T01:00:00.000Z
2026-10-06,VTCT,value,trace,0.0,0.0,2026-10-07T01:00:00.000Z
2026-10-06,VTPB,value,light,5.3,5.3,2026-10-07T01:00:00.000Z
2026-10-06,VTPH,value,trace,0.0,0.0,2026-10-07T01:00:00.000Z
2026-10-06,VTPM,value,trace,0.0,0.0,2026-10-07T01:00:00.000Z
2026-10-06,VTPO,value,light,2.2,2.2,2026-10-07T01:00:00.000Z
2026-10-06,VTPP,value,moderate,17.4,17.4,2026-10-07T01:00:00.000Z
2026-10-06,VTSB,value,trace,0.0,0.0,2026-10-07T01:00:00.000Z
2026-10-06,VTSC,value,trace,0.0,0.0,2026-10-07T01:00:00.000Z
2026-10-06,VTSE,value,trace,0.0,0.0,2026-10-07T01:00:00.000Z
2026-10-06,VTSF,value,light,2.8,2.8,2026-10-07T01:00:00.000Z
2026-10-06,VTSG,value,light,3.8,3.8,2026-10-07T01:00:00.000Z
2026-10-06,VTSM,value,trace,0.0,0.0,2026-10-07T01:00:00.000Z
2026-10-06,VTSP,value,light,4.6,4.6,2026-10-07T01:00:00.000Z
2026-10-06,VTSR,value,light,1.8,1.8,2026-10-07T01:00:00.000Z
2026-10-06,VTSS,value,moderate,10.6,10.6,2026-10-07T01:00:00.000Z
2026-10-06,VTST,value,moderate,15.6,15.6,2026-10-07T01:00:00.000Z
2026-10-06,VTSY,value,trace,0.0,0.0,2026-10-07T01:00:00.000Z
2026-10-06,VTUD,value,trace,0.0,0.0,2026-10-07T01:00:00.000Z
2026-10-06,VTUI,value,trace,0.0,0.0,2026-10-07T01:00:00.000Z
2026-10-06,VTUK,value,trace,0.0,0.0,2026-10-07T01:00:00.000Z
2026-10-06,VTUL,value,light,0.6,0.6,2026-10-07T01:00:00.000Z
2026-10-06,VTUO,value,trace,0.0,0.0,2026-10-07T01:00:00.000Z
2026-10-06,VTUQ,value,trace,0.0,0.0,2026-10-07T01:00:00.000Z
2026-10-06,VTUU,value,trace,0.0,0.0,2026-10-07T01:00:00.000Z
2026-10-06,VTUV,value,trace,0.0,0.0,2026-10-07T01:00:00.000Z
2026-10-06,VTUW,value,trace,0.0,0.0,2026-10-07T01:00:00.000Z
2026-10-07,VTBD,value,trace,0.0,0.0,2026-10-08T01:00:00.000Z
2026-10-07,VTBO,value,light,5.5,5.5,2026-10-08T01:00:00.000Z
2026-10-07,VTBS,value,trace,0.0,0.0,2026-10-08T01:00:00.000Z
2026-10-07,VTCC,value,trace,0.0,0.0,2026-10-08T01:00:00.000Z
2026-10-07,VTCH,value,moderate,13.4,13.4,2026-10-08T01:00:00.000Z
2026-10-07,VTCL,value,trace,0.0,0.0,2026-10-08T01:00:00.000Z
2026-10-07,VTCN,value,trace,0.0,0.0,2026-10-08T01:00:00.000Z
2026-10-07,VTCP,value,trace,0.0,0.0,2026-10-08T01:00:00.000Z
2026-10-07,VTCT,value,trace,0.0,0.0,2026-10-08T01:00:00.000Z
2026-10-07,VTPB,value,light,2.7,2.7,2026-10-08T01:00:00.000Z
2026-10-07,VTPH,missing,missing,,ไม่ได้ส่งข้อมูล,2026-10-08T01:00:00.000Z
2026-10-07,VTPM,value,trace,0.0,0.0,2026-10-08T01:00:00.000Z
2026-10-07,VTPO,value,light,0.3,0.3,2026-10-08T01:00:00.000Z
2026-10-07,VTPP,value,heavy,35.9,35.9,2026-10-08T01:00:00.000Z
2026-10-07,VTSB,value,moderate,14.4,14.4,2026-10-08T01:00:00.000Z
2026-10-07,VTSC,value,trace,0.0,0.0,2026-10-08T01:00:00.000Z
2026-10-07,VTSE,value,light,1.0,1.0,2026-10-08T01:00:00.000Z
2026-10-07,VTSF,value,light,6.5,6.5,2026-10-08T01:00:00.000Z
2026-10-07,VTSG,value,light,6.2,6.2,2026-10-08T01:00:00.000Z
2026-10-07,VTSM,value,light,4.8,4.8,2026-10-08T01:00:00.000Z
2026-10-07,VTSP,value,trace,0.0,0.0,2026-10-08T01:00:00.000Z
2026-10-07,VTSR,value,heavy,57.2,57.2,2026-10-08T01:00:00.000Z
2026-10-07,VTSS,value,trace,0.0,0.0,2026-10-08T01:00:00.000Z
2026-10-07,VTST,value,moderate,25.0,25.0,2026-10-08T01:00:00.000Z
2026-10-07,VTSY,value,moderate,30.8,30.8,2026-10-08T01:00:00.000Z
2026-10-07,VTUD,value,trace,0.0,0.0,2026-10-08T01:00:00.000Z
2026-10-07,VTUI,value,trace,0.0,0.0,2026-10-08T01:00:00.000Z
2026-10-07,VTUK,value,trace,0.0,0.0,2026-10-08T01:00:00.000Z
2026-10-07,VTUL,value,light,0.1,0.1,2026-10-08T01:00:00.000Z
2026-10-07,VTUO,value,trace,0.0,0.0,2026-10-08T01:00:00.000Z
2026-10-07,VTUQ,value,light,0.2,0.2,2026-10-08T01:00:00.000Z
2026-10-07,VTUU,value,trace,0.0,0.0,2026-10-08T01:00:00.000Z
2026-10-07,VTUV,value,trace,0.0,0.0,2026-10-08T01:00:00.000Z
2026-10-07,VTUW,value,trace,0.0,0.0,2026-10-08T01:00:00.000Z
2026-10-08,VTBD,value,trace,0.0,0.0,2026-10-09T01:00:00.000Z
2026-10-08,VTBO,value,trace,0.0,0.0,2026-10-09T01:00:00.000Z
2026-10-08,VTBS,value,trace,0.0,0.0,2026-10-09T01:00:00.000Z
2026-10-08,VTCC,value,trace,0.0,0.0,2026-10-09T01:00:00.000Z
2026-10-08,VTCH,value,trace,0.0,0.0,2026-10-09T01:00:00.000Z
2026-10-08,VTCL,value,trace,0.0,0.0,2026-10-09T01:00:00.000Z
2026-10-08,VTCN,value,light,0.2,0.2,2026-10-09T01:00:00.000Z
2026-10-08,VTCP,value,trace,0.0,0.0,2026-10-09T01:00:00.000Z
2026-10-08,VTCT,value,trace,0.0,0.0,2026-10-09T01:00:00.000Z
2026-10-08,VTPB,value,trace,0.0,0.0,2026-10-09T01:00:00.000Z
2026-10-08,VTPH,value,trace,0.0,0.0,2026-10-09T01:00:00.000Z
2026-10-08,VTPM,value,trace,0.0,0.0,2026-10-09T01:00:00.000Z
2026-10-08,VTPO,value,light,0.1,0.1,2026-10-09T01:00:00.000Z
2026-10-08,VTPP,value,trace,0.0,0.0,2026-10-09T01:00:00.000Z
2026-10-08,VTSB,value,moderate,10.4,10.4,2026-10-09T01:00:00.000Z
2026-10-08,VTSC,value,trace,0.0,0.0,2026-10-09T01:00:00.000Z
2026-10-08,VTSE,value,trace,0.0,0.0,2026-10-09T01:00:00.000Z
2026-10-08,VTSF,value,light,1.2,1.2,2026-10-09T01:00:00.000Z
2026-10-08,VTSG,value,light,0.6,0.6,2026-10-09T01:00:00.000Z
2026-10-08,VTSM,value,heavy,83.3,83.3,2026-10-09T01:00:00.000Z
2026-10-08,VTSP,value,trace,0.0,0.0,2026-10-09T01:00:00.000Z
2026-10-08,VTSR,value,trace,0.0,0.0,2026-10-09T01:00:00.000Z
2026-10-08,VTSS,value,trace,0.0,0.0,2026-10-09T01:00:00.000Z
2026-10-08,VTST,value,light,0.1,0.1,2026-10-09T01:00:00.000Z
2026-10-08,VTSY,value,light,1.2,1.2,2026-10-09T01:00:00.000Z
2026-10-08,VTUD,value,trace,0.0,0.0,2026-10-09T01:00:00.000Z
2026-10-08,VTUI,missing,missing,,ไม่ได้ส่งข้อมูล,2026-10-09T01:00:00.000Z
2026-10-08,VTUK,value,trace,0.0,0.0,2026-10-09T01:00:00.000Z
2026-10-08,VTUL,value,trace,0.0,0.0,2026-10-09T01:00:00.000Z
2026-10-08,VTUO,value,trace,0.0,0.0,2026-10-09T01:00:00.000Z
2026-10-08,VTUQ,value,trace,0.0,0.0,2026-10-09T01:00:00.000Z
2026-10-08,VTUU,value,trace,0.0,0.0,2026-10-09T01:00:00.000Z
2026-10-08,VTUV,value,trace,0.0,0.0,2026-10-09T01:00:00.000Z
2026-10-08,VTUW,value,trace,0.0,0.0,2026-10-09T01:00:00.000Z
