icao,region,date,wrfda12_mm,wrfda18_mm,ifs12_mm,obs24_mm,synop_wmo,synop_dist_km,synop_is_near,awos_mm
VTBD,central,2026-09-30,0.0,0.0,1.6,1.6,48456,0.7,True,
VTBO,central,2026-09-30,0.0,0.4,5.8,12.6,48481,30.8,False,0.0
VTBS,central,2026-09-30,3.3,0.1,0.8,0.0,48429,2.2,True,0.0
VTCC,north,2026-09-30,0.9,0.0,1.7,0.0,48327,0.7,True,0.05
VTCH,north,2026-09-30,1.7,1.1,5.2,1.8,48300,0.2,True,2.4
VTCL,north,2026-09-30,0.0,0.0,2.3,0.0,48328,0.9,True,0.0
VTCN,north,2026-09-30,0.0,2.3,1.8,0.0,48331,5.0,True,0.0
VTCP,north,2026-09-30,0.0,0.0,0.6,0.0,48330,0.5,True,
VTCT,north,2026-09-30,0.0,0.0,1.9,0.0,48303,1.1,True,2.2
VTPB,north,2026-09-30,35.6,6.3,5.6,0.0,48374,12.1,True,0.0
VTPH,southeast,2026-09-30,0.1,11.6,2.0,0.0,48475,6.5,True,
VTPM,north,2026-09-30,1.5,0.0,0.3,0.0,48375,0.5,True,0.0
VTPO,north,2026-09-30,0.0,0.0,0.6,0.0,48373,9.7,True,0.0
VTPP,north,2026-09-30,0.0,0.0,5.0,0.0,48378,1.5,True,0.0
VTSB,southeast,2026-09-30,19.1,50.8,11.9,6.6,48551,1.8,True,
VTSC,southeast,2026-09-30,13.7,0.0,4.4,0.0,48583,13.8,True,0.2
VTSE,southeast,2026-09-30,0.4,0.4,12.8,0.0,48517,30.3,False,
VTSF,southeast,2026-09-30,0.1,0.5,8.9,2.2,48552,0.5,True,2.2
VTSG,southwest,2026-09-30,0.1,0.1,14.4,2.4,48563,0.9,True,2.2
VTSM,southeast,2026-09-30,16.2,38.3,7.7,2.0,48550,11.3,True,
VTSP,southwest,2026-09-30,0.1,0.1,9.7,1.2,48565,1.3,True,
VTSR,southwest,2026-09-30,3.8,0.9,5.9,0.4,48532,20.2,False,
VTSS,southeast,2026-09-30,5.3,4.4,19.0,0.0,48569,0.6,True,0.0
VTST,southwest,2026-09-30,1.1,0.4,15.0,22.6,48567,0.8,True,24.1
VTSY,southeast,2026-09-30,55.2,83.0,30.6,1.3,48581,82.2,False,3.8
VTUD,ne_upper,2026-09-30,0.0,0.0,2.4,0.0,48354,2.5,True,
VTUI,ne_upper,2026-09-30,0.0,0.0,0.4,0.0,48356,4.9,True,
VTUK,ne_upper,2026-09-30,0.0,0.0,2.0,0.0,48381,0.9,True,0.0
VTUL,ne_upper,2026-09-30,5.1,0.0,3.1,0.0,48353,1.8,True,
VTUO,ne_lower,2026-09-30,0.0,0.2,1.9,0.0,48437,0.7,True,0.05
VTUQ,ne_lower,2026-09-30,0.1,8.3,4.5,7.6,48431,24.5,False,0.4
VTUU,ne_lower,2026-09-30,0.0,3.5,12.8,0.0,48407,0.9,True,0.0
VTUV,ne_lower,2026-09-30,0.0,0.0,4.1,31.8,48405,13.8,True,0.0
VTUW,ne_upper,2026-09-30,0.0,0.0,1.8,0.0,48357,15.1,False,0.0
VTBD,central,2026-10-01,9.3,0.6,1.5,0.0,48456,0.7,True,
VTBO,central,2026-10-01,0.6,1.0,2.2,0.0,48481,30.8,False,0.0
VTBS,central,2026-10-01,5.0,6.3,14.1,0.0,48429,2.2,True,
VTCC,north,2026-10-01,0.0,0.0,0.7,0.0,48327,0.7,True,0.0
VTCH,north,2026-10-01,0.7,0.0,0.2,0.0,48300,0.2,True,0.0
VTCL,north,2026-10-01,0.0,0.0,0.1,0.0,48328,0.9,True,
VTCN,north,2026-10-01,0.1,0.0,0.3,0.0,48331,5.0,True,0.0
VTCP,north,2026-10-01,0.0,0.0,0.1,0.0,48330,0.5,True,
VTCT,north,2026-10-01,0.1,0.0,0.4,0.0,48303,1.1,True,0.0
VTPB,north,2026-10-01,0.0,0.1,0.3,0.0,48374,12.1,True,
VTPH,southeast,2026-10-01,0.0,0.0,0.0,0.0,48475,6.5,True,
VTPM,north,2026-10-01,0.0,0.1,0.4,0.0,48375,0.5,True,0.05
VTPO,north,2026-10-01,0.0,0.0,0.6,0.0,48373,9.7,True,0.0
VTPP,north,2026-10-01,0.0,0.0,0.5,0.0,48378,1.5,True,
VTSB,southeast,2026-10-01,0.1,8.1,1.8,0.0,48551,1.8,True,
VTSC,southeast,2026-10-01,0.0,0.0,0.4,2.2,48583,13.8,True,
VTSE,southeast,2026-10-01,0.0,0.0,3.2,0.0,48517,30.3,False,0.0
VTSF,southeast,2026-10-01,0.0,0.0,1.6,0.0,48552,0.5,True,0.0
VTSG,southwest,2026-10-01,0.1,6.1,5.9,9.8,48563,0.9,True,8.8
VTSM,southeast,2026-10-01,0.0,0.7,3.4,0.0,48550,11.3,True,0.0
VTSP,southwest,2026-10-01,4.0,1.1,12.1,18.8,48565,1.3,True,
VTSR,southwest,2026-10-01,2.7,4.6,6.1,0.8,48532,20.2,False,2.6
VTSS,southeast,2026-10-01,1.0,0.2,8.3,0.0,48569,0.6,True,0.0
VTST,southwest,2026-10-01,9.0,0.8,6.6,0.2,48567,0.8,True,
VTSY,southeast,2026-10-01,34.8,8.2,8.0,0.2,48581,82.2,False,24.6
VTUD,ne_upper,2026-10-01,0.0,0.1,5.5,0.0,48354,2.5,True,
VTUI,ne_upper,2026-10-01,1.3,0.0,4.5,0.0,48356,4.9,True,
VTUK,ne_upper,2026-10-01,0.0,0.0,6.9,0.0,48381,0.9,True,0.0
VTUL,ne_upper,2026-10-01,0.0,0.0,0.5,0.0,48353,1.8,True,0.0
VTUO,ne_lower,2026-10-01,0.1,0.0,4.2,0.0,48437,0.7,True,0.0
VTUQ,ne_lower,2026-10-01,1.0,0.0,2.1,0.0,48431,24.5,False,
VTUU,ne_lower,2026-10-01,3.6,0.0,8.3,2.4,48407,0.9,True,2.4
VTUV,ne_lower,2026-10-01,0.1,0.0,1.6,0.0,48405,13.8,True,0.0
VTUW,ne_upper,2026-10-01,0.0,0.0,4.5,0.0,48357,15.1,False,0.05
VTBD,central,2026-10-02,0.0,0.5,3.2,0.0,48456,0.7,True,
VTBO,central,2026-10-02,0.2,0.4,4.8,2.2,48481,30.8,False,
VTBS,central,2026-10-02,0.0,0.0,4.6,0.0,48429,2.2,True,
VTCC,north,2026-10-02,0.0,0.0,0.7,0.0,48327,0.7,True,
VTCH,north,2026-10-02,0.0,0.0,0.3,0.0,48300,0.2,True,
VTCL,north,2026-10-02,0.0,0.0,0.1,0.0,48328,0.9,True,
VTCN,north,2026-10-02,0.0,0.0,1.0,0.0,48331,5.0,True,
VTCP,north,2026-10-02,0.0,0.0,0.3,0.0,48330,0.5,True,
VTCT,north,2026-10-02,0.0,0.0,0.0,0.0,48303,1.1,True,
VTPB,north,2026-10-02,0.0,0.0,3.7,6.0,48374,12.1,True,
VTPH,southeast,2026-10-02,0.0,0.0,2.2,0.0,48475,6.5,True,
VTPM,north,2026-10-02,0.0,0.0,1.5,0.0,48375,0.5,True,
VTPO,north,2026-10-02,0.0,0.0,0.9,0.0,48373,9.7,True,
VTPP,north,2026-10-02,0.1,0.0,3.0,0.0,48378,1.5,True,
VTSB,southeast,2026-10-02,0.2,10.4,1.9,0.0,48551,1.8,True,
VTSC,southeast,2026-10-02,0.0,0.0,3.1,0.0,48583,13.8,True,
VTSE,southeast,2026-10-02,0.0,0.0,5.7,0.0,48517,30.3,False,
VTSF,southeast,2026-10-02,0.0,0.1,4.0,0.0,48552,0.5,True,
VTSG,southwest,2026-10-02,1.4,4.6,6.6,7.6,48563,0.9,True,
VTSM,southeast,2026-10-02,2.1,14.3,5.7,0.0,48550,11.3,True,
VTSP,southwest,2026-10-02,0.3,0.3,12.3,2.8,48565,1.3,True,
VTSR,southwest,2026-10-02,0.2,56.5,5.3,1.8,48532,20.2,False,
VTSS,southeast,2026-10-02,2.1,0.2,17.7,0.4,48569,0.6,True,
VTST,southwest,2026-10-02,18.5,12.3,12.8,43.0,48567,0.8,True,
VTSY,southeast,2026-10-02,0.5,16.8,14.9,0.1,48581,82.2,False,
VTUD,ne_upper,2026-10-02,2.4,0.0,9.0,0.0,48354,2.5,True,
VTUI,ne_upper,2026-10-02,0.0,0.1,0.7,0.0,48356,4.9,True,
VTUK,ne_upper,2026-10-02,0.2,8.7,9.2,0.0,48381,0.9,True,
VTUL,ne_upper,2026-10-02,0.0,0.0,4.1,0.0,48353,1.8,True,
VTUO,ne_lower,2026-10-02,0.5,0.0,5.1,0.0,48437,0.7,True,
VTUQ,ne_lower,2026-10-02,1.7,0.0,4.9,6.2,48431,24.5,False,
VTUU,ne_lower,2026-10-02,0.4,1.2,4.0,0.0,48407,0.9,True,
VTUV,ne_lower,2026-10-02,0.0,0.0,2.9,0.0,48405,13.8,True,
VTUW,ne_upper,2026-10-02,0.0,0.0,2.0,0.0,48357,15.1,False,
VTBD,central,2026-10-03,0.0,1.8,9.1,0.6,48456,0.7,True,
VTBO,central,2026-10-03,6.2,0.0,5.1,12.0,48481,30.8,False,
VTBS,central,2026-10-03,0.1,0.4,4.1,1.4,48429,2.2,True,
VTCC,north,2026-10-03,0.0,1.1,1.4,0.0,48327,0.7,True,
VTCH,north,2026-10-03,0.0,0.0,1.2,0.0,48300,0.2,True,
VTCL,north,2026-10-03,0.0,0.0,4.1,0.0,48328,0.9,True,
VTCN,north,2026-10-03,0.0,2.0,2.3,4.4,48331,5.0,True,
VTCP,north,2026-10-03,0.0,0.1,1.4,0.0,48330,0.5,True,
VTCT,north,2026-10-03,0.5,0.5,3.5,4.6,48303,1.1,True,
VTPB,north,2026-10-03,0.9,0.1,6.3,0.0,48374,12.1,True,
VTPH,southeast,2026-10-03,0.1,7.4,4.5,0.0,48475,6.5,True,
VTPM,north,2026-10-03,0.0,0.0,2.7,0.0,48375,0.5,True,
VTPO,north,2026-10-03,0.0,0.0,1.8,0.0,48373,9.7,True,
VTPP,north,2026-10-03,0.0,0.5,3.1,0.0,48378,1.5,True,
VTSB,southeast,2026-10-03,3.1,3.2,17.4,28.4,48551,1.8,True,
VTSC,southeast,2026-10-03,23.3,0.5,3.5,0.4,48583,13.8,True,
VTSE,southeast,2026-10-03,7.0,0.1,9.8,7.2,48517,30.3,False,
VTSF,southeast,2026-10-03,2.4,1.3,2.1,0.0,48552,0.5,True,
VTSG,southwest,2026-10-03,52.2,1.1,11.6,0.0,48563,0.9,True,
VTSM,southeast,2026-10-03,0.3,0.6,9.1,0.4,48550,11.3,True,
VTSP,southwest,2026-10-03,0.2,6.0,12.1,24.8,48565,1.3,True,
VTSR,southwest,2026-10-03,0.4,11.4,8.4,0.2,48532,20.2,False,
VTSS,southeast,2026-10-03,0.1,51.2,9.9,0.6,48569,0.6,True,
VTST,southwest,2026-10-03,19.6,8.3,21.6,2.0,48567,0.8,True,
VTSY,southeast,2026-10-03,1.1,0.5,7.0,6.3,48581,82.2,False,
VTUD,ne_upper,2026-10-03,0.0,0.2,4.2,0.0,48354,2.5,True,
VTUI,ne_upper,2026-10-03,0.1,11.1,5.5,0.0,48356,4.9,True,
VTUK,ne_upper,2026-10-03,0.7,0.0,3.3,8.0,48381,0.9,True,
VTUL,ne_upper,2026-10-03,0.0,15.5,2.7,0.0,48353,1.8,True,
VTUO,ne_lower,2026-10-03,0.1,1.0,5.0,0.0,48437,0.7,True,
VTUQ,ne_lower,2026-10-03,0.5,5.4,5.5,0.0,48431,24.5,False,
VTUU,ne_lower,2026-10-03,11.7,1.1,1.8,0.0,48407,0.9,True,
VTUV,ne_lower,2026-10-03,0.4,0.0,1.7,0.0,48405,13.8,True,
VTUW,ne_upper,2026-10-03,0.4,7.2,8.3,0.0,48357,15.1,False,
VTBD,central,2026-10-04,0.0,1.7,1.2,16.2,48456,0.7,True,
VTBO,central,2026-10-04,0.0,0.7,1.5,8.8,48481,30.8,False,
VTBS,central,2026-10-04,1.0,17.6,1.3,0.0,48429,2.2,True,
VTCC,north,2026-10-04,0.0,0.0,4.6,1.2,48327,0.7,True,
VTCH,north,2026-10-04,0.5,0.5,1.4,,48300,0.2,True,
VTCL,north,2026-10-04,0.0,0.0,6.0,1.0,48328,0.9,True,
VTCN,north,2026-10-04,0.3,1.2,5.5,0.4,48331,5.0,True,
VTCP,north,2026-10-04,0.0,0.0,3.4,9.9,48330,0.5,True,
VTCT,north,2026-10-04,0.0,0.0,20.8,0.0,48303,1.1,True,
VTPB,north,2026-10-04,0.0,0.0,7.3,0.0,48374,12.1,True,
VTPH,southeast,2026-10-04,0.1,0.0,0.5,0.0,48475,6.5,True,
VTPM,north,2026-10-04,0.0,0.4,3.4,0.0,48375,0.5,True,
VTPO,north,2026-10-04,0.0,0.0,9.8,8.4,48373,9.7,True,
VTPP,north,2026-10-04,0.2,0.0,11.0,0.0,48378,1.5,True,
VTSB,southeast,2026-10-04,7.8,25.8,7.2,1.2,48551,1.8,True,
VTSC,southeast,2026-10-04,23.0,28.9,3.8,0.8,48583,13.8,True,
VTSE,southeast,2026-10-04,43.9,10.8,4.5,2.8,48517,30.3,False,
VTSF,southeast,2026-10-04,4.5,13.1,4.7,3.5,48552,0.5,True,
VTSG,southwest,2026-10-04,0.4,0.0,2.4,2.4,48563,0.9,True,
VTSM,southeast,2026-10-04,0.0,0.0,3.3,0.0,48550,11.3,True,
VTSP,southwest,2026-10-04,0.5,0.1,5.1,1.6,48565,1.3,True,
VTSR,southwest,2026-10-04,0.3,2.3,1.9,0.0,48532,20.2,False,
VTSS,southeast,2026-10-04,5.8,0.0,5.2,0.0,48569,0.6,True,
VTST,southwest,2026-10-04,2.8,1.7,3.9,1.4,48567,0.8,True,
VTSY,southeast,2026-10-04,4.2,0.2,5.5,0.0,48581,82.2,False,
VTUD,ne_upper,2026-10-04,0.2,2.8,6.7,19.0,48354,2.5,True,
VTUI,ne_upper,2026-10-04,0.0,10.3,6.7,16.2,48356,4.9,True,
VTUK,ne_upper,2026-10-04,7.3,0.0,10.0,0.0,48381,0.9,True,
VTUL,ne_upper,2026-10-04,3.7,0.0,3.3,26.6,48353,1.8,True,
VTUO,ne_lower,2026-10-04,9.8,1.9,13.8,55.2,48437,0.7,True,
VTUQ,ne_lower,2026-10-04,0.1,1.8,5.8,1.0,48431,24.5,False,
VTUU,ne_lower,2026-10-04,16.0,1.7,3.9,5.5,48407,0.9,True,
VTUV,ne_lower,2026-10-04,0.0,1.2,15.1,8.2,48405,13.8,True,
VTUW,ne_upper,2026-10-04,1.4,0.1,4.9,14.8,48357,15.1,False,
VTBD,central,2026-10-05,0.7,14.0,21.8,53.6,48456,0.7,True,
VTBO,central,2026-10-05,3.6,10.9,5.0,31.6,48481,30.8,False,
VTBS,central,2026-10-05,42.1,0.3,13.3,15.8,48429,2.2,True,
VTCC,north,2026-10-05,31.6,2.6,22.6,13.8,48327,0.7,True,
VTCH,north,2026-10-05,45.6,0.1,5.6,10.6,48300,0.2,True,
VTCL,north,2026-10-05,0.6,0.7,23.1,2.5,48328,0.9,True,
VTCN,north,2026-10-05,0.0,27.8,6.7,0.8,48331,5.0,True,
VTCP,north,2026-10-05,0.5,12.1,8.9,29.9,48330,0.5,True,
VTCT,north,2026-10-05,0.9,4.7,18.2,0.0,48303,1.1,True,
VTPB,north,2026-10-05,4.4,0.4,10.0,0.0,48374,12.1,True,
VTPH,southeast,2026-10-05,12.6,0.0,3.8,0.0,48475,6.5,True,
VTPM,north,2026-10-05,1.1,1.6,2.0,31.6,48375,0.5,True,
VTPO,north,2026-10-05,0.2,10.1,14.0,2.4,48373,9.7,True,
VTPP,north,2026-10-05,2.0,28.7,17.3,0.0,48378,1.5,True,
VTSB,southeast,2026-10-05,0.4,12.1,8.9,7.0,48551,1.8,True,
VTSC,southeast,2026-10-05,64.9,53.2,7.4,44.6,48583,13.8,True,
VTSE,southeast,2026-10-05,20.3,1.1,3.5,4.8,48517,30.3,False,
VTSF,southeast,2026-10-05,16.3,1.4,2.5,19.9,48552,0.5,True,
VTSG,southwest,2026-10-05,0.0,0.0,9.1,16.0,48563,0.9,True,
VTSM,southeast,2026-10-05,0.3,11.4,8.3,0.0,48550,11.3,True,
VTSP,southwest,2026-10-05,0.0,0.0,7.6,0.0,48565,1.3,True,
VTSR,southwest,2026-10-05,1.8,1.9,2.2,0.0,48532,20.2,False,
VTSS,southeast,2026-10-05,106.5,5.3,4.1,0.6,48569,0.6,True,
VTST,southwest,2026-10-05,0.2,7.6,6.6,0.0,48567,0.8,True,
VTSY,southeast,2026-10-05,0.1,0.2,8.3,43.9,48581,82.2,False,
VTUD,ne_upper,2026-10-05,1.2,0.5,14.8,0.0,48354,2.5,True,
VTUI,ne_upper,2026-10-05,10.8,0.1,4.6,18.6,48356,4.9,True,
VTUK,ne_upper,2026-10-05,40.6,4.4,23.3,0.0,48381,0.9,True,
VTUL,ne_upper,2026-10-05,4.0,21.8,10.9,1.8,48353,1.8,True,
VTUO,ne_lower,2026-10-05,71.6,0.0,13.3,0.0,48437,0.7,True,
VTUQ,ne_lower,2026-10-05,24.2,6.8,15.8,0.8,48431,24.5,False,
VTUU,ne_lower,2026-10-05,0.9,2.4,7.3,0.0,48407,0.9,True,
VTUV,ne_lower,2026-10-05,13.0,0.2,10.4,0.6,48405,13.8,True,
VTUW,ne_upper,2026-10-05,3.2,0.0,7.3,7.0,48357,15.1,False,
