date,icao,region,obs24_mm,raw,bias_region,quantile_map,random_forest,xgboost
2026-08-02,VTBD,central,0.0,3.19,6.1,5.79,4.92,7.19
2026-08-02,VTBS,central,0.0,13.94,26.65,21.6,1.98,3.0
2026-08-02,VTCC,north,8.6,0.01,0.01,0.0,1.89,1.38
2026-08-02,VTCH,north,18.3,7.17,13.09,12.44,6.21,8.97
2026-08-02,VTCL,north,2.2,0.04,0.07,0.0,1.81,1.42
2026-08-02,VTCN,north,10.0,0.11,0.2,0.0,1.67,2.42
2026-08-02,VTCP,north,0.4,0.0,0.01,0.0,1.77,1.6
2026-08-02,VTCT,north,90.3,3.07,5.61,5.58,6.81,15.35
2026-08-02,VTPB,north,13.3,0.29,0.53,0.2,4.09,8.13
2026-08-02,VTPH,southeast,0.0,3.65,5.23,6.79,5.19,9.11
2026-08-02,VTPM,north,0.0,2.7,4.93,4.92,9.31,10.3
2026-08-02,VTPO,north,0.0,0.12,0.22,0.0,1.74,1.87
2026-08-02,VTPP,north,10.4,0.3,0.54,0.2,1.83,2.23
2026-08-02,VTSB,southeast,0.6,0.0,0.0,0.0,2.98,3.29
2026-08-02,VTSC,southeast,0.0,0.01,0.02,0.0,2.54,3.66
2026-08-02,VTSF,southeast,0.0,0.65,0.93,0.81,3.16,8.42
2026-08-02,VTSG,southwest,0.0,0.43,0.51,0.4,6.1,8.35
2026-08-02,VTSM,southeast,0.0,1.7,2.44,3.45,2.54,4.84
2026-08-02,VTSP,southwest,0.0,0.04,0.04,0.0,5.15,12.81
2026-08-02,VTSS,southeast,0.2,0.09,0.13,0.0,3.83,6.45
2026-08-02,VTST,southwest,0.0,5.9,6.96,10.59,4.92,5.57
2026-08-02,VTUD,ne_upper,0.2,0.21,0.34,0.0,5.67,8.65
2026-08-02,VTUI,ne_upper,0.8,0.09,0.14,0.0,3.08,6.25
2026-08-02,VTUK,ne_upper,0.0,0.01,0.02,0.0,1.71,3.49
2026-08-02,VTUL,ne_upper,21.2,2.05,3.26,3.85,3.31,7.2
2026-08-02,VTUO,ne_lower,0.2,0.01,0.02,0.0,2.04,3.49
2026-08-02,VTUU,ne_lower,4.7,1.98,3.43,3.78,8.79,27.0
2026-08-02,VTUV,ne_lower,6.6,0.04,0.06,0.0,4.06,7.8
2026-08-03,VTBD,central,0.0,0.09,0.2,0.0,1.59,1.17
2026-08-03,VTBS,central,0.4,0.12,0.26,0.0,2.04,1.36
2026-08-03,VTCC,north,0.0,0.0,0.0,0.0,0.94,0.69
2026-08-03,VTCH,north,28.9,2.82,5.65,4.55,4.04,4.94
2026-08-03,VTCL,north,0.6,0.0,0.01,0.0,1.1,1.13
2026-08-03,VTCN,north,8.0,0.28,0.56,0.0,2.43,2.93
2026-08-03,VTCP,north,0.0,2.19,4.39,3.81,2.25,1.78
2026-08-03,VTCT,north,6.9,16.92,33.83,27.0,10.25,16.89
2026-08-03,VTPB,north,12.3,13.07,26.13,21.39,3.79,3.09
2026-08-03,VTPH,southeast,210.0,0.01,0.01,0.0,1.3,0.54
2026-08-03,VTPM,north,9.9,3.57,7.15,6.23,10.56,12.79
2026-08-03,VTPO,north,0.0,0.01,0.02,0.0,1.6,1.61
2026-08-03,VTPP,north,0.0,0.0,0.0,0.0,0.96,0.87
2026-08-03,VTSB,southeast,2.0,6.91,10.08,11.38,0.61,0.44
2026-08-03,VTSC,southeast,7.4,0.1,0.15,0.0,1.72,1.87
2026-08-03,VTSF,southeast,14.3,13.32,19.42,21.72,1.48,1.09
2026-08-03,VTSG,southwest,7.8,11.4,13.84,20.43,6.36,3.64
2026-08-03,VTSM,southeast,35.6,0.34,0.5,0.2,1.59,0.98
2026-08-03,VTSP,southwest,32.4,29.29,35.55,43.68,1.82,4.34
2026-08-03,VTSS,southeast,19.6,1.35,1.97,2.22,1.2,1.07
2026-08-03,VTST,southwest,33.4,40.24,48.83,78.33,13.23,16.6
2026-08-03,VTUD,ne_upper,57.6,1.54,2.68,2.44,1.74,1.87
2026-08-03,VTUI,ne_upper,25.4,0.75,1.29,0.86,2.59,1.37
2026-08-03,VTUK,ne_upper,0.2,0.59,1.03,0.52,2.34,1.48
2026-08-03,VTUL,ne_upper,0.0,0.02,0.03,0.0,0.96,0.84
2026-08-03,VTUO,ne_lower,19.8,0.06,0.11,0.0,1.45,0.94
2026-08-03,VTUU,ne_lower,25.0,1.15,2.09,1.83,1.31,1.32
2026-08-03,VTUV,ne_lower,36.4,0.19,0.34,0.0,1.45,0.97
2026-08-04,VTBD,central,4.4,0.12,0.26,0.0,2.1,2.57
2026-08-04,VTBS,central,0.2,0.0,0.0,0.0,0.99,0.53
2026-08-04,VTCC,north,0.0,0.37,0.74,0.2,0.99,0.62
2026-08-04,VTCL,north,6.0,0.0,0.0,0.0,1.1,1.02
2026-08-04,VTCN,north,12.2,1.33,2.66,2.2,3.68,4.46
2026-08-04,VTCP,north,26.2,0.02,0.04,0.0,1.43,1.29
2026-08-04,VTCT,north,46.4,6.29,12.57,10.72,11.71,15.14
2026-08-04,VTPB,north,8.0,3.64,7.27,6.36,2.89,2.84
2026-08-04,VTPH,southeast,0.0,0.0,0.0,0.0,0.99,0.61
2026-08-04,VTPM,north,5.7,0.66,1.31,0.67,2.69,2.7
2026-08-04,VTPO,north,0.0,0.13,0.27,0.0,1.61,1.13
2026-08-04,VTPP,north,0.0,7.54,15.07,13.12,3.94,3.11
2026-08-04,VTSB,southeast,0.4,0.76,1.11,0.91,0.55,0.02
2026-08-04,VTSC,southeast,19.2,1.32,1.93,2.17,1.18,0.84
2026-08-04,VTSF,southeast,5.7,0.0,0.0,0.0,1.08,0.68
2026-08-04,VTSG,southwest,38.2,1.54,1.88,2.44,2.74,2.81
2026-08-04,VTSM,southeast,0.0,0.06,0.08,0.0,1.67,1.42
2026-08-04,VTSP,southwest,6.6,12.5,15.16,21.14,2.65,1.76
2026-08-04,VTSS,southeast,11.6,7.15,10.42,11.56,1.02,1.85
2026-08-04,VTST,southwest,0.8,51.64,62.67,131.69,30.41,51.11
2026-08-04,VTUD,ne_upper,3.4,0.04,0.07,0.0,2.09,2.47
2026-08-04,VTUI,ne_upper,7.6,13.05,22.64,21.38,7.02,6.88
2026-08-04,VTUK,ne_upper,0.0,0.24,0.41,0.0,1.82,1.69
2026-08-04,VTUL,ne_upper,0.0,0.04,0.08,0.0,1.74,1.59
2026-08-04,VTUO,ne_lower,0.0,6.12,11.15,10.52,3.26,1.88
2026-08-04,VTUU,ne_lower,0.8,2.8,5.1,4.51,12.86,12.42
2026-08-04,VTUV,ne_lower,1.0,14.54,26.52,23.32,4.12,2.21
2026-08-05,VTBD,central,4.0,0.0,0.0,0.0,1.28,1.18
2026-08-05,VTBS,central,1.4,0.08,0.18,0.0,1.15,0.98
2026-08-05,VTCC,north,0.2,1.08,2.16,1.66,2.34,2.68
2026-08-05,VTCH,north,0.0,14.82,29.63,23.67,6.65,4.99
2026-08-05,VTCL,north,6.6,0.05,0.1,0.0,1.9,1.45
2026-08-05,VTCN,north,12.4,0.2,0.41,0.0,2.34,2.55
2026-08-05,VTCP,north,5.2,1.92,3.83,3.33,2.06,3.28
2026-08-05,VTCT,north,9.1,2.65,5.31,4.29,3.34,5.93
2026-08-05,VTPB,north,8.7,5.12,10.25,9.0,1.76,1.45
2026-08-05,VTPH,southeast,1.8,0.25,0.36,0.0,1.47,1.2
2026-08-05,VTPM,north,4.2,4.41,8.82,7.78,4.96,6.35
2026-08-05,VTPO,north,0.0,2.29,4.58,3.92,2.15,2.52
2026-08-05,VTSB,southeast,6.6,4.75,6.92,8.4,1.99,1.43
2026-08-05,VTSC,southeast,12.0,0.62,0.91,0.59,2.91,1.11
2026-08-05,VTSF,southeast,0.0,0.0,0.0,0.0,1.49,0.84
2026-08-05,VTSG,southwest,3.0,5.58,6.78,9.62,3.12,1.6
2026-08-05,VTSM,southeast,2.8,2.37,3.46,4.01,0.93,1.52
2026-08-05,VTSP,southwest,0.8,4.97,6.03,8.76,3.69,3.12
2026-08-05,VTSS,southeast,0.0,28.24,41.17,42.4,1.85,1.69
2026-08-05,VTST,southwest,0.0,25.53,30.98,39.15,3.83,4.42
2026-08-05,VTUD,ne_upper,15.4,0.2,0.35,0.0,1.12,0.62
2026-08-05,VTUI,ne_upper,61.4,0.42,0.73,0.28,1.05,0.26
2026-08-05,VTUK,ne_upper,2.4,0.02,0.04,0.0,1.19,0.82
2026-08-05,VTUL,ne_upper,1.6,0.16,0.28,0.0,1.38,1.59
2026-08-05,VTUO,ne_lower,0.2,14.45,26.35,23.21,6.93,4.58
2026-08-05,VTUU,ne_lower,4.8,0.42,0.77,0.28,3.76,2.19
2026-08-05,VTUV,ne_lower,12.0,0.38,0.69,0.2,1.38,0.25
2026-08-06,VTBD,central,1.4,1.04,2.29,1.54,2.31,2.22
2026-08-06,VTBS,central,0.0,1.36,3.01,2.23,1.11,0.54
2026-08-06,VTCC,north,0.0,0.83,1.67,1.02,1.09,0.74
2026-08-06,VTCH,north,0.0,3.85,7.69,6.6,9.09,16.59
2026-08-06,VTCL,north,0.0,6.57,13.14,11.07,9.67,9.12
2026-08-06,VTCN,north,56.4,0.31,0.62,0.2,2.43,2.75
2026-08-06,VTCP,north,3.2,15.7,31.4,25.11,2.74,6.17
2026-08-06,VTCT,north,32.2,37.86,75.69,67.5,31.08,75.16
2026-08-06,VTPB,north,1.2,1.57,3.13,2.48,4.28,2.66
2026-08-06,VTPH,southeast,1.8,0.34,0.49,0.2,0.86,0.64
2026-08-06,VTPM,north,4.0,4.51,9.02,8.01,9.2,9.0
2026-08-06,VTPO,north,1.8,22.63,45.25,35.77,5.32,5.52
2026-08-06,VTPP,north,0.0,0.19,0.37,0.0,2.65,3.16
2026-08-06,VTSB,southeast,0.0,2.62,3.82,4.25,1.79,0.64
2026-08-06,VTSC,southeast,0.0,13.02,18.98,21.37,3.68,4.23
2026-08-06,VTSF,southeast,0.0,0.0,0.0,0.0,0.72,0.46
2026-08-06,VTSG,southwest,3.2,2.08,2.52,3.68,1.36,1.09
2026-08-06,VTSM,southeast,0.0,14.04,20.48,22.68,0.91,0.55
2026-08-06,VTSP,southwest,0.4,0.0,0.0,0.0,0.97,0.69
2026-08-06,VTSS,southeast,0.0,0.05,0.07,0.0,1.38,1.79
2026-08-06,VTST,southwest,3.6,1.06,1.29,1.6,2.19,1.4
2026-08-06,VTUD,ne_upper,0.2,0.03,0.05,0.0,1.2,1.01
2026-08-06,VTUI,ne_upper,3.6,0.69,1.2,0.74,1.04,0.6
2026-08-06,VTUK,ne_upper,6.0,0.03,0.05,0.0,1.28,0.82
2026-08-06,VTUL,ne_upper,0.0,0.13,0.23,0.0,1.66,1.4
2026-08-06,VTUO,ne_lower,8.1,4.72,8.6,8.35,10.38,7.08
2026-08-06,VTUU,ne_lower,19.9,3.58,6.53,6.27,3.73,2.39
2026-08-06,VTUV,ne_lower,0.8,3.58,6.54,6.27,1.49,1.79
2026-08-07,VTBD,central,2.2,34.26,75.65,51.16,12.79,11.02
2026-08-07,VTBS,central,28.4,0.27,0.59,0.0,2.61,1.76
2026-08-07,VTCC,north,7.4,0.53,1.05,0.4,2.15,3.23
2026-08-07,VTCH,north,34.1,10.05,20.09,18.7,6.89,10.76
2026-08-07,VTCL,north,22.0,2.19,4.37,3.8,6.18,5.37
2026-08-07,VTCN,north,25.2,11.47,22.94,20.52,6.98,10.52
2026-08-07,VTCP,north,0.7,1.07,2.13,1.62,1.82,1.61
2026-08-07,VTCT,north,14.3,18.15,36.29,27.67,11.99,11.34
2026-08-07,VTPB,north,12.3,2.58,5.16,4.19,1.69,1.51
2026-08-07,VTPH,southeast,0.0,1.17,1.7,1.86,1.08,0.76
2026-08-07,VTPM,north,5.0,4.29,8.58,7.49,6.71,8.65
2026-08-07,VTPO,north,1.8,1.49,2.98,2.36,3.96,4.82
2026-08-07,VTPP,north,32.6,3.23,6.45,5.23,1.69,1.48
2026-08-07,VTSB,southeast,0.0,2.12,3.09,3.72,2.26,1.0
2026-08-07,VTSC,southeast,5.4,19.33,28.19,28.57,4.76,3.22
2026-08-07,VTSF,southeast,0.0,0.0,0.0,0.0,0.7,0.36
2026-08-07,VTSG,southwest,2.8,0.02,0.03,0.0,1.54,1.24
2026-08-07,VTSM,southeast,0.0,0.17,0.25,0.0,1.37,1.29
2026-08-07,VTSP,southwest,5.4,0.18,0.22,0.0,1.88,1.24
2026-08-07,VTSS,southeast,0.6,17.57,25.62,27.35,1.59,1.35
2026-08-07,VTST,southwest,0.0,2.81,3.42,4.53,0.8,0.03
2026-08-07,VTUD,ne_upper,25.8,0.32,0.55,0.2,1.79,1.67
2026-08-07,VTUI,ne_upper,3.4,0.74,1.29,0.84,1.13,0.37
2026-08-07,VTUK,ne_upper,1.4,0.02,0.03,0.0,0.72,0.37
2026-08-07,VTUL,ne_upper,7.4,0.21,0.36,0.0,1.24,1.32
2026-08-07,VTUO,ne_lower,0.2,3.45,6.3,5.83,1.46,1.23
2026-08-07,VTUU,ne_lower,4.5,3.6,6.56,6.31,1.09,1.41
2026-08-07,VTUV,ne_lower,2.7,0.48,0.88,0.4,0.97,0.19
2026-08-08,VTBD,central,3.8,0.12,0.27,0.0,2.42,2.29
2026-08-08,VTBS,central,0.4,4.49,9.9,7.95,1.1,1.37
2026-08-08,VTCC,north,33.8,0.06,0.11,0.0,1.58,0.92
2026-08-08,VTCH,north,20.1,1.55,3.1,2.45,2.67,6.07
2026-08-08,VTCL,north,4.8,0.28,0.56,0.02,2.2,2.51
2026-08-08,VTCN,north,24.6,5.38,10.76,9.36,1.91,2.34
2026-08-08,VTCP,north,0.5,0.84,1.68,1.03,3.32,3.5
2026-08-08,VTCT,north,10.5,2.57,5.15,4.19,2.69,5.56
2026-08-08,VTPB,north,1.0,0.13,0.26,0.0,1.63,1.16
2026-08-08,VTPH,southeast,14.4,1.56,2.27,2.46,1.08,0.98
2026-08-08,VTPM,north,8.3,3.25,6.51,5.29,5.43,5.67
2026-08-08,VTPO,north,0.4,8.55,17.1,15.48,3.89,2.41
2026-08-08,VTPP,north,3.6,0.54,1.07,0.41,3.84,2.99
2026-08-08,VTSB,southeast,0.4,0.0,0.0,0.0,0.97,0.68
2026-08-08,VTSC,southeast,0.2,4.59,6.69,8.14,1.26,0.58
2026-08-08,VTSF,southeast,0.0,7.95,11.59,14.32,0.79,0.06
2026-08-08,VTSG,southwest,0.0,0.61,0.74,0.56,1.64,0.94
2026-08-08,VTSM,southeast,0.0,0.0,0.0,0.0,1.56,1.45
2026-08-08,VTSP,southwest,0.0,0.02,0.02,0.0,0.87,0.64
2026-08-08,VTSS,southeast,0.2,1.29,1.89,2.08,1.01,0.8
2026-08-08,VTST,southwest,0.0,0.05,0.06,0.0,2.05,1.48
2026-08-08,VTUD,ne_upper,1.6,0.28,0.49,0.01,1.66,1.51
2026-08-08,VTUI,ne_upper,47.2,1.41,2.45,2.28,1.64,0.88
2026-08-08,VTUK,ne_upper,6.2,0.01,0.02,0.0,0.79,0.68
2026-08-08,VTUL,ne_upper,3.0,0.62,1.08,0.59,1.44,1.85
2026-08-08,VTUO,ne_lower,2.0,2.79,5.08,4.49,4.52,3.23
2026-08-08,VTUU,ne_lower,1.0,1.68,3.07,2.82,1.17,0.97
2026-08-08,VTUV,ne_lower,0.4,0.37,0.68,0.2,1.11,0.54
2026-08-09,VTBD,central,0.0,5.62,12.41,9.66,3.6,2.1
2026-08-09,VTBS,central,0.2,1.09,2.4,1.69,2.01,2.02
2026-08-09,VTCC,north,1.8,0.02,0.05,0.0,1.31,1.45
2026-08-09,VTCH,north,16.4,3.97,7.94,6.91,9.28,16.57
2026-08-09,VTCL,north,4.4,0.36,0.71,0.2,2.21,1.98
2026-08-09,VTCN,north,14.0,1.27,2.55,2.03,1.16,1.38
2026-08-09,VTCP,north,12.4,0.09,0.19,0.0,2.2,2.31
2026-08-09,VTCT,north,3.0,14.68,29.35,23.49,8.69,12.21
2026-08-09,VTPB,north,0.2,6.29,12.58,10.73,8.25,8.14
2026-08-09,VTPH,southeast,0.8,0.13,0.19,0.0,1.17,0.99
2026-08-09,VTPM,north,25.1,3.16,6.32,5.09,8.11,8.55
2026-08-09,VTPO,north,1.2,14.95,29.89,23.83,8.99,6.01
2026-08-09,VTPP,north,0.0,2.86,5.71,4.6,4.32,3.87
2026-08-09,VTSB,southeast,0.0,0.0,0.0,0.0,1.16,0.76
2026-08-09,VTSC,southeast,0.0,0.42,0.62,0.28,1.3,1.01
2026-08-09,VTSF,southeast,0.0,0.04,0.05,0.0,0.99,0.58
2026-08-09,VTSG,southwest,0.4,0.54,0.66,0.42,0.97,0.47
2026-08-09,VTSM,southeast,15.4,0.0,0.0,0.0,1.42,1.17
2026-08-09,VTSP,southwest,0.0,5.32,6.46,9.29,1.1,1.47
2026-08-09,VTSS,southeast,0.0,0.0,0.0,0.0,0.72,0.9
2026-08-09,VTST,southwest,7.8,1.15,1.39,1.83,1.05,0.76
2026-08-09,VTUD,ne_upper,0.2,0.31,0.53,0.18,3.56,2.4
2026-08-09,VTUI,ne_upper,17.0,1.22,2.12,1.94,1.57,1.23
2026-08-09,VTUK,ne_upper,0.0,0.26,0.44,0.0,1.43,1.02
2026-08-09,VTUL,ne_upper,0.0,1.12,1.95,1.79,2.35,1.84
2026-08-09,VTUO,ne_lower,0.2,0.98,1.79,1.41,1.22,0.5
2026-08-09,VTUU,ne_lower,3.6,0.84,1.53,1.03,1.31,0.53
2026-08-09,VTUV,ne_lower,0.2,0.26,0.48,0.0,1.55,0.77
2026-08-10,VTBD,central,7.6,0.09,0.09,0.0,1.95,1.98
2026-08-10,VTBS,central,33.0,5.47,5.51,10.44,2.26,3.75
2026-08-10,VTCC,north,0.8,13.42,29.43,22.1,2.53,2.39
2026-08-10,VTCH,north,34.7,5.67,12.43,10.76,4.08,3.81
2026-08-10,VTCL,north,0.7,0.86,1.88,1.26,1.85,1.38
2026-08-10,VTCN,north,1.4,21.74,47.68,30.74,4.43,5.22
2026-08-10,VTCP,north,9.6,0.0,0.0,0.0,2.46,1.76
2026-08-10,VTCT,north,1.2,0.04,0.1,0.0,3.32,3.67
2026-08-10,VTPB,north,3.2,0.32,0.7,0.2,4.35,3.71
2026-08-10,VTPH,southeast,0.8,2.01,2.67,3.55,1.39,1.47
2026-08-10,VTPM,north,10.1,9.36,20.52,17.01,11.62,12.09
2026-08-10,VTPO,north,0.0,0.01,0.02,0.0,1.06,1.88
2026-08-10,VTPP,north,0.0,0.0,0.01,0.0,1.33,1.49
2026-08-10,VTSB,southeast,0.0,0.0,0.0,0.0,1.0,0.88
2026-08-10,VTSC,southeast,2.0,0.0,0.0,0.0,1.03,0.52
2026-08-10,VTSF,southeast,0.0,0.43,0.58,0.4,0.71,0.6
2026-08-10,VTSG,southwest,0.0,0.45,0.46,0.42,0.84,0.69
2026-08-10,VTSM,southeast,0.0,0.34,0.45,0.2,1.02,1.23
2026-08-10,VTSP,southwest,0.0,2.62,2.67,4.69,1.04,0.83
2026-08-10,VTSS,southeast,6.8,0.0,0.0,0.0,1.01,0.75
2026-08-10,VTST,southwest,0.0,1.67,1.7,3.02,1.78,1.01
2026-08-10,VTUD,ne_upper,4.6,0.0,0.0,0.0,1.47,1.69
2026-08-10,VTUI,ne_upper,0.2,7.08,11.99,12.86,3.79,4.18
2026-08-10,VTUK,ne_upper,3.0,0.0,0.01,0.0,1.01,1.1
2026-08-10,VTUL,ne_upper,0.0,0.0,0.0,0.0,1.61,1.66
2026-08-10,VTUO,ne_lower,26.0,0.01,0.03,0.0,1.48,1.51
2026-08-10,VTUU,ne_lower,8.8,8.7,16.18,15.79,3.98,4.81
2026-08-10,VTUV,ne_lower,0.0,0.78,1.45,1.07,2.68,2.69
2026-08-11,VTBD,central,0.0,0.0,0.0,0.0,1.58,1.75
2026-08-11,VTBS,central,0.0,3.03,3.05,5.53,1.48,1.55
2026-08-11,VTCC,north,0.4,0.02,0.04,0.0,3.38,3.16
2026-08-11,VTCH,north,17.8,13.48,29.56,22.15,3.8,3.77
2026-08-11,VTCL,north,0.0,0.0,0.0,0.0,1.02,1.59
2026-08-11,VTCN,north,5.2,0.44,0.97,0.42,2.3,2.21
2026-08-11,VTCP,north,7.1,7.25,15.89,13.45,1.93,1.75
2026-08-11,VTCT,north,48.4,30.41,66.68,38.56,2.7,5.05
2026-08-11,VTPB,north,10.3,3.63,7.96,6.67,4.05,2.7
2026-08-11,VTPH,southeast,0.0,0.0,0.0,0.0,0.86,0.74
2026-08-11,VTPM,north,11.1,3.36,7.37,6.24,15.13,12.63
2026-08-11,VTPO,north,0.0,0.7,1.55,0.84,1.73,1.57
2026-08-11,VTPP,north,0.2,0.81,1.78,1.15,4.66,8.33
2026-08-11,VTSB,southeast,0.0,0.0,0.0,0.0,0.5,0.46
2026-08-11,VTSC,southeast,0.0,6.66,8.85,12.13,0.66,0.02
2026-08-11,VTSF,southeast,0.0,0.0,0.0,0.0,0.47,0.79
2026-08-11,VTSG,southwest,0.0,0.28,0.29,0.2,0.66,0.32
2026-08-11,VTSM,southeast,0.0,0.0,0.0,0.0,1.56,1.55
2026-08-11,VTSP,southwest,1.4,1.08,1.1,1.74,0.94,0.7
2026-08-11,VTSS,southeast,0.0,0.35,0.46,0.23,0.79,0.52
2026-08-11,VTST,southwest,0.0,1.92,1.96,3.44,1.17,0.63
2026-08-11,VTUD,ne_upper,14.8,0.64,1.09,0.79,3.57,3.01
2026-08-11,VTUI,ne_upper,0.0,2.35,3.99,4.26,4.23,3.42
2026-08-11,VTUK,ne_upper,0.0,0.05,0.09,0.0,1.87,1.36
2026-08-11,VTUL,ne_upper,1.6,0.0,0.0,0.0,1.05,1.41
2026-08-11,VTUO,ne_lower,0.0,0.0,0.0,0.0,1.53,1.45
2026-08-11,VTUU,ne_lower,0.0,3.39,6.31,6.3,3.04,1.94
2026-08-11,VTUV,ne_lower,0.0,0.46,0.86,0.44,0.92,1.05
2026-08-12,VTBD,central,10.2,13.08,13.19,21.81,1.3,0.92
2026-08-12,VTBS,central,4.6,5.37,5.42,10.28,2.78,2.92
2026-08-12,VTCC,north,0.0,0.05,0.1,0.0,0.96,1.23
2026-08-12,VTCH,north,0.3,16.2,35.53,25.1,2.96,2.4
2026-08-12,VTCL,north,0.6,0.0,0.0,0.0,2.04,2.07
2026-08-12,VTCN,north,3.2,5.3,11.62,10.17,3.46,4.58
2026-08-12,VTCP,north,1.8,0.06,0.14,0.0,1.46,1.55
2026-08-12,VTCT,north,1.6,0.01,0.02,0.0,0.75,1.41
2026-08-12,VTPB,north,0.0,0.37,0.81,0.4,2.0,1.41
2026-08-12,VTPH,southeast,0.8,1.29,1.72,2.21,1.41,1.4
2026-08-12,VTPM,north,22.1,10.97,24.05,19.79,2.96,2.78
2026-08-12,VTPO,north,0.0,0.0,0.0,0.0,0.85,1.94
2026-08-12,VTPP,north,0.0,0.03,0.06,0.0,1.72,1.62
2026-08-12,VTSB,southeast,0.2,0.02,0.02,0.0,0.66,0.49
2026-08-12,VTSC,southeast,0.0,0.02,0.03,0.0,0.73,0.0
2026-08-12,VTSF,southeast,27.0,0.03,0.04,0.0,1.04,1.04
2026-08-12,VTSG,southwest,9.4,0.0,0.0,0.0,0.9,0.97
2026-08-12,VTSM,southeast,0.0,0.0,0.01,0.0,1.05,1.08
2026-08-12,VTSP,southwest,7.8,0.62,0.63,0.7,1.65,1.08
2026-08-12,VTSS,southeast,3.6,24.75,32.91,34.62,2.15,1.48
2026-08-12,VTST,southwest,19.4,0.11,0.11,0.0,0.72,0.33
2026-08-12,VTUD,ne_upper,0.2,0.18,0.31,0.0,1.05,1.32
2026-08-12,VTUI,ne_upper,0.0,0.01,0.01,0.0,1.1,0.94
2026-08-12,VTUK,ne_upper,0.0,0.41,0.7,0.4,1.42,1.2
2026-08-12,VTUL,ne_upper,0.0,0.0,0.0,0.0,0.93,0.79
2026-08-12,VTUO,ne_lower,0.0,0.01,0.02,0.0,1.16,1.31
2026-08-12,VTUU,ne_lower,0.0,0.0,0.0,0.0,1.05,1.32
2026-08-12,VTUV,ne_lower,0.0,0.12,0.22,0.0,2.21,1.95
2026-08-13,VTBD,central,0.0,0.39,0.39,0.4,3.1,2.42
2026-08-13,VTBS,central,0.4,7.62,7.69,14.22,1.4,2.22
2026-08-13,VTCC,north,8.4,0.0,0.0,0.0,1.05,1.96
2026-08-13,VTCH,north,28.2,32.29,70.82,40.01,3.06,3.57
2026-08-13,VTCL,north,0.4,0.0,0.0,0.0,0.63,0.97
2026-08-13,VTCN,north,0.0,0.08,0.16,0.0,1.35,1.81
2026-08-13,VTCP,north,0.0,0.0,0.0,0.0,1.5,1.66
2026-08-13,VTCT,north,0.2,0.0,0.0,0.0,0.96,2.67
2026-08-13,VTPB,north,0.0,0.27,0.59,0.2,1.95,1.79
2026-08-13,VTPH,southeast,14.3,1.29,1.72,2.21,1.55,1.53
2026-08-13,VTPM,north,18.4,0.39,0.86,0.4,4.27,4.26
2026-08-13,VTPO,north,0.0,0.33,0.73,0.2,1.02,1.42
2026-08-13,VTPP,north,0.0,0.0,0.0,0.0,1.89,1.95
2026-08-13,VTSB,southeast,0.2,0.21,0.28,0.01,0.7,0.47
2026-08-13,VTSC,southeast,0.0,0.78,1.03,1.05,0.82,0.28
2026-08-13,VTSF,southeast,3.4,1.97,2.62,3.51,0.61,0.69
2026-08-13,VTSG,southwest,7.0,0.28,0.28,0.2,1.15,0.86
2026-08-13,VTSM,southeast,0.0,0.0,0.0,0.0,0.6,0.93
2026-08-13,VTSP,southwest,10.6,0.9,0.92,1.36,1.57,0.99
2026-08-13,VTSS,southeast,3.8,0.09,0.12,0.0,1.14,1.12
2026-08-13,VTST,southwest,4.2,0.7,0.72,0.84,1.68,0.94
2026-08-13,VTUD,ne_upper,0.0,0.0,0.0,0.0,2.06,2.29
2026-08-13,VTUI,ne_upper,0.0,0.07,0.13,0.0,0.88,1.28
2026-08-13,VTUK,ne_upper,0.0,0.0,0.0,0.0,0.62,0.95
2026-08-13,VTUL,ne_upper,3.0,0.0,0.0,0.0,0.65,0.94
2026-08-13,VTUO,ne_lower,0.0,0.0,0.0,0.0,1.47,1.02
2026-08-13,VTUU,ne_lower,0.0,0.02,0.03,0.0,2.22,1.42
2026-08-13,VTUV,ne_lower,0.0,4.23,7.86,7.82,1.71,1.08
2026-08-14,VTBD,central,0.6,5.79,5.84,10.96,3.27,3.63
2026-08-14,VTBS,central,210.0,40.56,40.92,50.33,2.72,2.84
2026-08-14,VTCC,north,0.0,2.47,5.41,4.41,1.37,1.31
2026-08-14,VTCH,north,0.0,1.33,2.92,2.29,4.98,3.93
2026-08-14,VTCL,north,0.0,0.0,0.0,0.0,1.28,1.21
2026-08-14,VTCN,north,3.8,18.42,40.39,27.12,3.03,3.41
2026-08-14,VTCP,north,0.0,0.0,0.0,0.0,1.93,2.27
2026-08-14,VTCT,north,20.8,0.11,0.25,0.0,3.69,5.11
2026-08-14,VTPB,north,16.6,0.12,0.26,0.0,1.12,0.91
2026-08-14,VTPH,southeast,0.0,0.0,0.0,0.0,0.61,1.04
2026-08-14,VTPM,north,7.5,7.48,16.39,13.99,5.89,14.13
2026-08-14,VTPO,north,8.4,0.05,0.11,0.0,1.09,1.88
2026-08-14,VTPP,north,0.0,0.0,0.0,0.0,1.19,1.14
2026-08-14,VTSB,southeast,0.0,0.33,0.44,0.2,0.83,0.67
2026-08-14,VTSC,southeast,0.0,0.63,0.84,0.74,0.94,0.44
2026-08-14,VTSF,southeast,0.0,0.0,0.0,0.0,0.99,0.74
2026-08-14,VTSG,southwest,7.6,1.27,1.29,2.17,2.25,2.46
2026-08-14,VTSM,southeast,0.0,2.22,2.95,4.0,1.32,1.03
2026-08-14,VTSP,southwest,1.0,8.4,8.56,15.33,1.9,2.35
2026-08-14,VTSS,southeast,180.0,0.26,0.34,0.2,0.67,0.56
2026-08-14,VTST,southwest,2.2,7.72,7.87,14.36,1.59,1.85
2026-08-14,VTUD,ne_upper,0.0,0.14,0.23,0.0,1.56,2.09
2026-08-14,VTUI,ne_upper,6.4,0.3,0.5,0.2,5.11,4.24
2026-08-14,VTUK,ne_upper,0.0,0.02,0.04,0.0,1.59,1.95
2026-08-14,VTUL,ne_upper,11.2,0.0,0.0,0.0,1.3,1.19
2026-08-14,VTUO,ne_lower,0.0,0.68,1.27,0.8,1.19,1.11
2026-08-14,VTUU,ne_lower,0.0,0.0,0.0,0.0,0.82,1.13
2026-08-14,VTUV,ne_lower,0.0,0.76,1.41,1.0,1.19,1.02
2026-08-15,VTBD,central,31.2,3.19,3.21,5.88,2.56,2.38
2026-08-15,VTBS,central,0.8,3.6,3.63,6.6,3.33,3.6
2026-08-15,VTCC,north,0.2,0.05,0.11,0.0,2.91,3.21
2026-08-15,VTCL,north,0.0,0.03,0.07,0.0,1.14,1.5
2026-08-15,VTCN,north,0.0,14.54,31.89,23.05,3.83,5.6
2026-08-15,VTCP,north,0.4,25.97,56.95,35.38,2.14,2.49
2026-08-15,VTCT,north,16.4,0.05,0.1,0.0,1.95,3.47
2026-08-15,VTPB,north,4.7,8.15,17.88,14.98,4.2,4.25
2026-08-15,VTPH,southeast,0.0,0.0,0.0,0.0,0.94,0.78
2026-08-15,VTPM,north,17.1,2.04,4.48,3.59,7.59,9.39
2026-08-15,VTPO,north,0.2,0.0,0.0,0.0,1.48,1.93
2026-08-15,VTPP,north,5.4,0.0,0.01,0.0,1.79,2.3
2026-08-15,VTSB,southeast,1.4,0.02,0.03,0.0,0.72,0.59
2026-08-15,VTSC,southeast,0.0,1.89,2.51,3.4,0.6,0.24
2026-08-15,VTSF,southeast,0.0,0.0,0.0,0.0,0.74,0.98
2026-08-15,VTSG,southwest,7.2,0.7,0.71,0.81,2.63,2.34
2026-08-15,VTSM,southeast,0.0,0.18,0.24,0.0,1.97,2.03
2026-08-15,VTSP,southwest,4.4,0.11,0.12,0.0,0.7,0.68
2026-08-15,VTSS,southeast,0.0,0.09,0.12,0.0,0.62,0.5
2026-08-15,VTST,southwest,0.0,0.52,0.53,0.54,0.92,0.37
2026-08-15,VTUD,ne_upper,0.0,0.05,0.09,0.0,3.85,3.09
2026-08-15,VTUI,ne_upper,0.4,1.55,2.63,2.7,4.0,2.46
2026-08-15,VTUK,ne_upper,0.0,0.0,0.0,0.0,1.12,1.31
2026-08-15,VTUL,ne_upper,0.0,0.02,0.04,0.0,0.97,1.42
2026-08-15,VTUO,ne_lower,0.0,0.02,0.03,0.0,2.1,1.87
2026-08-15,VTUU,ne_lower,0.0,0.01,0.01,0.0,2.25,3.25
2026-08-15,VTUV,ne_lower,0.0,4.41,8.2,8.17,2.44,1.95
2026-08-16,VTBD,central,0.0,7.54,7.61,14.1,2.24,2.75
2026-08-16,VTBS,central,0.0,1.02,1.03,1.56,2.77,1.98
2026-08-16,VTCC,north,3.8,11.4,24.99,20.17,2.37,1.51
2026-08-16,VTCH,north,7.4,34.49,75.64,42.66,5.22,7.02
2026-08-16,VTCL,north,0.0,0.46,1.0,0.44,1.35,1.11
2026-08-16,VTCN,north,1.4,0.72,1.59,0.9,2.68,3.5
2026-08-16,VTCP,north,3.0,0.04,0.09,0.0,1.54,1.89
2026-08-16,VTCT,north,0.0,0.1,0.21,0.0,1.14,1.81
2026-08-16,VTPB,north,0.2,1.87,4.11,3.38,5.17,4.23
2026-08-16,VTPH,southeast,0.0,0.0,0.0,0.0,0.68,0.95
2026-08-16,VTPM,north,17.4,15.87,34.8,24.69,4.12,5.19
2026-08-16,VTPO,north,0.0,0.0,0.0,0.0,1.06,1.7
2026-08-16,VTPP,north,0.0,0.0,0.0,0.0,1.22,1.67
2026-08-16,VTSB,southeast,1.2,7.81,10.38,14.49,1.27,1.42
2026-08-16,VTSC,southeast,0.0,0.74,0.98,0.94,1.31,0.83
2026-08-16,VTSF,southeast,0.0,1.02,1.35,1.56,1.49,2.13
2026-08-16,VTSG,southwest,6.6,1.63,1.66,2.92,2.86,2.12
2026-08-16,VTSM,southeast,0.0,3.27,4.35,6.05,1.4,1.25
2026-08-16,VTSP,southwest,0.2,0.98,1.0,1.51,2.49,2.56
2026-08-16,VTSS,southeast,19.2,0.22,0.29,0.03,1.02,0.57
2026-08-16,VTST,southwest,24.6,0.82,0.83,1.17,1.18,0.37
2026-08-16,VTUD,ne_upper,0.2,0.01,0.01,0.0,0.91,0.79
2026-08-16,VTUI,ne_upper,2.4,3.44,5.84,6.37,4.12,2.91
2026-08-16,VTUK,ne_upper,0.0,0.02,0.03,0.0,1.91,1.32
2026-08-16,VTUL,ne_upper,4.2,0.04,0.06,0.0,1.72,1.61
2026-08-16,VTUO,ne_lower,0.0,2.81,5.22,5.06,3.35,3.08
2026-08-16,VTUU,ne_lower,0.0,0.22,0.41,0.05,1.15,1.18
2026-08-16,VTUV,ne_lower,0.0,0.02,0.05,0.0,2.45,2.07
2026-08-17,VTBD,central,25.2,1.05,2.01,1.72,1.12,0.99
2026-08-17,VTBS,central,2.4,0.12,0.23,0.0,1.35,0.69
2026-08-17,VTCC,north,0.6,0.12,0.22,0.0,0.66,0.62
2026-08-17,VTCH,north,1.4,0.6,1.09,0.75,3.94,3.42
2026-08-17,VTCL,north,0.1,0.0,0.0,0.0,0.54,0.44
2026-08-17,VTCN,north,1.8,9.49,17.33,16.93,2.42,2.12
2026-08-17,VTCP,north,0.2,0.02,0.04,0.0,1.32,1.19
2026-08-17,VTCT,north,0.0,0.1,0.17,0.0,0.66,0.48
2026-08-17,VTPB,north,3.2,0.23,0.41,0.08,0.97,0.16
2026-08-17,VTPH,southeast,2.2,0.14,0.2,0.0,0.78,0.9
2026-08-17,VTPM,north,17.5,6.27,11.45,11.19,3.83,5.02
2026-08-17,VTPO,north,3.8,0.0,0.0,0.0,0.22,0.27
2026-08-17,VTPP,north,0.0,0.0,0.0,0.0,0.27,0.12
2026-08-17,VTSB,southeast,7.4,0.0,0.0,0.0,0.35,0.57
2026-08-17,VTSC,southeast,0.0,3.31,4.74,6.07,1.5,1.03
2026-08-17,VTSF,southeast,0.0,0.91,1.31,1.43,0.66,0.44
2026-08-17,VTSG,southwest,0.0,0.15,0.18,0.0,1.27,1.51
2026-08-17,VTSM,southeast,1.4,6.54,9.37,11.52,0.78,0.25
2026-08-17,VTSP,southwest,0.0,0.07,0.08,0.0,0.7,0.51
2026-08-17,VTSS,southeast,0.0,0.55,0.78,0.6,0.8,0.45
2026-08-17,VTST,southwest,0.2,0.34,0.41,0.2,1.77,0.88
2026-08-17,VTUD,ne_upper,0.0,0.01,0.01,0.0,0.32,0.28
2026-08-17,VTUI,ne_upper,0.0,0.45,0.72,0.41,0.87,0.58
2026-08-17,VTUK,ne_upper,0.0,0.0,0.01,0.0,0.33,0.21
2026-08-17,VTUL,ne_upper,0.0,0.0,0.0,0.0,0.35,0.06
2026-08-17,VTUO,ne_lower,0.0,0.01,0.02,0.0,0.34,0.22
2026-08-17,VTUU,ne_lower,0.0,0.11,0.19,0.0,0.28,0.22
2026-08-17,VTUV,ne_lower,0.0,0.03,0.05,0.0,0.4,0.3
2026-08-18,VTBD,central,3.0,0.0,0.0,0.0,0.98,0.63
2026-08-18,VTBS,central,8.8,0.04,0.07,0.0,1.45,0.71
2026-08-18,VTCC,north,0.0,0.04,0.08,0.0,0.77,0.92
2026-08-18,VTCH,north,0.0,0.08,0.14,0.0,1.13,0.82
2026-08-18,VTCL,north,2.5,0.0,0.0,0.0,0.19,0.12
2026-08-18,VTCN,north,25.0,7.22,13.19,12.61,0.75,0.48
2026-08-18,VTCP,north,8.2,0.0,0.0,0.0,0.49,0.34
2026-08-18,VTCT,north,0.0,0.13,0.23,0.0,1.16,1.3
2026-08-18,VTPB,north,0.6,0.41,0.75,0.4,0.74,0.57
2026-08-18,VTPH,southeast,0.0,0.02,0.02,0.0,0.22,0.23
2026-08-18,VTPM,north,6.5,4.02,7.33,7.26,5.45,4.6
2026-08-18,VTPO,north,0.0,1.04,1.9,1.67,1.31,0.96
2026-08-18,VTPP,north,6.6,0.0,0.0,0.0,1.0,1.0
2026-08-18,VTSB,southeast,2.2,0.02,0.03,0.0,1.36,0.51
2026-08-18,VTSC,southeast,0.0,0.35,0.5,0.23,1.17,0.62
2026-08-18,VTSF,southeast,2.9,0.0,0.0,0.0,1.86,0.59
2026-08-18,VTSG,southwest,11.6,0.4,0.47,0.4,2.81,3.82
2026-08-18,VTSM,southeast,0.0,0.13,0.18,0.0,0.33,0.28
2026-08-18,VTSP,southwest,0.0,0.75,0.88,1.17,1.49,1.25
2026-08-18,VTSS,southeast,2.0,0.0,0.0,0.0,0.2,0.14
2026-08-18,VTST,southwest,1.8,2.79,3.29,5.07,1.68,0.73
2026-08-18,VTUD,ne_upper,19.5,0.1,0.16,0.0,0.43,0.23
2026-08-18,VTUI,ne_upper,2.4,7.58,12.08,13.65,3.65,5.31
2026-08-18,VTUK,ne_upper,2.8,5.16,8.22,9.36,1.02,0.56
2026-08-18,VTUL,ne_upper,7.8,0.07,0.11,0.0,0.81,0.2
2026-08-18,VTUO,ne_lower,9.6,0.0,0.01,0.0,0.29,0.09
2026-08-18,VTUU,ne_lower,7.3,0.34,0.58,0.2,1.84,1.7
2026-08-18,VTUV,ne_lower,10.8,3.37,5.84,6.23,3.12,2.15
2026-08-19,VTBD,central,0.0,0.14,0.26,0.0,1.17,0.45
2026-08-19,VTBS,central,2.4,0.0,0.0,0.0,1.93,1.58
2026-08-19,VTCC,north,8.2,1.16,2.11,2.07,1.91,2.36
2026-08-19,VTCH,north,12.7,5.08,9.28,9.22,9.15,9.38
2026-08-19,VTCL,north,11.4,0.3,0.55,0.2,1.45,1.25
2026-08-19,VTCN,north,33.0,38.88,70.98,47.6,20.7,19.28
2026-08-19,VTCP,north,27.5,5.73,10.47,10.23,4.17,2.98
2026-08-19,VTCT,north,23.2,44.87,81.91,54.99,12.35,10.88
2026-08-19,VTPB,north,13.1,3.7,6.75,6.86,4.24,2.51
2026-08-19,VTPH,southeast,3.2,0.0,0.0,0.0,0.19,0.33
2026-08-19,VTPM,north,24.0,10.44,19.06,18.34,16.97,20.64
2026-08-19,VTPO,north,49.0,6.33,11.55,11.28,1.3,1.42
2026-08-19,VTPP,north,39.2,0.18,0.32,0.0,1.31,1.28
2026-08-19,VTSB,southeast,0.0,0.34,0.49,0.2,0.48,0.19
2026-08-19,VTSC,southeast,0.0,0.58,0.83,0.69,0.63,0.01
2026-08-19,VTSF,southeast,0.0,0.0,0.0,0.0,0.13,0.0
2026-08-19,VTSG,southwest,0.0,0.42,0.49,0.4,1.45,1.02
2026-08-19,VTSM,southeast,0.0,0.75,1.08,1.18,1.12,0.69
2026-08-19,VTSP,southwest,8.6,0.8,0.95,1.2,1.83,1.29
2026-08-19,VTSS,southeast,0.0,0.0,0.0,0.0,0.3,0.52
2026-08-19,VTST,southwest,0.0,0.18,0.21,0.0,1.6,0.64
2026-08-19,VTUD,ne_upper,100.6,28.79,45.88,36.89,13.73,5.16
2026-08-19,VTUI,ne_upper,14.4,7.86,12.52,14.0,5.98,5.95
2026-08-19,VTUK,ne_upper,15.8,2.07,3.3,3.88,5.88,5.08
2026-08-19,VTUL,ne_upper,23.8,3.07,4.89,5.57,5.25,3.68
2026-08-19,VTUO,ne_lower,34.6,0.08,0.13,0.0,0.52,0.15
2026-08-19,VTUU,ne_lower,66.2,2.11,3.66,3.92,4.63,2.69
2026-08-19,VTUV,ne_lower,28.8,29.33,50.84,37.28,16.25,15.81
2026-08-20,VTBD,central,0.0,0.02,0.04,0.0,0.33,0.27
2026-08-20,VTBS,central,0.0,0.08,0.16,0.0,0.52,0.18
2026-08-20,VTCC,north,18.2,10.18,18.58,18.07,8.81,7.0
2026-08-20,VTCH,north,34.7,3.71,6.77,6.87,7.08,7.61
2026-08-20,VTCL,north,9.0,11.88,21.68,19.56,5.6,4.68
2026-08-20,VTCN,north,0.0,1.74,3.17,3.49,5.15,7.87
2026-08-20,VTCP,north,6.7,7.57,13.81,13.64,5.1,4.43
2026-08-20,VTCT,north,16.9,0.57,1.04,0.65,2.08,1.48
2026-08-20,VTPB,north,35.8,12.7,23.19,20.35,16.03,15.65
2026-08-20,VTPH,southeast,0.6,6.18,8.86,11.05,3.69,2.89
2026-08-20,VTPM,north,71.0,20.19,36.85,28.23,14.39,18.54
2026-08-20,VTPO,north,188.8,39.59,72.28,48.47,15.71,13.63
2026-08-20,VTPP,north,51.6,19.09,34.85,27.14,14.05,10.92
2026-08-20,VTSB,southeast,0.0,0.0,0.0,0.0,0.67,0.3
2026-08-20,VTSC,southeast,0.0,2.3,3.29,4.3,0.93,0.14
2026-08-20,VTSF,southeast,0.0,1.05,1.51,1.71,0.92,0.65
2026-08-20,VTSG,southwest,4.2,1.9,2.24,3.69,1.95,1.57
2026-08-20,VTSM,southeast,2.2,0.02,0.03,0.0,0.45,0.41
2026-08-20,VTSP,southwest,6.4,0.43,0.5,0.4,0.73,0.47
2026-08-20,VTSS,southeast,0.0,0.38,0.55,0.4,0.81,0.93
2026-08-20,VTST,southwest,0.0,0.0,0.0,0.0,0.47,0.3
2026-08-20,VTUD,ne_upper,1.8,4.04,6.44,7.29,7.59,7.35
2026-08-20,VTUI,ne_upper,83.0,5.26,8.38,9.49,4.22,3.28
2026-08-20,VTUK,ne_upper,26.6,21.61,34.44,29.98,8.78,6.81
2026-08-20,VTUL,ne_upper,4.0,7.82,12.46,13.96,1.94,1.32
2026-08-20,VTUO,ne_lower,14.8,15.29,26.5,23.12,5.01,2.67
2026-08-20,VTUU,ne_lower,10.4,0.66,1.15,0.87,3.56,3.43
2026-08-20,VTUV,ne_lower,22.4,5.48,9.49,9.78,5.15,2.25
2026-08-21,VTBD,central,0.0,0.96,1.84,1.6,5.13,6.85
2026-08-21,VTBS,central,0.0,7.64,14.61,13.73,1.43,1.49
2026-08-21,VTCC,north,0.4,0.0,0.0,0.0,1.28,0.72
2026-08-21,VTCH,north,2.4,0.77,1.4,1.18,2.92,2.49
2026-08-21,VTCL,north,0.0,13.66,24.94,21.33,4.38,4.68
2026-08-21,VTCN,north,0.0,0.08,0.16,0.0,0.57,0.49
2026-08-21,VTCP,north,0.8,1.56,2.85,3.1,1.14,0.68
2026-08-21,VTCT,north,0.0,0.0,0.0,0.0,0.45,0.08
2026-08-21,VTPB,north,0.0,4.65,8.49,8.26,5.37,3.31
2026-08-21,VTPH,southeast,1.4,19.75,28.31,27.79,8.82,9.44
2026-08-21,VTPM,north,5.1,15.04,27.45,22.81,16.27,17.98
2026-08-21,VTPO,north,0.6,0.44,0.8,0.4,1.15,1.04
2026-08-21,VTPP,north,0.2,3.93,7.18,7.16,7.69,8.18
2026-08-21,VTSB,southeast,0.2,4.76,6.83,8.47,1.93,0.66
2026-08-21,VTSC,southeast,0.0,0.02,0.02,0.0,1.39,0.44
2026-08-21,VTSF,southeast,0.0,0.21,0.31,0.01,0.42,0.23
2026-08-21,VTSG,southwest,0.2,2.67,3.15,4.87,1.9,0.89
2026-08-21,VTSM,southeast,3.8,0.36,0.51,0.29,1.4,1.1
2026-08-21,VTSP,southwest,0.0,0.43,0.51,0.4,1.21,1.05
2026-08-21,VTSS,southeast,0.0,0.05,0.07,0.0,0.34,0.28
2026-08-21,VTST,southwest,0.0,0.01,0.01,0.0,0.33,0.14
2026-08-21,VTUD,ne_upper,0.0,3.01,4.79,5.46,1.41,0.52
2026-08-21,VTUI,ne_upper,0.4,0.06,0.1,0.0,2.84,2.02
2026-08-21,VTUK,ne_upper,13.4,0.01,0.02,0.0,0.34,0.37
2026-08-21,VTUL,ne_upper,0.0,0.01,0.02,0.0,0.8,0.52
2026-08-21,VTUO,ne_lower,0.0,3.85,6.67,7.05,5.54,4.13
2026-08-21,VTUU,ne_lower,1.2,0.16,0.27,0.0,0.48,0.44
2026-08-21,VTUV,ne_lower,0.6,1.04,1.81,1.68,0.95,0.6
2026-08-22,VTBD,central,8.6,2.05,3.91,3.85,5.7,4.83
2026-08-22,VTBS,central,8.8,1.78,3.4,3.55,3.29,1.61
2026-08-22,VTCC,north,0.0,0.0,0.01,0.0,1.26,1.34
2026-08-22,VTCH,north,0.0,1.89,3.45,3.68,7.01,8.6
2026-08-22,VTCL,north,0.0,0.0,0.01,0.0,1.41,1.13
2026-08-22,VTCN,north,0.2,4.38,7.99,7.79,0.64,0.4
2026-08-22,VTCP,north,0.0,0.03,0.06,0.0,1.58,1.12
2026-08-22,VTCT,north,0.0,0.49,0.9,0.56,2.99,2.3
2026-08-22,VTPB,north,0.0,0.1,0.19,0.0,2.22,1.52
2026-08-22,VTPH,southeast,0.4,7.88,11.29,14.03,2.16,1.32
2026-08-22,VTPM,north,27.5,4.65,8.48,8.26,10.54,11.91
2026-08-22,VTPO,north,0.0,0.06,0.11,0.0,0.67,0.45
2026-08-22,VTPP,north,0.0,0.13,0.23,0.0,0.45,0.45
2026-08-22,VTSB,southeast,0.0,1.93,2.77,3.72,0.59,0.32
2026-08-22,VTSC,southeast,1.6,2.06,2.95,3.86,0.52,0.22
2026-08-22,VTSF,southeast,0.0,2.89,4.14,5.25,0.56,0.36
2026-08-22,VTSG,southwest,0.0,0.0,0.0,0.0,0.29,0.32
2026-08-22,VTSM,southeast,0.0,0.12,0.18,0.0,0.52,0.5
2026-08-22,VTSP,southwest,0.0,1.6,1.88,3.19,0.59,0.45
2026-08-22,VTSS,southeast,0.0,0.02,0.02,0.0,0.43,0.51
2026-08-22,VTST,southwest,0.0,0.06,0.08,0.0,0.5,0.26
2026-08-22,VTUD,ne_upper,0.0,0.0,0.0,0.0,0.62,0.23
2026-08-22,VTUI,ne_upper,0.2,0.15,0.23,0.0,1.1,0.69
2026-08-22,VTUK,ne_upper,0.0,0.15,0.24,0.0,0.8,0.8
2026-08-22,VTUL,ne_upper,0.0,0.0,0.01,0.0,0.32,0.19
2026-08-22,VTUO,ne_lower,0.0,4.44,7.7,7.92,4.76,3.34
2026-08-22,VTUU,ne_lower,0.8,5.27,9.13,9.5,4.13,3.81
2026-08-22,VTUV,ne_lower,0.0,0.02,0.04,0.0,0.57,0.38
2026-08-23,VTBD,central,0.0,3.42,6.53,6.35,2.11,2.21
2026-08-23,VTBS,central,0.2,1.32,2.52,2.57,3.51,1.76
2026-08-23,VTCC,north,0.0,0.0,0.0,0.0,0.85,1.17
2026-08-23,VTCH,north,0.6,0.07,0.12,0.0,2.35,2.85
2026-08-23,VTCL,north,0.0,0.12,0.22,0.0,0.61,0.25
2026-08-23,VTCN,north,0.0,0.1,0.19,0.0,1.02,0.97
2026-08-23,VTCP,north,0.0,0.0,0.0,0.0,0.9,1.05
2026-08-23,VTCT,north,11.6,0.0,0.0,0.0,0.74,0.81
2026-08-23,VTPB,north,0.0,0.1,0.19,0.0,0.37,0.23
2026-08-23,VTPH,southeast,1.0,3.59,5.14,6.7,3.01,1.94
2026-08-23,VTPM,north,93.2,3.68,6.72,6.84,9.43,9.64
2026-08-23,VTPO,north,0.4,0.0,0.0,0.0,0.23,0.31
2026-08-23,VTPP,north,0.4,0.1,0.17,0.0,0.39,0.53
2026-08-23,VTSB,southeast,0.0,0.01,0.01,0.0,1.06,0.78
2026-08-23,VTSC,southeast,0.0,15.45,22.14,23.33,3.68,2.03
2026-08-23,VTSF,southeast,0.0,7.81,11.19,13.94,1.32,0.67
2026-08-23,VTSG,southwest,0.0,1.57,1.85,3.12,1.71,1.51
2026-08-23,VTSM,southeast,0.4,8.39,12.02,14.76,0.87,0.58
2026-08-23,VTSP,southwest,0.0,1.7,2.0,3.44,1.24,1.27
2026-08-23,VTSS,southeast,0.2,0.07,0.1,0.0,1.87,1.15
2026-08-23,VTST,southwest,0.0,1.4,1.65,2.69,2.58,1.73
2026-08-23,VTUD,ne_upper,3.4,0.06,0.09,0.0,0.55,0.39
2026-08-23,VTUI,ne_upper,0.0,0.08,0.12,0.0,0.74,0.68
2026-08-23,VTUK,ne_upper,0.0,0.0,0.0,0.0,0.14,0.02
2026-08-23,VTUL,ne_upper,0.0,0.0,0.0,0.0,0.59,0.23
2026-08-23,VTUO,ne_lower,0.0,0.18,0.31,0.0,1.37,1.06
2026-08-23,VTUU,ne_lower,0.0,9.73,16.87,17.44,5.73,5.82
2026-08-23,VTUV,ne_lower,0.0,0.01,0.02,0.0,0.33,0.19
2026-08-24,VTBD,central,0.0,0.08,0.16,0.0,0.63,0.69
2026-08-24,VTBS,central,0.0,0.23,0.48,0.2,1.97,2.26
2026-08-24,VTCC,north,0.0,0.0,0.0,0.0,1.57,0.79
2026-08-24,VTCH,north,6.5,0.18,0.34,0.0,0.51,0.06
2026-08-24,VTCL,north,0.0,0.0,0.0,0.0,0.6,0.4
2026-08-24,VTCN,north,0.0,0.05,0.1,0.0,1.74,1.57
2026-08-24,VTCP,north,0.0,0.0,0.0,0.0,0.57,0.34
2026-08-24,VTCT,north,0.0,0.0,0.0,0.0,1.07,0.73
2026-08-24,VTPB,north,0.0,0.01,0.01,0.0,0.66,0.47
2026-08-24,VTPH,southeast,0.0,0.0,0.01,0.0,0.66,0.51
2026-08-24,VTPM,north,28.7,5.95,11.17,10.66,5.21,5.85
2026-08-24,VTPO,north,0.0,0.0,0.0,0.0,0.5,0.42
2026-08-24,VTPP,north,0.4,0.0,0.0,0.0,1.0,0.73
2026-08-24,VTSB,southeast,5.0,13.88,18.47,22.5,2.77,1.3
2026-08-24,VTSC,southeast,0.0,2.44,3.24,4.25,0.8,0.59
2026-08-24,VTSF,southeast,0.0,0.55,0.73,0.8,0.84,0.66
2026-08-24,VTSG,southwest,3.2,0.37,0.62,0.4,2.81,2.17
2026-08-24,VTSM,southeast,16.6,0.9,1.19,1.4,1.65,1.89
2026-08-24,VTSP,southwest,21.0,51.49,87.41,116.3,12.85,10.97
2026-08-24,VTSS,southeast,0.0,5.61,7.46,10.1,1.65,1.54
2026-08-24,VTST,southwest,0.0,3.62,6.14,6.44,2.04,1.61
2026-08-24,VTUD,ne_upper,0.2,0.0,0.0,0.0,0.92,0.75
2026-08-24,VTUI,ne_upper,2.0,0.05,0.09,0.0,0.78,0.52
2026-08-24,VTUK,ne_upper,0.0,0.01,0.01,0.0,0.71,0.69
2026-08-24,VTUL,ne_upper,0.0,0.0,0.0,0.0,0.89,0.78
2026-08-24,VTUO,ne_lower,0.0,0.02,0.03,0.0,1.11,0.94
2026-08-24,VTUU,ne_lower,0.0,0.16,0.28,0.0,0.32,0.51
2026-08-24,VTUV,ne_lower,0.0,0.0,0.0,0.0,0.92,0.57
2026-08-25,VTBD,central,0.0,0.12,0.25,0.0,0.61,0.78
2026-08-25,VTBS,central,0.2,0.03,0.06,0.0,1.85,1.94
2026-08-25,VTCC,north,0.0,0.0,0.0,0.0,1.57,0.68
2026-08-25,VTCH,north,7.7,0.31,0.57,0.2,2.67,2.07
2026-08-25,VTCL,north,0.0,0.04,0.07,0.0,0.92,0.63
2026-08-25,VTCN,north,18.8,2.37,4.45,4.2,2.1,2.52
2026-08-25,VTCP,north,0.0,0.15,0.27,0.0,0.55,0.72
2026-08-25,VTCT,north,0.0,0.01,0.02,0.0,1.15,1.1
2026-08-25,VTPB,north,0.0,1.23,2.31,2.08,2.22,1.84
2026-08-25,VTPH,southeast,3.2,0.98,1.3,1.44,0.73,0.6
2026-08-25,VTPM,north,5.0,18.98,35.62,27.76,20.16,21.0
2026-08-25,VTPO,north,0.8,0.05,0.09,0.0,0.48,0.45
2026-08-25,VTPP,north,0.6,0.0,0.0,0.0,0.77,0.73
2026-08-25,VTSB,southeast,0.0,0.0,0.0,0.0,0.88,0.72
2026-08-25,VTSF,southeast,10.7,0.02,0.03,0.0,1.48,0.85
2026-08-25,VTSG,southwest,2.6,0.73,1.24,1.01,2.17,2.32
2026-08-25,VTSM,southeast,0.0,0.0,0.0,0.0,1.15,1.06
2026-08-25,VTSP,southwest,4.8,15.68,26.62,25.06,2.64,2.08
2026-08-25,VTSS,southeast,1.0,0.05,0.06,0.0,1.15,0.81
2026-08-25,VTST,southwest,5.4,12.36,20.98,20.67,3.46,2.06
2026-08-25,VTUD,ne_upper,0.0,0.06,0.1,0.0,0.64,0.63
2026-08-25,VTUI,ne_upper,0.0,0.04,0.07,0.0,0.96,0.71
2026-08-25,VTUK,ne_upper,0.0,0.0,0.0,0.0,0.83,1.05
2026-08-25,VTUL,ne_upper,0.0,0.0,0.0,0.0,0.5,0.4
2026-08-25,VTUO,ne_lower,0.0,0.21,0.35,0.08,0.5,0.43
2026-08-25,VTUU,ne_lower,0.0,0.35,0.6,0.4,1.59,1.5
2026-08-25,VTUV,ne_lower,0.0,9.66,16.65,17.89,1.5,0.86
2026-08-26,VTBD,central,0.0,1.31,2.73,2.3,0.97,1.1
2026-08-26,VTBS,central,0.0,8.38,17.47,15.78,2.19,2.16
2026-08-26,VTCC,north,0.2,0.66,1.23,0.82,2.06,1.21
2026-08-26,VTCH,north,0.7,17.93,33.66,27.0,2.95,2.57
2026-08-26,VTCL,north,0.0,0.0,0.0,0.0,3.15,2.69
2026-08-26,VTCN,north,0.0,4.1,7.7,7.22,2.28,3.8
2026-08-26,VTCP,north,0.8,0.0,0.01,0.0,0.98,0.67
2026-08-26,VTCT,north,0.0,2.95,5.53,4.92,1.73,1.6
2026-08-26,VTPB,north,0.6,20.03,37.6,29.01,2.57,3.06
2026-08-26,VTPH,southeast,0.0,2.39,3.18,4.21,1.23,1.24
2026-08-26,VTPM,north,61.5,9.95,18.67,18.23,18.83,16.81
2026-08-26,VTPO,north,0.0,0.58,1.09,0.8,2.63,1.62
2026-08-26,VTPP,north,20.2,0.43,0.8,0.55,1.48,1.28
2026-08-26,VTSB,southeast,0.0,0.0,0.0,0.0,0.32,0.44
2026-08-26,VTSC,southeast,0.0,0.12,0.16,0.0,1.0,0.73
2026-08-26,VTSF,southeast,4.3,0.0,0.0,0.0,1.01,0.7
2026-08-26,VTSG,southwest,4.8,0.93,1.57,1.4,1.42,1.26
2026-08-26,VTSM,southeast,0.0,0.05,0.07,0.0,0.56,0.52
2026-08-26,VTSP,southwest,0.0,0.64,1.09,0.82,0.93,0.74
2026-08-26,VTSS,southeast,0.0,0.0,0.0,0.0,1.34,1.04
2026-08-26,VTST,southwest,0.0,0.39,0.67,0.4,2.41,2.3
2026-08-26,VTUD,ne_upper,0.0,0.29,0.54,0.2,1.66,1.64
2026-08-26,VTUI,ne_upper,0.0,0.95,1.75,1.4,0.54,0.38
2026-08-26,VTUK,ne_upper,0.0,2.41,4.43,4.23,1.79,1.23
2026-08-26,VTUL,ne_upper,0.0,0.0,0.0,0.0,0.96,0.79
2026-08-26,VTUO,ne_lower,0.0,0.19,0.33,0.01,0.82,0.57
2026-08-26,VTUU,ne_lower,15.8,18.1,31.17,27.12,2.58,2.04
2026-08-26,VTUV,ne_lower,0.0,1.4,2.4,2.4,2.07,0.96
2026-08-27,VTBD,central,0.0,15.76,32.86,25.15,1.99,1.35
2026-08-27,VTBS,central,0.0,10.56,22.03,18.9,2.03,2.18
2026-08-27,VTCC,north,0.0,1.1,2.06,1.8,3.5,5.58
2026-08-27,VTCH,north,0.0,2.0,3.76,3.53,2.63,1.6
2026-08-27,VTCL,north,0.0,0.19,0.36,0.03,1.65,1.26
2026-08-27,VTCN,north,0.0,0.48,0.9,0.6,1.58,1.23
2026-08-27,VTCP,north,0.3,8.91,16.73,16.76,2.34,1.63
2026-08-27,VTCT,north,25.2,35.16,65.99,47.14,3.84,3.68
2026-08-27,VTPB,north,0.0,1.55,2.91,2.67,1.86,2.3
2026-08-27,VTPH,southeast,5.0,2.37,3.15,4.19,1.43,0.53
2026-08-27,VTPM,north,17.8,8.67,16.28,16.32,13.32,14.94
2026-08-27,VTPO,north,0.0,0.6,1.13,0.8,2.19,1.71
2026-08-27,VTPP,north,3.2,0.63,1.18,0.81,2.9,1.98
2026-08-27,VTSB,southeast,0.8,0.57,0.76,0.8,0.81,0.97
2026-08-27,VTSC,southeast,0.6,1.74,2.31,2.99,0.8,0.84
2026-08-27,VTSF,southeast,0.4,0.08,0.11,0.0,1.52,1.19
2026-08-27,VTSG,southwest,1.8,0.11,0.18,0.0,1.33,1.24
2026-08-27,VTSM,southeast,260.0,1.72,2.29,2.97,1.1,2.18
2026-08-27,VTSP,southwest,0.0,0.57,0.97,0.8,1.09,0.88
2026-08-27,VTSS,southeast,0.0,0.0,0.0,0.0,0.31,0.45
2026-08-27,VTST,southwest,0.0,0.03,0.05,0.0,0.84,0.75
2026-08-27,VTUD,ne_upper,0.0,8.18,15.02,15.42,2.45,2.8
2026-08-27,VTUI,ne_upper,0.0,0.0,0.0,0.0,1.1,1.15
2026-08-27,VTUK,ne_upper,0.0,0.0,0.0,0.0,0.41,0.73
2026-08-27,VTUL,ne_upper,0.0,0.95,1.74,1.4,0.54,0.43
2026-08-27,VTUO,ne_lower,0.0,8.79,15.14,16.53,2.46,2.33
2026-08-27,VTUU,ne_lower,4.0,6.52,11.23,11.83,3.07,2.84
2026-08-27,VTUV,ne_lower,1.0,0.98,1.68,1.44,2.9,1.27
2026-08-28,VTBD,central,14.0,7.96,16.61,15.03,7.79,10.33
2026-08-28,VTBS,central,0.0,11.61,24.2,19.97,3.43,5.5
2026-08-28,VTCC,north,0.2,0.02,0.05,0.0,0.74,0.57
2026-08-28,VTCH,north,0.5,16.67,31.29,26.08,3.3,1.7
2026-08-28,VTCL,north,0.0,0.22,0.41,0.14,2.79,2.56
2026-08-28,VTCN,north,0.0,5.84,10.96,10.46,2.35,2.07
2026-08-28,VTCP,north,1.1,0.0,0.01,0.0,0.79,0.58
2026-08-28,VTCT,north,3.4,1.8,3.38,3.13,3.13,3.52
2026-08-28,VTPB,north,0.4,0.49,0.92,0.6,3.12,2.19
2026-08-28,VTPH,southeast,2.4,1.16,1.55,1.86,1.57,0.89
2026-08-28,VTPM,north,37.9,12.73,23.9,21.01,10.19,11.32
2026-08-28,VTPO,north,0.1,0.1,0.19,0.0,0.81,0.48
2026-08-28,VTPP,north,11.4,0.04,0.07,0.0,1.09,1.39
2026-08-28,VTSB,southeast,7.9,0.0,0.0,0.0,1.03,0.83
2026-08-28,VTSC,southeast,0.0,0.79,1.05,1.22,0.62,0.24
2026-08-28,VTSF,southeast,0.0,0.01,0.01,0.0,1.7,1.15
2026-08-28,VTSG,southwest,0.0,4.74,8.05,8.31,1.62,2.0
2026-08-28,VTSM,southeast,0.0,2.33,3.1,4.12,1.99,1.79
2026-08-28,VTSP,southwest,2.4,0.14,0.24,0.0,0.6,0.64
2026-08-28,VTSS,southeast,0.0,2.6,3.46,4.38,0.52,0.16
2026-08-28,VTST,southwest,0.0,0.0,0.0,0.0,0.69,0.63
2026-08-28,VTUD,ne_upper,2.2,0.01,0.02,0.0,0.81,1.19
2026-08-28,VTUI,ne_upper,0.0,4.2,7.71,7.35,2.67,1.36
2026-08-28,VTUK,ne_upper,0.0,0.0,0.01,0.0,0.85,0.56
2026-08-28,VTUL,ne_upper,0.6,0.0,0.0,0.0,0.57,0.63
2026-08-28,VTUO,ne_lower,6.6,2.31,3.97,4.08,1.7,1.63
2026-08-28,VTUU,ne_lower,27.2,1.67,2.87,2.91,3.9,3.53
2026-08-28,VTUV,ne_lower,0.0,0.09,0.16,0.0,0.91,1.11
2026-08-29,VTBD,central,10.0,0.79,1.65,1.22,1.89,2.08
2026-08-29,VTBS,central,4.0,3.82,7.96,6.73,4.21,3.14
2026-08-29,VTCC,north,2.8,0.34,0.65,0.4,1.01,0.97
2026-08-29,VTCH,north,29.2,22.42,42.08,33.17,14.56,14.14
2026-08-29,VTCL,north,0.0,0.02,0.04,0.0,1.64,1.09
2026-08-29,VTCN,north,0.0,1.31,2.45,2.3,2.52,2.7
2026-08-29,VTCP,north,0.0,0.04,0.07,0.0,2.45,1.96
2026-08-29,VTCT,north,34.4,1.46,2.74,2.4,2.93,2.06
2026-08-29,VTPB,north,4.0,2.34,4.38,4.13,1.86,1.14
2026-08-29,VTPH,southeast,0.2,8.94,11.9,16.82,2.37,1.83
2026-08-29,VTPM,north,19.4,1.68,3.15,2.92,5.91,5.48
2026-08-29,VTPO,north,1.2,0.01,0.01,0.0,0.49,0.48
2026-08-29,VTPP,north,18.6,0.0,0.0,0.0,0.8,1.19
2026-08-29,VTSB,southeast,0.0,0.05,0.07,0.0,1.36,1.11
2026-08-29,VTSC,southeast,29.6,0.35,0.47,0.4,2.84,1.34
2026-08-29,VTSF,southeast,0.0,0.0,0.0,0.0,1.12,1.34
2026-08-29,VTSG,southwest,3.8,0.0,0.01,0.0,1.32,1.32
2026-08-29,VTSM,southeast,0.0,0.06,0.07,0.0,0.51,0.78
2026-08-29,VTSP,southwest,0.0,0.01,0.02,0.0,0.54,0.42
2026-08-29,VTSS,southeast,21.0,0.01,0.02,0.0,1.11,0.97
2026-08-29,VTST,southwest,0.0,0.0,0.01,0.0,1.1,1.06
2026-08-29,VTUD,ne_upper,0.0,0.16,0.29,0.0,1.11,0.93
2026-08-29,VTUI,ne_upper,14.0,1.67,3.07,2.91,2.14,1.72
2026-08-29,VTUK,ne_upper,0.2,0.0,0.0,0.0,1.45,0.89
2026-08-29,VTUL,ne_upper,0.4,1.11,2.04,1.8,1.34,1.11
2026-08-29,VTUO,ne_lower,9.7,0.69,1.19,0.9,1.97,2.07
2026-08-29,VTUU,ne_lower,36.0,20.91,36.01,30.15,20.39,30.93
2026-08-29,VTUV,ne_lower,19.4,0.04,0.07,0.0,0.73,0.79
2026-08-30,VTBD,central,7.0,0.07,0.14,0.0,1.67,2.11
2026-08-30,VTBS,central,1.8,11.82,24.64,20.17,1.86,1.39
2026-08-30,VTCC,north,7.0,0.05,0.09,0.0,0.49,0.45
2026-08-30,VTCH,north,37.6,13.29,24.95,21.65,4.46,3.51
2026-08-30,VTCL,north,20.8,0.0,0.0,0.0,0.65,0.55
2026-08-30,VTCN,north,4.6,15.76,29.58,25.15,7.97,6.73
2026-08-30,VTCP,north,33.8,0.05,0.09,0.0,0.77,0.8
2026-08-30,VTCT,north,23.8,10.78,20.23,19.13,7.19,6.37
2026-08-30,VTPB,north,2.3,0.84,1.58,1.33,1.39,1.36
2026-08-30,VTPH,southeast,0.0,0.55,0.74,0.8,0.64,0.22
2026-08-30,VTPM,north,29.6,7.65,14.35,14.32,10.88,8.09
2026-08-30,VTPO,north,3.4,0.0,0.0,0.0,0.57,0.73
2026-08-30,VTPP,north,5.2,0.81,1.53,1.27,0.27,0.31
2026-08-30,VTSB,southeast,3.6,0.0,0.0,0.0,0.38,0.33
2026-08-30,VTSC,southeast,0.0,1.65,2.19,2.88,0.72,0.41
2026-08-30,VTSF,southeast,0.0,0.0,0.0,0.0,0.29,0.21
2026-08-30,VTSG,southwest,0.0,0.05,0.08,0.0,0.38,0.72
2026-08-30,VTSM,southeast,0.0,0.22,0.29,0.11,0.36,0.54
2026-08-30,VTSP,southwest,0.0,0.14,0.24,0.0,0.52,1.14
2026-08-30,VTSS,southeast,4.6,0.0,0.0,0.0,0.55,0.46
2026-08-30,VTST,southwest,0.0,0.59,1.01,0.8,0.56,0.14
2026-08-30,VTUD,ne_upper,6.2,0.92,1.7,1.4,1.36,1.13
2026-08-30,VTUK,ne_upper,2.6,0.64,1.17,0.81,0.8,0.89
2026-08-30,VTUL,ne_upper,3.4,0.0,0.0,0.0,0.83,0.66
2026-08-30,VTUO,ne_lower,8.0,0.05,0.09,0.0,0.77,0.74
2026-08-30,VTUU,ne_lower,1.8,0.78,1.34,1.18,2.92,1.97
2026-08-30,VTUV,ne_lower,1.8,9.69,16.69,17.92,1.51,0.83
2026-08-31,VTBD,central,1.0,0.96,2.1,1.76,3.31,3.97
2026-08-31,VTBS,central,20.4,18.49,40.38,28.34,4.51,7.17
2026-08-31,VTCC,north,3.6,4.3,9.08,8.76,2.14,3.67
2026-08-31,VTCH,north,1.5,1.5,3.17,3.31,3.03,4.68
2026-08-31,VTCL,north,2.8,10.52,22.21,19.51,4.91,4.83
2026-08-31,VTCN,north,0.2,4.25,8.98,8.58,2.24,3.56
2026-08-31,VTCP,north,0.7,9.67,20.42,18.39,10.23,7.4
2026-08-31,VTCT,north,1.4,0.63,1.33,0.82,1.57,2.04
2026-08-31,VTPB,north,2.8,12.1,25.55,20.86,3.41,5.47
2026-08-31,VTPH,southeast,0.0,0.37,0.48,0.4,1.26,1.99
2026-08-31,VTPM,north,27.5,1.16,2.45,2.46,3.55,5.42
2026-08-31,VTPO,north,4.2,1.59,3.35,3.44,4.19,7.75
2026-08-31,VTPP,north,39.8,5.83,12.31,11.58,3.04,6.73
2026-08-31,VTSB,southeast,0.4,0.03,0.04,0.0,1.13,0.8
2026-08-31,VTSC,southeast,0.0,3.0,3.88,6.56,6.37,6.11
2026-08-31,VTSF,southeast,0.0,0.08,0.11,0.0,1.56,1.66
2026-08-31,VTSG,southwest,0.0,0.0,0.0,0.0,1.01,0.7
2026-08-31,VTSM,southeast,0.0,0.0,0.0,0.0,1.6,1.2
2026-08-31,VTSP,southwest,0.0,2.49,2.64,5.32,1.04,1.17
2026-08-31,VTSS,southeast,0.0,0.01,0.01,0.0,1.27,1.43
2026-08-31,VTST,southwest,2.8,1.98,2.11,4.2,0.93,1.32
2026-08-31,VTUD,ne_upper,2.2,0.39,0.84,0.4,0.97,1.05
2026-08-31,VTUI,ne_upper,0.2,0.03,0.06,0.0,2.3,1.88
2026-08-31,VTUK,ne_upper,1.6,0.96,2.08,1.74,4.22,5.56
2026-08-31,VTUL,ne_upper,0.0,0.0,0.0,0.0,1.57,1.16
2026-08-31,VTUO,ne_lower,22.8,0.96,1.98,1.76,3.77,4.49
2026-08-31,VTUU,ne_lower,24.0,0.15,0.32,0.0,2.02,2.67
2026-08-31,VTUV,ne_lower,9.4,9.45,19.43,18.01,8.91,5.93
2026-09-01,VTBD,central,7.2,36.71,80.16,47.51,15.41,25.04
2026-09-01,VTBS,central,0.4,5.87,12.81,11.64,9.87,8.92
2026-09-01,VTCC,north,0.0,0.02,0.05,0.0,2.16,1.53
2026-09-01,VTCH,north,1.0,1.1,2.33,2.38,2.48,2.12
2026-09-01,VTCL,north,0.0,0.0,0.0,0.0,2.08,1.86
2026-09-01,VTCN,north,7.6,2.86,6.04,6.26,4.33,6.88
2026-09-01,VTCP,north,0.0,0.5,1.06,0.6,3.51,5.84
2026-09-01,VTCT,north,0.0,0.39,0.83,0.4,2.22,4.97
2026-09-01,VTPB,north,0.0,9.16,19.35,17.65,3.41,5.15
2026-09-01,VTPH,southeast,0.0,0.0,0.0,0.0,1.38,1.17
2026-09-01,VTPM,north,0.4,0.24,0.52,0.2,2.38,4.86
2026-09-01,VTPO,north,2.4,0.0,0.0,0.0,1.48,2.04
2026-09-01,VTPP,north,0.4,0.0,0.0,0.0,1.9,2.01
2026-09-01,VTSB,southeast,0.1,0.0,0.0,0.0,1.2,0.84
2026-09-01,VTSC,southeast,0.0,0.34,0.44,0.2,1.53,1.59
2026-09-01,VTSF,southeast,0.0,2.59,3.35,5.56,0.97,1.55
2026-09-01,VTSG,southwest,1.4,0.2,0.21,0.0,0.93,1.69
2026-09-01,VTSM,southeast,270.0,0.22,0.28,0.17,1.19,1.2
2026-09-01,VTSP,southwest,3.6,0.29,0.31,0.2,1.0,1.96
2026-09-01,VTSS,southeast,0.0,1.29,1.67,2.74,0.85,1.52
2026-09-01,VTST,southwest,0.0,0.92,0.97,1.63,0.48,0.31
2026-09-01,VTUD,ne_upper,37.6,0.03,0.06,0.0,1.07,1.64
2026-09-01,VTUI,ne_upper,2.4,18.7,40.66,28.55,23.43,34.18
2026-09-01,VTUK,ne_upper,0.0,0.2,0.44,0.02,1.38,1.39
2026-09-01,VTUL,ne_upper,0.0,0.06,0.14,0.0,2.0,2.43
2026-09-01,VTUO,ne_lower,0.0,0.04,0.08,0.0,2.85,2.36
2026-09-01,VTUU,ne_lower,9.2,8.36,17.18,16.41,3.67,5.39
2026-09-01,VTUV,ne_lower,0.0,0.02,0.04,0.0,2.47,1.77
2026-09-02,VTBD,central,0.0,0.01,0.02,0.0,2.67,5.25
2026-09-02,VTBS,central,14.0,4.53,9.89,9.57,3.79,5.03
2026-09-02,VTCC,north,6.0,0.04,0.1,0.0,2.16,2.02
2026-09-02,VTCH,north,4.9,2.37,5.01,5.08,2.19,2.23
2026-09-02,VTCL,north,2.4,0.0,0.01,0.0,1.61,2.14
2026-09-02,VTCN,north,0.0,14.28,30.15,23.77,3.18,3.31
2026-09-02,VTCP,north,21.3,0.01,0.03,0.0,2.58,2.38
2026-09-02,VTCT,north,0.0,1.48,3.14,3.29,4.62,8.0
2026-09-02,VTPB,north,1.0,0.0,0.01,0.0,1.95,1.94
2026-09-02,VTPH,southeast,0.0,0.0,0.0,0.0,0.84,0.82
2026-09-02,VTPM,north,5.9,3.61,7.63,7.79,3.89,4.6
2026-09-02,VTPO,north,0.4,11.06,23.36,19.93,1.62,1.7
2026-09-02,VTPP,north,0.0,0.16,0.34,0.0,2.53,4.8
2026-09-02,VTSB,southeast,0.4,0.37,0.48,0.4,0.85,1.41
2026-09-02,VTSC,southeast,5.2,14.91,19.29,24.67,4.05,2.83
2026-09-02,VTSF,southeast,1.5,21.86,28.29,33.08,6.67,5.23
2026-09-02,VTSG,southwest,4.6,0.03,0.03,0.0,1.4,2.09
2026-09-02,VTSM,southeast,1.8,0.03,0.03,0.0,1.05,1.07
2026-09-02,VTSP,southwest,1.0,0.56,0.59,0.7,2.03,2.7
2026-09-02,VTSS,southeast,4.2,3.87,5.01,7.99,0.82,0.84
2026-09-02,VTST,southwest,1.0,1.76,1.86,3.78,2.08,2.5
2026-09-02,VTUD,ne_upper,0.0,4.23,9.2,8.55,4.73,5.17
2026-09-02,VTUI,ne_upper,1.0,3.38,7.36,7.28,11.21,13.09
2026-09-02,VTUK,ne_upper,0.8,3.32,7.22,7.11,4.71,6.21
2026-09-02,VTUL,ne_upper,4.0,5.06,11.0,10.49,4.06,3.47
2026-09-02,VTUO,ne_lower,0.4,4.86,10.0,10.19,0.81,1.33
2026-09-02,VTUU,ne_lower,15.6,4.28,8.8,8.66,2.19,2.85
2026-09-02,VTUV,ne_lower,0.4,16.21,33.32,26.15,4.69,7.84
2026-09-03,VTBD,central,16.2,0.27,0.59,0.2,5.28,8.02
2026-09-03,VTBS,central,19.6,0.66,1.43,0.96,4.73,5.71
2026-09-03,VTCC,north,17.6,0.39,0.82,0.4,1.14,0.68
2026-09-03,VTCH,north,0.0,0.58,1.23,0.8,2.91,4.01
2026-09-03,VTCL,north,2.4,0.0,0.0,0.0,0.74,0.82
2026-09-03,VTCN,north,9.8,8.91,18.82,17.33,2.53,3.59
2026-09-03,VTCP,north,7.5,0.0,0.0,0.0,1.83,1.63
2026-09-03,VTCT,north,21.2,5.62,11.87,11.28,4.91,7.61
2026-09-03,VTPB,north,2.0,0.0,0.0,0.0,1.67,1.6
2026-09-03,VTPH,southeast,0.0,0.0,0.0,0.0,1.23,1.76
2026-09-03,VTPM,north,0.3,4.8,10.13,10.09,3.52,6.26
2026-09-03,VTPO,north,0.0,0.01,0.02,0.0,1.21,1.39
2026-09-03,VTPP,north,0.0,0.04,0.08,0.0,2.55,1.74
2026-09-03,VTSB,southeast,1.6,0.0,0.0,0.0,1.4,1.03
2026-09-03,VTSC,southeast,0.0,6.02,7.79,11.89,2.15,1.34
2026-09-03,VTSF,southeast,1.0,0.46,0.6,0.54,1.84,3.05
2026-09-03,VTSG,southwest,38.8,4.58,4.86,9.68,2.7,3.63
2026-09-03,VTSM,southeast,0.0,0.07,0.09,0.0,1.39,1.29
2026-09-03,VTSP,southwest,40.2,9.02,9.58,17.47,6.74,7.18
2026-09-03,VTSS,southeast,6.6,2.68,3.47,5.82,0.82,0.99
2026-09-03,VTST,southwest,32.6,12.89,13.68,21.74,1.93,2.18
2026-09-03,VTUD,ne_upper,26.8,0.14,0.3,0.0,2.41,3.32
2026-09-03,VTUI,ne_upper,0.6,1.55,3.36,3.38,7.56,10.85
2026-09-03,VTUK,ne_upper,1.0,2.76,6.0,6.04,2.68,4.32
2026-09-03,VTUL,ne_upper,0.8,0.15,0.32,0.0,1.31,1.34
2026-09-03,VTUO,ne_lower,0.0,0.28,0.58,0.2,4.62,5.56
2026-09-03,VTUU,ne_lower,0.0,1.27,2.6,2.67,0.71,1.47
2026-09-03,VTUV,ne_lower,0.0,0.97,1.99,1.78,1.44,1.7
2026-09-04,VTBD,central,0.0,0.22,0.49,0.2,0.84,1.56
2026-09-04,VTBS,central,0.0,0.01,0.03,0.0,1.46,1.94
2026-09-04,VTCC,north,1.6,0.12,0.26,0.0,1.55,2.41
2026-09-04,VTCH,north,0.0,16.26,34.33,26.2,2.52,2.78
2026-09-04,VTCL,north,3.6,0.0,0.0,0.0,1.81,1.46
2026-09-04,VTCN,north,8.6,4.5,9.49,9.5,8.11,8.4
2026-09-04,VTCP,north,14.6,0.02,0.05,0.0,2.08,2.13
2026-09-04,VTCT,north,4.7,30.35,64.09,41.05,4.78,8.18
2026-09-04,VTPB,north,0.0,0.01,0.03,0.0,2.19,2.24
2026-09-04,VTPH,southeast,3.0,0.04,0.05,0.0,1.31,1.21
2026-09-04,VTPM,north,1.6,14.51,30.63,24.11,10.14,12.33
2026-09-04,VTPO,north,3.4,0.32,0.67,0.2,1.0,1.99
2026-09-04,VTPP,north,7.4,0.22,0.46,0.16,1.13,1.96
2026-09-04,VTSB,southeast,0.0,0.72,0.94,1.2,0.6,1.01
2026-09-04,VTSC,southeast,0.0,7.06,9.13,13.7,1.04,0.57
2026-09-04,VTSF,southeast,0.0,1.53,1.98,3.36,1.17,2.46
2026-09-04,VTSG,southwest,0.2,0.03,0.04,0.0,1.2,1.79
2026-09-04,VTSM,southeast,0.0,0.0,0.0,0.0,1.87,1.74
2026-09-04,VTSP,southwest,0.0,0.12,0.13,0.0,1.09,1.41
2026-09-04,VTSS,southeast,0.0,0.02,0.03,0.0,1.68,1.7
2026-09-04,VTST,southwest,0.0,1.07,1.14,2.21,1.64,1.83
2026-09-04,VTUD,ne_upper,8.6,13.44,29.21,22.54,2.78,2.97
2026-09-04,VTUI,ne_upper,0.2,3.86,8.38,7.98,16.97,24.82
2026-09-04,VTUK,ne_upper,4.6,4.24,9.22,8.56,4.96,4.18
2026-09-04,VTUL,ne_upper,6.0,22.07,47.99,33.26,3.94,3.96
2026-09-04,VTUO,ne_lower,0.0,0.07,0.14,0.0,1.59,1.96
2026-09-04,VTUU,ne_lower,20.4,76.86,158.02,257.45,11.64,16.77
2026-09-04,VTUV,ne_lower,1.2,25.19,51.79,36.05,22.37,25.95
2026-09-05,VTBD,central,0.4,9.28,20.27,17.79,2.44,4.0
2026-09-05,VTBS,central,10.4,8.76,19.13,17.14,2.03,2.87
2026-09-05,VTCC,north,1.4,2.3,4.85,4.88,1.65,1.82
2026-09-05,VTCH,north,0.6,0.18,0.37,0.0,4.24,5.34
2026-09-05,VTCL,north,0.0,0.07,0.14,0.0,2.05,4.98
2026-09-05,VTCN,north,1.2,1.25,2.64,2.62,3.38,4.33
2026-09-05,VTCP,north,0.5,6.03,12.73,11.9,1.8,2.07
2026-09-05,VTCT,north,0.0,0.03,0.05,0.0,1.86,3.46
2026-09-05,VTPB,north,0.0,0.07,0.15,0.0,2.87,5.76
2026-09-05,VTPH,southeast,19.6,0.21,0.27,0.09,0.95,1.62
2026-09-05,VTPM,north,38.6,9.86,20.82,18.73,2.46,4.16
2026-09-05,VTPO,north,0.0,0.0,0.0,0.0,1.91,2.3
2026-09-05,VTPP,north,0.0,7.16,15.12,13.95,0.8,1.7
2026-09-05,VTSB,southeast,0.0,0.79,1.02,1.4,0.69,1.28
2026-09-05,VTSC,southeast,0.0,1.4,1.81,3.14,1.31,1.27
2026-09-05,VTSF,southeast,0.0,1.04,1.34,2.01,0.54,1.24
2026-09-05,VTSG,southwest,0.0,0.0,0.01,0.0,1.56,1.34
2026-09-05,VTSM,southeast,0.0,0.06,0.08,0.0,1.28,1.25
2026-09-05,VTSP,southwest,0.0,0.03,0.04,0.0,1.47,1.15
2026-09-05,VTSS,southeast,0.0,0.0,0.0,0.0,1.31,1.82
2026-09-05,VTST,southwest,0.0,0.02,0.02,0.0,1.97,2.4
2026-09-05,VTUD,ne_upper,16.8,21.54,46.84,32.61,19.0,28.91
2026-09-05,VTUI,ne_upper,21.4,50.37,109.52,103.15,9.87,13.77
2026-09-05,VTUK,ne_upper,24.2,20.15,43.8,30.28,4.52,5.82
2026-09-05,VTUL,ne_upper,0.0,0.03,0.06,0.0,4.46,6.42
2026-09-05,VTUO,ne_lower,0.0,0.11,0.22,0.0,2.41,2.21
2026-09-05,VTUU,ne_lower,29.2,10.59,21.77,19.56,7.71,8.88
2026-09-05,VTUV,ne_lower,19.8,11.61,23.87,20.4,4.21,5.57
2026-09-06,VTBD,central,3.4,0.0,0.0,0.0,2.13,2.69
2026-09-06,VTBS,central,1.8,0.23,0.51,0.2,1.11,1.62
2026-09-06,VTCC,north,0.8,0.1,0.22,0.0,4.29,6.4
2026-09-06,VTCH,north,76.2,1.1,2.33,2.38,3.2,4.17
2026-09-06,VTCL,north,0.4,0.0,0.01,0.0,2.69,2.36
2026-09-06,VTCN,north,22.0,0.12,0.26,0.0,5.11,5.49
2026-09-06,VTCP,north,0.0,0.0,0.0,0.0,1.73,2.32
2026-09-06,VTCT,north,0.0,0.0,0.01,0.0,2.65,3.25
2026-09-06,VTPB,north,2.6,1.13,2.38,2.43,5.21,5.37
2026-09-06,VTPH,southeast,53.6,1.25,1.62,2.61,1.27,1.99
2026-09-06,VTPM,north,30.7,1.65,3.48,3.55,4.21,5.86
2026-09-06,VTPO,north,1.2,0.91,1.92,1.6,1.93,1.62
2026-09-06,VTPP,north,28.2,0.07,0.14,0.0,1.33,2.11
2026-09-06,VTSB,southeast,0.0,0.07,0.09,0.0,1.45,1.32
2026-09-06,VTSC,southeast,0.0,24.35,31.5,35.28,1.64,0.84
2026-09-06,VTSF,southeast,0.0,0.21,0.27,0.08,0.77,1.08
2026-09-06,VTSG,southwest,0.0,0.03,0.04,0.0,1.06,1.25
2026-09-06,VTSM,southeast,4.4,0.0,0.0,0.0,1.76,1.11
2026-09-06,VTSP,southwest,0.0,0.24,0.25,0.2,1.29,1.28
2026-09-06,VTSS,southeast,0.0,0.0,0.0,0.0,2.77,2.27
2026-09-06,VTST,southwest,0.0,0.06,0.07,0.0,2.13,2.4
2026-09-06,VTUD,ne_upper,0.2,0.35,0.77,0.3,5.3,4.78
2026-09-06,VTUI,ne_upper,4.0,51.78,112.58,111.34,6.45,5.91
2026-09-06,VTUK,ne_upper,0.8,0.68,1.47,1.04,4.82,4.42
2026-09-06,VTUL,ne_upper,0.0,0.26,0.57,0.2,3.24,4.02
2026-09-06,VTUO,ne_lower,13.6,0.29,0.6,0.2,1.76,1.81
2026-09-06,VTUU,ne_lower,21.8,4.91,10.1,10.27,3.12,5.74
2026-09-06,VTUV,ne_lower,0.2,0.52,1.07,0.6,3.87,4.77
2026-09-07,VTBD,central,0.0,0.32,0.7,0.2,4.59,7.51
2026-09-07,VTBS,central,2.6,0.0,0.0,0.0,0.88,1.87
2026-09-07,VTCC,north,84.6,0.05,0.1,0.0,0.7,0.65
2026-09-07,VTCH,north,2.4,2.79,5.59,4.5,3.41,2.58
2026-09-07,VTCL,north,0.0,0.11,0.21,0.0,0.88,1.44
2026-09-07,VTCN,north,7.4,0.08,0.15,0.0,0.96,0.66
2026-09-07,VTCP,north,1.3,0.01,0.01,0.0,0.67,1.03
2026-09-07,VTCT,north,12.7,1.95,3.9,3.44,2.95,1.89
2026-09-07,VTPB,north,0.0,0.02,0.05,0.0,0.99,1.49
2026-09-07,VTPH,southeast,0.0,1.1,1.61,1.73,1.39,1.83
2026-09-07,VTPM,north,0.4,16.8,33.59,26.94,4.26,6.58
2026-09-07,VTPO,north,8.2,0.01,0.02,0.0,1.09,1.82
2026-09-07,VTPP,north,34.6,0.0,0.0,0.0,1.23,2.04
2026-09-07,VTSB,southeast,0.0,0.0,0.0,0.0,1.2,0.74
2026-09-07,VTSC,southeast,0.2,10.47,15.27,19.25,1.82,0.96
2026-09-07,VTSF,southeast,2.1,0.16,0.23,0.0,1.35,1.66
2026-09-07,VTSG,southwest,0.0,0.03,0.04,0.0,0.5,0.65
2026-09-07,VTSM,southeast,12.4,0.0,0.0,0.0,0.77,1.0
2026-09-07,VTSP,southwest,4.4,0.38,0.46,0.2,0.53,0.49
2026-09-07,VTSS,southeast,0.0,1.88,2.73,3.2,1.28,1.51
2026-09-07,VTST,southwest,0.0,0.0,0.0,0.0,1.26,1.21
2026-09-07,VTUD,ne_upper,14.0,0.03,0.05,0.0,2.02,2.47
2026-09-07,VTUI,ne_upper,15.6,41.78,72.49,85.43,6.9,7.05
2026-09-07,VTUK,ne_upper,47.4,0.56,0.97,0.45,2.29,2.19
2026-09-07,VTUL,ne_upper,16.4,6.09,10.57,10.48,4.43,4.66
2026-09-07,VTUO,ne_lower,0.0,0.02,0.03,0.0,0.58,0.95
2026-09-07,VTUU,ne_lower,0.0,6.99,12.74,11.44,7.99,10.73
2026-09-07,VTUV,ne_lower,13.8,2.32,4.23,3.95,5.35,3.62
2026-09-08,VTBD,central,0.8,0.04,0.09,0.0,2.85,5.61
2026-09-08,VTBS,central,1.4,0.07,0.15,0.0,1.96,3.08
2026-09-08,VTCC,north,0.0,0.02,0.03,0.0,1.34,2.28
2026-09-08,VTCH,north,0.0,1.01,2.03,1.49,3.71,3.46
2026-09-08,VTCL,north,0.0,0.3,0.6,0.14,1.56,1.54
2026-09-08,VTCN,north,0.2,0.0,0.0,0.0,1.23,0.8
2026-09-08,VTCP,north,0.0,0.22,0.43,0.0,2.85,2.46
2026-09-08,VTCT,north,1.4,0.0,0.0,0.0,0.59,0.59
2026-09-08,VTPB,north,24.0,5.93,11.85,10.21,2.83,3.56
2026-09-08,VTPH,southeast,0.8,1.2,1.75,1.9,1.8,2.02
2026-09-08,VTPM,north,2.0,0.19,0.38,0.0,1.87,2.93
2026-09-08,VTPO,north,0.0,0.06,0.13,0.0,2.36,4.27
2026-09-08,VTPP,north,0.6,0.0,0.0,0.0,1.33,1.46
2026-09-08,VTSB,southeast,0.0,4.88,7.11,8.62,1.35,0.82
2026-09-08,VTSC,southeast,0.0,48.15,70.21,115.32,3.57,3.45
2026-09-08,VTSF,southeast,6.2,6.96,10.14,11.41,1.6,1.99
2026-09-08,VTSG,southwest,0.0,0.46,0.56,0.38,1.93,1.46
2026-09-08,VTSM,southeast,0.0,0.09,0.14,0.0,2.13,2.26
2026-09-08,VTSP,southwest,0.0,5.2,6.31,9.12,2.64,2.72
2026-09-08,VTSS,southeast,0.0,0.0,0.0,0.0,0.51,0.57
2026-09-08,VTST,southwest,0.0,2.15,2.61,3.76,3.91,2.77
2026-09-08,VTUD,ne_upper,4.0,2.28,3.95,3.91,7.26,5.87
2026-09-08,VTUI,ne_upper,21.4,0.36,0.63,0.2,4.04,6.04
2026-09-08,VTUK,ne_upper,0.0,0.0,0.0,0.0,0.86,1.07
2026-09-08,VTUL,ne_upper,0.6,0.84,1.45,1.03,3.43,3.96
2026-09-08,VTUO,ne_lower,6.8,0.01,0.02,0.0,0.55,1.24
2026-09-08,VTUU,ne_lower,1.6,0.9,1.64,1.12,10.14,8.45
2026-09-08,VTUV,ne_lower,0.0,0.23,0.41,0.0,2.0,1.99
2026-09-09,VTBD,central,8.6,0.0,0.0,0.0,1.69,3.13
2026-09-09,VTBS,central,17.4,0.0,0.0,0.0,0.69,2.33
2026-09-09,VTCC,north,9.4,0.14,0.28,0.0,2.57,2.51
2026-09-09,VTCH,north,0.8,2.02,4.03,3.61,6.54,7.04
2026-09-09,VTCL,north,15.7,0.0,0.0,0.0,0.79,0.78
2026-09-09,VTCN,north,3.0,0.0,0.01,0.0,1.34,0.8
2026-09-09,VTCP,north,2.2,0.33,0.65,0.2,2.98,3.65
2026-09-09,VTCT,north,20.6,2.46,4.91,4.08,3.62,3.05
2026-09-09,VTPB,north,3.2,13.2,26.4,21.56,3.84,4.02
2026-09-09,VTPH,southeast,0.0,0.01,0.01,0.0,0.86,1.61
2026-09-09,VTPM,north,0.0,2.23,4.47,3.86,3.47,3.5
2026-09-09,VTPO,north,4.6,0.01,0.01,0.0,0.62,0.94
2026-09-09,VTPP,north,12.0,20.75,41.48,30.77,2.36,2.5
2026-09-09,VTSB,southeast,2.2,0.0,0.0,0.0,1.45,1.33
2026-09-09,VTSC,southeast,1.2,0.11,0.16,0.0,1.19,1.23
2026-09-09,VTSF,southeast,18.2,21.29,31.05,32.41,1.64,1.08
2026-09-09,VTSG,southwest,4.0,0.25,0.3,0.0,2.18,2.1
2026-09-09,VTSM,southeast,0.6,0.02,0.04,0.0,0.4,0.65
2026-09-09,VTSP,southwest,0.0,0.9,1.1,1.13,3.12,2.71
2026-09-09,VTSS,southeast,5.4,0.08,0.11,0.0,1.54,1.59
2026-09-09,VTST,southwest,0.2,0.8,0.97,1.01,3.15,2.43
2026-09-09,VTUD,ne_upper,48.0,22.64,39.29,35.78,7.82,9.03
2026-09-09,VTUI,ne_upper,1.6,49.05,85.11,119.53,8.19,8.3
2026-09-09,VTUK,ne_upper,1.6,46.6,80.87,108.08,6.05,6.17
2026-09-09,VTUL,ne_upper,3.4,0.99,1.71,1.42,3.86,3.21
2026-09-09,VTUO,ne_lower,30.8,1.32,2.41,2.17,3.74,2.54
2026-09-09,VTUU,ne_lower,5.8,39.13,71.34,73.3,10.42,14.49
2026-09-09,VTUV,ne_lower,2.6,7.19,13.11,11.59,7.44,7.4
2026-09-10,VTBD,central,1.6,28.83,63.65,43.12,7.84,8.74
2026-09-10,VTBS,central,0.6,57.14,126.16,157.48,11.82,25.57
2026-09-10,VTCC,north,9.2,29.48,58.94,43.9,13.73,17.73
2026-09-10,VTCH,north,7.8,19.58,39.15,28.92,8.34,7.39
2026-09-10,VTCL,north,29.6,32.22,64.41,47.21,8.65,6.62
2026-09-10,VTCN,north,11.0,11.42,22.83,20.45,6.23,7.07
2026-09-10,VTCP,north,0.9,3.37,6.75,5.57,4.19,3.48
2026-09-10,VTCT,north,6.1,21.51,43.01,33.06,10.48,6.75
2026-09-10,VTPB,north,0.7,2.3,4.6,3.93,5.62,6.66
2026-09-10,VTPH,southeast,11.9,16.61,24.23,26.84,2.41,2.9
2026-09-10,VTPM,north,17.5,0.15,0.29,0.0,1.03,1.16
2026-09-10,VTPO,north,11.4,0.12,0.23,0.0,4.19,5.75
2026-09-10,VTPP,north,0.8,0.68,1.36,0.71,1.1,1.92
2026-09-10,VTSB,southeast,4.4,0.09,0.13,0.0,0.83,0.75
2026-09-10,VTSC,southeast,7.6,28.83,42.05,43.13,3.97,3.93
2026-09-10,VTSF,southeast,0.6,0.68,1.0,0.72,1.75,2.07
2026-09-10,VTSG,southwest,9.8,0.1,0.12,0.0,3.41,2.71
2026-09-10,VTSM,southeast,0.0,0.0,0.01,0.0,0.52,0.75
2026-09-10,VTSP,southwest,6.8,2.58,3.13,4.19,3.81,3.13
2026-09-10,VTSS,southeast,12.4,0.0,0.0,0.0,1.14,1.42
2026-09-10,VTST,southwest,30.4,0.17,0.2,0.0,2.53,1.52
2026-09-10,VTUD,ne_upper,0.2,0.96,1.66,1.31,3.04,3.23
2026-09-10,VTUI,ne_upper,0.0,0.04,0.08,0.0,0.69,1.13
2026-09-10,VTUK,ne_upper,2.8,7.51,13.03,12.99,6.72,6.75
2026-09-10,VTUL,ne_upper,13.0,54.24,94.13,143.91,14.45,18.96
2026-09-10,VTUO,ne_lower,1.4,10.12,18.46,18.8,6.62,7.2
2026-09-10,VTUU,ne_lower,39.0,10.99,20.03,19.9,8.49,8.92
2026-09-10,VTUV,ne_lower,22.4,6.45,11.76,10.92,5.7,5.68
2026-09-11,VTBD,central,2.4,13.96,30.82,22.57,5.7,11.86
2026-09-11,VTBS,central,17.4,2.01,4.43,3.6,6.68,7.22
2026-09-11,VTCC,north,40.6,0.05,0.09,0.0,3.73,4.44
2026-09-11,VTCH,north,0.2,0.18,0.36,0.0,1.78,1.47
2026-09-11,VTCL,north,0.0,0.01,0.02,0.0,0.58,0.75
2026-09-11,VTCN,north,4.8,1.57,3.14,2.49,1.83,1.57
2026-09-11,VTCP,north,3.6,0.0,0.0,0.0,1.03,1.26
2026-09-11,VTCT,north,0.0,4.31,8.63,7.55,7.69,4.69
2026-09-11,VTPB,north,0.0,0.04,0.07,0.0,0.87,1.13
2026-09-11,VTPH,southeast,6.0,5.74,8.37,9.83,4.12,6.02
2026-09-11,VTPM,north,0.2,0.04,0.08,0.0,2.06,2.04
2026-09-11,VTPO,north,0.0,0.08,0.16,0.0,0.71,1.0
2026-09-11,VTPP,north,0.0,2.57,5.13,4.18,1.48,2.12
2026-09-11,VTSB,southeast,0.1,0.02,0.04,0.0,0.83,0.66
2026-09-11,VTSC,southeast,0.4,44.84,65.39,99.8,9.08,10.81
2026-09-11,VTSF,southeast,15.1,2.08,3.03,3.68,2.52,3.87
2026-09-11,VTSG,southwest,0.8,0.58,0.71,0.5,2.97,2.26
2026-09-11,VTSM,southeast,0.0,0.17,0.25,0.0,1.87,1.79
2026-09-11,VTSP,southwest,24.0,6.7,8.13,11.22,4.76,3.74
2026-09-11,VTSS,southeast,4.4,1.08,1.57,1.65,1.17,2.44
2026-09-11,VTST,southwest,22.4,9.37,11.37,17.48,3.47,4.22
2026-09-11,VTUD,ne_upper,0.0,0.01,0.01,0.0,1.02,1.72
2026-09-11,VTUI,ne_upper,2.4,0.78,1.36,0.99,0.84,0.9
2026-09-11,VTUK,ne_upper,0.0,0.46,0.8,0.38,0.88,1.18
2026-09-11,VTUL,ne_upper,0.0,0.24,0.41,0.0,0.54,1.51
2026-09-11,VTUO,ne_lower,0.0,0.72,1.32,0.79,0.99,1.45
2026-09-11,VTUU,ne_lower,0.0,0.18,0.33,0.0,2.84,4.67
2026-09-11,VTUV,ne_lower,0.0,0.0,0.0,0.0,0.92,1.45
2026-09-12,VTBD,central,0.4,3.32,7.34,5.44,7.11,8.74
2026-09-12,VTBS,central,1.8,3.66,8.08,6.39,5.08,7.21
2026-09-12,VTCC,north,0.0,0.26,0.51,0.0,3.05,2.65
2026-09-12,VTCH,north,0.5,0.56,1.12,0.45,3.14,2.55
2026-09-12,VTCL,north,0.0,0.04,0.07,0.0,0.86,1.03
2026-09-12,VTCN,north,2.4,0.0,0.0,0.0,0.56,0.41
2026-09-12,VTCP,north,0.0,0.0,0.0,0.0,2.03,2.82
2026-09-12,VTCT,north,0.0,0.0,0.0,0.0,1.39,0.57
2026-09-12,VTPB,north,0.0,0.0,0.0,0.0,0.93,1.52
2026-09-12,VTPH,southeast,35.4,39.22,57.19,73.7,15.59,14.54
2026-09-12,VTPM,north,0.0,0.02,0.04,0.0,1.1,1.07
2026-09-12,VTPO,north,0.0,0.0,0.0,0.0,1.32,1.38
2026-09-12,VTPP,north,0.0,0.0,0.0,0.0,0.8,0.89
2026-09-12,VTSB,southeast,20.2,7.88,11.49,14.17,2.92,2.15
2026-09-12,VTSC,southeast,0.0,63.19,92.15,185.88,14.05,15.02
2026-09-12,VTSF,southeast,30.4,2.48,3.62,4.11,1.46,2.46
2026-09-12,VTSG,southwest,41.8,0.15,0.18,0.0,1.86,1.0
2026-09-12,VTSM,southeast,22.8,43.15,62.92,91.88,13.2,20.61
2026-09-12,VTSP,southwest,14.6,30.8,37.38,45.5,3.03,2.0
2026-09-12,VTSS,southeast,0.4,0.5,0.73,0.4,0.95,1.78
2026-09-12,VTST,southwest,0.8,22.1,26.83,34.83,2.64,2.84
2026-09-12,VTUD,ne_upper,0.0,0.0,0.0,0.0,0.56,0.93
2026-09-12,VTUI,ne_upper,0.0,0.0,0.0,0.0,0.47,0.74
2026-09-12,VTUK,ne_upper,0.0,0.0,0.0,0.0,0.56,0.96
2026-09-12,VTUL,ne_upper,0.0,0.0,0.01,0.0,0.59,0.94
2026-09-12,VTUO,ne_lower,0.0,1.49,2.72,2.37,1.9,1.86
2026-09-12,VTUU,ne_lower,23.0,5.74,10.46,9.82,10.0,13.76
2026-09-12,VTUV,ne_lower,1.0,0.0,0.0,0.0,0.62,1.16
2026-09-13,VTBD,central,1.6,0.01,0.02,0.0,0.57,1.72
2026-09-13,VTBS,central,0.2,0.38,0.83,0.2,0.67,1.53
2026-09-13,VTCC,north,0.0,0.0,0.0,0.0,1.09,0.97
2026-09-13,VTCH,north,0.0,0.0,0.0,0.0,0.49,0.12
2026-09-13,VTCL,north,0.0,0.0,0.0,0.0,0.76,0.74
2026-09-13,VTCN,north,0.0,0.0,0.0,0.0,0.74,0.56
2026-09-13,VTCP,north,0.0,0.0,0.0,0.0,1.78,1.24
2026-09-13,VTCT,north,0.0,0.0,0.0,0.0,0.71,0.3
2026-09-13,VTPB,north,0.0,0.0,0.01,0.0,1.17,1.79
2026-09-13,VTPH,southeast,0.0,0.16,0.23,0.0,1.07,1.57
2026-09-13,VTPM,north,0.0,22.35,44.68,35.44,6.65,5.49
2026-09-13,VTPO,north,11.4,0.0,0.0,0.0,0.88,1.22
2026-09-13,VTPP,north,4.4,0.64,1.29,0.64,4.04,4.19
2026-09-13,VTSB,southeast,33.2,1.25,1.82,1.97,1.72,2.26
2026-09-13,VTSC,southeast,18.6,66.37,96.78,200.78,9.89,7.39
2026-09-13,VTSF,southeast,26.6,3.08,4.49,4.94,3.96,2.38
2026-09-13,VTSG,southwest,7.0,0.06,0.07,0.0,2.99,3.18
2026-09-13,VTSM,southeast,1.6,4.52,6.59,8.02,1.51,2.9
2026-09-13,VTSP,southwest,1.4,0.16,0.19,0.0,2.59,2.23
2026-09-13,VTSS,southeast,0.0,1.11,1.62,1.76,1.75,1.54
2026-09-13,VTST,southwest,0.0,1.84,2.23,3.14,3.58,2.48
2026-09-13,VTUD,ne_upper,0.0,1.42,2.46,2.29,1.94,2.45
2026-09-13,VTUI,ne_upper,27.0,5.13,8.9,9.01,6.87,7.87
2026-09-13,VTUK,ne_upper,3.4,0.01,0.01,0.0,0.4,1.08
2026-09-13,VTUL,ne_upper,0.0,2.28,3.96,3.91,0.78,1.38
2026-09-13,VTUO,ne_lower,11.6,3.58,6.52,6.24,9.49,10.14
2026-09-13,VTUU,ne_lower,5.6,12.27,22.37,21.03,12.9,14.36
2026-09-13,VTUV,ne_lower,23.0,1.39,2.53,2.26,8.64,10.97
2026-09-14,VTBD,central,3.8,2.99,6.23,4.98,3.01,3.39
2026-09-14,VTBS,central,18.8,0.23,0.48,0.18,1.3,1.54
2026-09-14,VTCC,north,0.0,0.05,0.09,0.0,1.31,0.88
2026-09-14,VTCH,north,0.0,1.58,2.96,2.8,2.59,1.59
2026-09-14,VTCL,north,0.0,1.25,2.34,2.13,6.08,7.08
2026-09-14,VTCN,north,0.0,0.38,0.71,0.4,2.57,1.77
2026-09-14,VTCP,north,0.0,19.22,36.08,27.95,2.28,1.67
2026-09-14,VTCT,north,0.0,0.1,0.18,0.0,0.6,0.36
2026-09-14,VTPB,north,9.5,1.82,3.41,3.16,5.49,5.64
2026-09-14,VTPH,southeast,0.6,1.11,1.48,1.8,1.12,1.58
2026-09-14,VTPM,north,3.7,2.59,4.86,4.38,3.94,4.21
2026-09-14,VTPO,north,6.0,17.83,33.47,26.93,2.6,2.19
2026-09-14,VTPP,north,25.4,6.06,11.38,10.96,3.78,3.34
2026-09-14,VTSB,southeast,7.0,26.58,35.37,36.94,5.89,4.72
2026-09-14,VTSC,southeast,11.4,3.13,4.16,5.23,1.82,2.04
2026-09-14,VTSF,southeast,14.0,1.7,2.26,2.94,4.6,4.98
2026-09-14,VTSG,southwest,22.4,0.38,0.64,0.4,3.0,3.48
2026-09-14,VTSM,southeast,8.2,9.88,13.14,18.15,2.27,1.99
2026-09-14,VTSP,southwest,10.4,4.31,7.32,7.5,4.22,4.84
2026-09-14,VTSS,southeast,0.0,0.34,0.45,0.38,1.21,0.84
2026-09-14,VTST,southwest,1.6,0.19,0.32,0.0,2.54,1.94
2026-09-14,VTUD,ne_upper,10.8,0.71,1.31,0.97,2.78,1.82
2026-09-14,VTUI,ne_upper,7.2,0.62,1.15,0.81,4.7,3.28
2026-09-14,VTUK,ne_upper,11.2,2.16,3.97,3.81,4.94,3.25
2026-09-14,VTUL,ne_upper,21.4,22.06,40.52,32.33,2.39,1.77
2026-09-14,VTUO,ne_lower,7.9,0.91,1.56,1.4,3.08,2.73
2026-09-14,VTUU,ne_lower,19.2,2.39,4.11,4.21,4.77,4.86
2026-09-14,VTUV,ne_lower,21.0,0.82,1.42,1.29,2.1,1.85
2026-09-15,VTBD,central,66.4,0.75,1.56,1.08,2.91,2.58
2026-09-15,VTBS,central,1.2,1.73,3.61,2.98,5.94,7.08
2026-09-15,VTCC,north,23.6,0.25,0.48,0.2,1.89,1.59
2026-09-15,VTCH,north,0.0,0.48,0.89,0.6,2.66,0.43
2026-09-15,VTCL,north,43.1,0.04,0.07,0.0,2.23,3.07
2026-09-15,VTCN,north,2.8,0.05,0.1,0.0,2.04,1.56
2026-09-15,VTCP,north,37.0,0.03,0.06,0.0,2.96,2.36
2026-09-15,VTCT,north,0.4,0.1,0.19,0.0,1.07,0.82
2026-09-15,VTPB,north,3.8,9.49,17.81,17.69,5.18,4.2
2026-09-15,VTPH,southeast,0.0,7.46,9.92,13.84,3.68,5.79
2026-09-15,VTPM,north,0.0,12.69,23.81,20.97,2.99,4.26
2026-09-15,VTPO,north,0.0,24.45,45.88,35.28,16.88,12.88
2026-09-15,VTPP,north,9.4,0.37,0.69,0.4,2.55,2.56
2026-09-15,VTSB,southeast,0.0,1.2,1.6,1.98,4.73,2.36
2026-09-15,VTSC,southeast,0.0,0.01,0.01,0.0,1.15,0.65
2026-09-15,VTSF,southeast,0.2,68.04,90.52,202.1,8.62,9.74
2026-09-15,VTSG,southwest,0.0,0.84,1.42,1.32,3.9,3.52
2026-09-15,VTSM,southeast,0.0,34.17,45.46,45.81,6.96,11.65
2026-09-15,VTSP,southwest,0.0,3.06,5.2,5.11,4.8,5.8
2026-09-15,VTSS,southeast,0.0,2.28,3.04,4.04,2.69,1.5
2026-09-15,VTST,southwest,0.1,0.08,0.14,0.0,4.37,1.98
2026-09-15,VTUD,ne_upper,7.2,9.45,17.36,17.64,4.61,5.12
2026-09-15,VTUI,ne_upper,15.8,7.55,13.87,14.08,8.02,3.95
2026-09-15,VTUK,ne_upper,15.4,0.8,1.47,1.24,3.99,2.76
2026-09-15,VTUL,ne_upper,7.4,4.29,7.88,7.46,3.74,3.62
2026-09-15,VTUO,ne_lower,17.8,14.76,25.42,23.89,8.4,6.35
2026-09-15,VTUU,ne_lower,23.2,1.63,2.81,2.87,4.38,3.64
2026-09-15,VTUV,ne_lower,11.6,3.55,6.11,6.31,7.25,7.07
2026-09-16,VTBD,central,27.6,3.6,7.51,6.42,2.23,3.51
2026-09-16,VTBS,central,8.0,0.58,1.21,0.8,2.65,3.2
2026-09-16,VTCC,north,4.8,0.35,0.65,0.4,2.5,1.6
2026-09-16,VTCH,north,0.0,0.12,0.22,0.0,3.12,1.63
2026-09-16,VTCL,north,18.1,1.74,3.26,2.99,2.0,1.94
2026-09-16,VTCN,north,1.6,2.3,4.32,4.07,1.47,2.26
2026-09-16,VTCP,north,4.7,5.24,9.83,9.3,3.52,3.65
2026-09-16,VTCT,north,0.0,4.03,7.57,7.11,2.59,2.47
2026-09-16,VTPB,north,0.2,9.88,18.54,18.15,3.14,3.8
2026-09-16,VTPH,southeast,5.0,11.69,15.55,20.05,5.43,5.43
2026-09-16,VTPM,north,0.6,0.01,0.02,0.0,1.69,1.46
2026-09-16,VTPO,north,16.4,1.31,2.46,2.31,3.95,5.42
2026-09-16,VTPP,north,5.2,16.37,30.72,25.86,2.61,1.66
2026-09-16,VTSB,southeast,0.8,0.75,0.99,1.08,3.72,5.47
2026-09-16,VTSC,southeast,11.2,36.69,48.82,50.78,7.3,7.53
2026-09-16,VTSF,southeast,64.0,38.8,51.62,58.82,11.2,11.36
2026-09-16,VTSG,southwest,2.6,12.2,20.7,20.51,4.26,4.95
2026-09-16,VTSM,southeast,8.4,0.02,0.03,0.0,1.6,1.24
2026-09-16,VTSP,southwest,6.2,27.23,46.22,37.45,26.19,25.05
2026-09-16,VTSS,southeast,0.2,10.9,14.5,19.25,2.32,2.03
2026-09-16,VTST,southwest,2.6,7.55,12.81,14.07,10.18,6.0
2026-09-16,VTUD,ne_upper,36.8,0.96,1.76,1.4,2.91,3.16
2026-09-16,VTUI,ne_upper,11.4,0.68,1.25,0.89,4.45,3.9
2026-09-16,VTUK,ne_upper,25.0,1.75,3.21,3.0,3.78,3.69
2026-09-16,VTUL,ne_upper,4.6,11.48,21.09,19.85,3.87,3.66
2026-09-16,VTUO,ne_lower,28.8,4.45,7.67,7.75,6.13,7.54
2026-09-16,VTUU,ne_lower,2.6,0.34,0.59,0.4,2.06,2.2
2026-09-16,VTUV,ne_lower,0.0,0.07,0.13,0.0,2.21,1.55
2026-09-17,VTBD,central,1.0,8.44,17.59,15.89,2.36,2.02
2026-09-17,VTBS,central,21.8,4.3,8.97,7.48,3.72,3.41
2026-09-17,VTCC,north,0.0,0.4,0.75,0.4,2.88,2.16
2026-09-17,VTCH,north,0.2,0.93,1.75,1.4,0.78,0.22
2026-09-17,VTCL,north,1.0,0.01,0.02,0.0,0.84,0.44
2026-09-17,VTCN,north,2.0,0.16,0.31,0.0,2.2,2.12
2026-09-17,VTCP,north,1.9,0.08,0.14,0.0,1.81,2.54
2026-09-17,VTCT,north,43.6,0.02,0.04,0.0,2.78,1.06
2026-09-17,VTPB,north,28.0,0.63,1.17,0.81,2.6,1.66
2026-09-17,VTPH,southeast,0.0,2.19,2.91,3.85,1.36,0.72
2026-09-17,VTPM,north,3.8,0.16,0.31,0.0,2.2,2.38
2026-09-17,VTPO,north,8.8,1.74,3.26,2.99,2.54,2.04
2026-09-17,VTPP,north,7.4,3.42,6.41,6.01,3.48,3.15
2026-09-17,VTSB,southeast,1.2,0.64,0.85,0.82,1.54,1.75
2026-09-17,VTSC,southeast,0.0,2.28,3.04,4.04,1.16,0.73
2026-09-17,VTSF,southeast,24.2,0.01,0.01,0.0,1.79,0.97
2026-09-17,VTSG,southwest,37.2,6.94,11.79,12.27,9.32,5.68
2026-09-17,VTSM,southeast,0.0,0.74,0.99,1.07,1.28,1.43
2026-09-17,VTSP,southwest,20.4,21.74,36.9,31.61,19.42,21.47
2026-09-17,VTSS,southeast,25.8,1.96,2.61,3.46,1.68,1.72
2026-09-17,VTST,southwest,18.0,77.3,131.21,250.13,8.57,3.77
2026-09-17,VTUD,ne_upper,4.2,9.11,16.73,17.11,4.63,3.71
2026-09-17,VTUI,ne_upper,14.8,31.94,58.69,42.83,4.9,4.49
2026-09-17,VTUK,ne_upper,1.4,35.74,65.65,47.91,3.77,4.0
2026-09-17,VTUL,ne_upper,27.4,3.3,6.06,5.71,3.85,3.41
2026-09-17,VTUO,ne_lower,4.6,0.08,0.14,0.0,1.38,2.0
2026-09-17,VTUU,ne_lower,0.0,0.68,1.17,0.88,0.57,0.55
2026-09-17,VTUV,ne_lower,13.6,23.16,39.89,34.28,3.29,2.77
2026-09-18,VTBD,central,22.2,0.64,1.32,0.81,2.95,4.89
2026-09-18,VTBS,central,3.6,16.02,33.41,25.46,3.47,3.49
2026-09-18,VTCC,north,12.4,7.22,13.55,13.1,3.43,5.32
2026-09-18,VTCH,north,3.8,9.61,18.04,17.84,3.91,3.99
2026-09-18,VTCL,north,5.7,23.43,43.96,34.49,17.33,20.16
2026-09-18,VTCN,north,16.8,4.37,8.21,7.59,3.75,3.28
2026-09-18,VTCP,north,10.2,1.06,1.99,1.72,2.47,2.15
2026-09-18,VTCT,north,0.2,12.38,23.23,20.68,6.38,4.58
2026-09-18,VTPB,north,29.8,3.76,7.06,6.64,11.58,7.6
2026-09-18,VTPH,southeast,0.4,0.0,0.0,0.0,1.57,0.91
2026-09-18,VTPM,north,13.8,0.34,0.64,0.4,2.43,2.47
2026-09-18,VTPO,north,44.4,4.39,8.23,7.61,4.05,6.26
2026-09-18,VTPP,north,29.6,6.07,11.39,10.98,3.46,4.93
2026-09-18,VTSB,southeast,13.4,15.46,20.57,24.8,15.83,18.99
2026-09-18,VTSC,southeast,9.2,9.23,12.28,17.33,1.84,1.24
2026-09-18,VTSF,southeast,0.0,0.13,0.17,0.0,1.94,1.68
2026-09-18,VTSG,southwest,54.4,44.0,74.68,78.62,14.25,12.34
2026-09-18,VTSM,southeast,0.0,0.2,0.27,0.06,1.82,2.2
2026-09-18,VTSP,southwest,24.4,58.29,98.94,151.54,9.83,8.83
2026-09-18,VTSS,southeast,14.4,23.56,31.34,34.59,4.62,5.49
2026-09-18,VTST,southwest,49.2,51.44,87.32,116.02,9.35,4.53
2026-09-18,VTUD,ne_upper,0.2,4.11,7.56,7.23,3.15,2.5
2026-09-18,VTUI,ne_upper,0.2,1.04,1.9,1.6,1.09,1.48
2026-09-18,VTUK,ne_upper,15.6,2.86,5.26,4.78,3.72,4.03
2026-09-18,VTUL,ne_upper,11.0,15.45,28.38,24.78,7.26,7.03
2026-09-18,VTUO,ne_lower,12.2,1.89,3.25,3.33,4.25,5.28
2026-09-18,VTUU,ne_lower,15.0,2.64,4.54,4.43,3.55,3.65
2026-09-18,VTUV,ne_lower,0.0,0.04,0.06,0.0,3.31,2.93
2026-09-19,VTBD,central,11.6,56.29,117.35,141.17,4.15,4.95
2026-09-19,VTBS,central,36.4,1.31,2.73,2.3,3.59,3.55
2026-09-19,VTCC,north,15.0,0.43,0.81,0.59,1.77,1.8
2026-09-19,VTCH,north,2.6,3.57,6.7,6.37,3.07,1.34
2026-09-19,VTCL,north,6.3,0.33,0.62,0.33,0.97,1.22
2026-09-19,VTCN,north,0.0,0.0,0.0,0.0,0.64,0.34
2026-09-19,VTCP,north,0.0,1.29,2.41,2.25,1.02,1.35
2026-09-19,VTCT,north,0.4,5.97,11.21,10.71,9.49,5.34
2026-09-19,VTPB,north,0.2,25.56,47.98,36.15,8.04,7.43
2026-09-19,VTPH,southeast,8.2,8.16,10.86,15.4,1.4,1.15
2026-09-19,VTPM,north,9.4,2.68,5.04,4.5,2.93,2.96
2026-09-19,VTPO,north,11.6,0.75,1.41,1.09,1.54,1.77
2026-09-19,VTPP,north,11.0,0.16,0.3,0.0,4.22,4.06
2026-09-19,VTSB,southeast,0.0,0.25,0.34,0.2,1.83,2.64
2026-09-19,VTSC,southeast,0.2,27.88,37.09,37.95,3.37,2.49
2026-09-19,VTSF,southeast,0.0,3.86,5.13,6.8,2.24,1.97
2026-09-19,VTSG,southwest,1.8,5.79,9.82,10.38,8.78,5.12
2026-09-19,VTSM,southeast,0.4,3.9,5.19,6.87,8.56,12.85
2026-09-19,VTSP,southwest,21.0,0.58,0.99,0.8,4.23,5.05
2026-09-19,VTSS,southeast,31.6,10.13,13.47,18.44,4.74,3.84
2026-09-19,VTST,southwest,3.2,16.06,27.26,25.5,15.75,13.41
2026-09-19,VTUD,ne_upper,0.0,0.15,0.28,0.0,0.96,0.71
2026-09-19,VTUI,ne_upper,0.0,3.71,6.82,6.57,2.14,1.6
2026-09-19,VTUK,ne_upper,0.0,0.14,0.25,0.0,2.18,1.76
2026-09-19,VTUL,ne_upper,0.4,2.07,3.8,3.64,3.58,3.09
2026-09-19,VTUO,ne_lower,0.0,0.21,0.36,0.08,1.27,1.71
2026-09-19,VTUU,ne_lower,10.8,1.5,2.59,2.4,3.72,3.5
2026-09-19,VTUV,ne_lower,0.2,0.02,0.03,0.0,1.47,1.25
2026-09-20,VTBD,central,15.0,41.09,85.67,67.55,10.47,12.36
2026-09-20,VTBS,central,18.8,1.01,2.11,1.54,3.71,3.73
2026-09-20,VTCC,north,7.6,15.43,28.96,24.76,2.74,2.23
2026-09-20,VTCH,north,0.0,0.17,0.32,0.0,2.56,1.01
2026-09-20,VTCL,north,26.6,3.35,6.28,5.84,2.87,2.5
2026-09-20,VTCN,north,3.0,3.36,6.31,5.87,2.94,1.76
2026-09-20,VTCP,north,45.7,0.15,0.28,0.0,2.46,1.64
2026-09-20,VTCT,north,41.0,4.65,8.73,8.15,3.98,4.07
2026-09-20,VTPB,north,0.0,0.03,0.05,0.0,3.79,2.82
2026-09-20,VTPH,southeast,0.0,8.42,11.2,15.86,5.62,6.0
2026-09-20,VTPM,north,24.0,19.72,37.01,28.6,15.78,16.71
2026-09-20,VTPO,north,52.6,3.06,5.75,5.1,6.54,5.85
2026-09-20,VTPP,north,136.8,17.0,31.9,26.32,3.21,2.64
2026-09-20,VTSB,southeast,1.0,0.02,0.02,0.0,1.39,1.18
2026-09-20,VTSC,southeast,0.0,0.33,0.44,0.33,1.93,1.69
2026-09-20,VTSF,southeast,0.0,0.39,0.52,0.4,1.84,1.13
2026-09-20,VTSG,southwest,0.2,32.44,55.07,43.5,5.92,8.94
2026-09-20,VTSM,southeast,4.2,0.07,0.09,0.0,1.86,1.53
2026-09-20,VTSP,southwest,0.4,0.52,0.88,0.69,1.08,0.92
2026-09-20,VTSS,southeast,23.4,21.7,28.88,31.53,12.29,7.16
2026-09-20,VTST,southwest,0.6,8.57,14.55,16.13,2.94,2.27
2026-09-20,VTUD,ne_upper,0.0,0.52,0.95,0.7,2.66,1.5
2026-09-20,VTUI,ne_upper,6.6,10.6,19.48,18.95,2.41,1.96
2026-09-20,VTUK,ne_upper,46.6,0.67,1.23,0.85,2.32,2.22
2026-09-20,VTUL,ne_upper,8.0,1.52,2.8,2.53,0.49,0.67
2026-09-20,VTUO,ne_lower,5.6,5.96,10.28,10.69,4.24,5.71
2026-09-20,VTUU,ne_lower,17.0,14.73,25.37,23.84,5.38,2.56
2026-09-20,VTUV,ne_lower,21.0,0.98,1.68,1.44,3.92,3.22
2026-09-21,VTBD,central,6.4,3.36,3.39,6.23,5.67,6.08
2026-09-21,VTBS,central,19.6,13.95,14.08,22.54,3.5,2.04
2026-09-21,VTCC,north,2.4,1.13,2.48,1.9,7.19,5.28
2026-09-21,VTCH,north,4.2,9.29,20.38,16.87,3.71,2.87
2026-09-21,VTCL,north,1.2,1.31,2.86,2.24,4.53,3.2
2026-09-21,VTCN,north,0.0,0.06,0.12,0.0,0.91,1.01
2026-09-21,VTCP,north,3.2,1.04,2.27,1.59,9.37,8.12
2026-09-21,VTCT,north,0.0,0.26,0.56,0.2,3.24,1.51
2026-09-21,VTPB,north,4.2,2.0,4.38,3.53,7.63,7.16
2026-09-21,VTPH,southeast,0.0,13.77,18.31,22.39,2.04,1.89
2026-09-21,VTPM,north,0.0,0.56,1.22,0.59,8.79,7.6
2026-09-21,VTPO,north,0.0,0.03,0.06,0.0,0.96,0.71
2026-09-21,VTPP,north,0.0,0.01,0.02,0.0,2.55,2.93
2026-09-21,VTSB,southeast,0.0,1.88,2.5,3.39,1.18,0.59
2026-09-21,VTSC,southeast,3.4,0.08,0.11,0.0,0.79,0.37
2026-09-21,VTSF,southeast,0.0,9.58,12.74,17.54,2.53,2.35
2026-09-21,VTSG,southwest,0.0,0.01,0.01,0.0,0.43,0.26
2026-09-21,VTSM,southeast,0.0,0.09,0.12,0.0,0.31,0.45
2026-09-21,VTSP,southwest,0.0,0.01,0.01,0.0,0.38,0.42
2026-09-21,VTSS,southeast,13.8,39.59,52.64,48.89,7.87,8.6
2026-09-21,VTST,southwest,1.8,0.27,0.28,0.2,0.94,0.51
2026-09-21,VTUD,ne_upper,0.0,0.0,0.01,0.0,0.44,0.33
2026-09-21,VTUI,ne_upper,0.0,0.0,0.0,0.0,0.1,0.07
2026-09-21,VTUK,ne_upper,0.0,0.01,0.01,0.0,0.61,0.51
2026-09-21,VTUL,ne_upper,0.0,0.66,1.11,0.8,10.17,5.0
2026-09-21,VTUO,ne_lower,1.2,16.04,29.82,24.9,4.39,4.7
2026-09-21,VTUU,ne_lower,9.0,0.28,0.51,0.2,4.83,5.08
2026-09-21,VTUV,ne_lower,5.2,0.0,0.0,0.0,0.88,0.72
2026-09-22,VTBD,central,10.0,0.13,0.13,0.0,2.85,6.19
2026-09-22,VTBS,central,0.0,20.02,20.19,28.47,3.17,3.43
2026-09-22,VTCC,north,0.0,0.08,0.18,0.0,1.19,0.97
2026-09-22,VTCH,north,0.2,9.3,20.39,16.88,4.97,2.94
2026-09-22,VTCL,north,0.0,0.36,0.79,0.3,1.08,1.09
2026-09-22,VTCN,north,0.0,0.03,0.07,0.0,0.48,0.61
2026-09-22,VTCP,north,0.0,0.0,0.0,0.0,0.95,1.35
2026-09-22,VTPB,north,0.0,0.83,1.82,1.2,0.94,0.64
2026-09-22,VTPH,southeast,10.8,21.83,29.02,30.98,2.79,3.62
2026-09-22,VTPM,north,0.0,0.28,0.62,0.2,8.28,10.89
2026-09-22,VTPO,north,0.0,5.05,11.08,9.61,6.21,4.31
2026-09-22,VTPP,north,0.0,2.26,4.96,4.09,4.89,5.15
2026-09-22,VTSB,southeast,0.4,7.41,9.86,13.9,1.96,1.55
2026-09-22,VTSC,southeast,0.2,5.22,6.93,10.0,1.93,1.65
2026-09-22,VTSF,southeast,4.2,3.89,5.17,7.27,5.88,7.07
2026-09-22,VTSG,southwest,7.8,0.16,0.17,0.0,1.09,1.06
2026-09-22,VTSM,southeast,9.0,0.22,0.3,0.05,0.38,0.58
2026-09-22,VTSP,southwest,10.6,0.06,0.06,0.0,0.39,0.58
2026-09-22,VTSS,southeast,30.0,18.88,25.1,27.48,2.38,2.52
2026-09-22,VTST,southwest,15.2,0.14,0.14,0.0,1.25,0.55
2026-09-22,VTUD,ne_upper,0.0,0.0,0.0,0.0,0.23,0.22
2026-09-22,VTUI,ne_upper,0.0,0.0,0.0,0.0,0.1,0.07
2026-09-22,VTUK,ne_upper,30.0,0.0,0.0,0.0,0.14,0.23
2026-09-22,VTUL,ne_upper,0.0,0.0,0.01,0.0,0.83,0.66
2026-09-22,VTUO,ne_lower,0.0,4.68,8.7,8.75,1.66,1.03
2026-09-22,VTUU,ne_lower,0.0,0.56,1.04,0.59,2.24,3.89
2026-09-22,VTUV,ne_lower,0.6,0.0,0.0,0.0,0.28,0.42
2026-09-23,VTBD,central,1.4,1.84,1.86,3.34,7.08,5.06
2026-09-23,VTBS,central,38.4,5.95,6.0,11.28,6.04,6.15
2026-09-23,VTCC,north,0.0,0.02,0.05,0.0,0.63,0.86
2026-09-23,VTCH,north,0.0,4.69,10.28,8.77,1.36,0.93
2026-09-23,VTCL,north,0.0,0.13,0.28,0.0,0.51,0.36
2026-09-23,VTCN,north,0.0,0.0,0.0,0.0,0.6,1.12
2026-09-23,VTCP,north,0.0,0.22,0.47,0.02,0.86,1.18
2026-09-23,VTCT,north,0.0,0.02,0.05,0.0,0.48,0.37
2026-09-23,VTPB,north,4.7,0.0,0.0,0.0,0.53,0.73
2026-09-23,VTPH,southeast,0.8,0.12,0.16,0.0,2.57,3.5
2026-09-23,VTPM,north,1.4,10.17,22.3,18.71,2.95,5.58
2026-09-23,VTPO,north,6.4,0.0,0.0,0.0,0.13,0.32
2026-09-23,VTPP,north,0.2,6.91,15.15,12.37,1.36,1.12
2026-09-23,VTSB,southeast,0.0,13.33,17.73,22.02,2.44,1.54
2026-09-23,VTSC,southeast,0.0,0.26,0.35,0.2,1.93,0.77
2026-09-23,VTSF,southeast,0.3,10.76,14.3,19.61,4.57,5.27
2026-09-23,VTSG,southwest,0.0,0.54,0.55,0.56,3.1,2.91
2026-09-23,VTSM,southeast,2.4,0.09,0.12,0.0,0.4,0.48
2026-09-23,VTSP,southwest,1.4,0.41,0.42,0.4,3.32,3.77
2026-09-23,VTSS,southeast,1.4,5.0,6.65,9.49,3.68,4.43
2026-09-23,VTST,southwest,0.0,4.13,4.21,7.64,3.58,2.8
2026-09-23,VTUD,ne_upper,0.0,0.02,0.04,0.0,0.72,0.95
2026-09-23,VTUI,ne_upper,0.0,0.06,0.1,0.0,0.4,0.78
2026-09-23,VTUK,ne_upper,0.6,1.6,2.71,2.84,0.81,0.7
2026-09-23,VTUL,ne_upper,22.4,0.0,0.0,0.0,0.6,0.48
2026-09-23,VTUO,ne_lower,3.4,0.04,0.07,0.0,0.4,0.55
2026-09-23,VTUU,ne_lower,27.8,5.98,11.12,11.35,8.68,13.68
2026-09-23,VTUV,ne_lower,0.0,0.88,1.63,1.3,0.77,0.78
2026-09-24,VTBD,central,68.4,3.29,3.32,6.1,8.0,4.94
2026-09-24,VTBS,central,82.6,20.44,20.62,28.85,3.49,4.01
2026-09-24,VTCC,north,1.2,0.06,0.12,0.0,2.79,5.64
2026-09-24,VTCH,north,8.0,16.82,36.87,25.85,2.64,2.77
2026-09-24,VTCL,north,0.7,4.35,9.54,8.04,3.7,3.46
2026-09-24,VTCN,north,7.8,9.5,20.84,17.36,4.45,5.38
2026-09-24,VTCP,north,0.0,0.2,0.44,0.0,0.97,1.01
2026-09-24,VTCT,north,0.0,0.03,0.07,0.0,0.33,0.28
2026-09-24,VTPB,north,24.3,4.52,9.91,8.4,4.52,5.8
2026-09-24,VTPH,southeast,21.2,14.08,18.72,22.65,7.68,6.4
2026-09-24,VTPM,north,3.4,5.44,11.93,10.4,4.62,4.79
2026-09-24,VTPO,north,2.0,0.22,0.47,0.02,1.62,1.8
2026-09-24,VTPP,north,11.0,0.31,0.68,0.2,3.33,3.61
2026-09-24,VTSB,southeast,0.0,0.0,0.0,0.0,0.48,0.57
2026-09-24,VTSC,southeast,4.6,0.14,0.18,0.0,0.42,0.07
2026-09-24,VTSF,southeast,0.4,0.0,0.0,0.0,0.29,0.1
2026-09-24,VTSG,southwest,0.0,0.09,0.09,0.0,0.45,0.3
2026-09-24,VTSM,southeast,0.0,0.11,0.15,0.0,0.44,0.52
2026-09-24,VTSP,southwest,0.0,0.13,0.13,0.0,0.67,0.73
2026-09-24,VTSS,southeast,0.0,2.04,2.71,3.59,1.23,1.81
2026-09-24,VTST,southwest,0.0,0.07,0.07,0.0,0.87,0.59
2026-09-24,VTUD,ne_upper,0.8,0.13,0.22,0.0,0.39,0.5
2026-09-24,VTUI,ne_upper,0.0,0.92,1.56,1.39,1.87,1.78
2026-09-24,VTUK,ne_upper,12.0,6.89,11.67,12.35,4.87,3.98
2026-09-24,VTUL,ne_upper,1.6,21.44,36.33,29.86,11.15,12.81
2026-09-24,VTUO,ne_lower,48.0,10.59,19.69,19.38,11.67,14.59
2026-09-24,VTUU,ne_lower,28.1,4.43,8.23,8.21,8.48,16.17
2026-09-24,VTUV,ne_lower,18.6,1.1,2.04,1.78,6.73,4.25
2026-09-25,VTBD,central,130.0,36.15,36.46,44.68,13.07,16.3
2026-09-25,VTBS,central,152.4,19.35,19.52,27.88,11.37,18.33
2026-09-25,VTCC,north,15.8,0.05,0.11,0.0,0.89,1.46
2026-09-25,VTCH,north,9.6,0.55,1.21,0.59,3.88,3.49
2026-09-25,VTCL,north,1.2,23.33,51.17,33.73,4.38,4.96
2026-09-25,VTCN,north,10.6,1.15,2.52,1.96,1.92,2.06
2026-09-25,VTCP,north,8.1,1.61,3.53,2.87,3.13,2.61
2026-09-25,VTCT,north,2.4,0.02,0.05,0.0,0.54,0.5
2026-09-25,VTPB,north,7.5,1.06,2.33,1.67,3.93,3.04
2026-09-25,VTPH,southeast,22.6,4.51,6.0,8.39,5.15,5.06
2026-09-25,VTPM,north,17.7,0.26,0.58,0.2,3.31,4.86
2026-09-25,VTPO,north,8.0,3.95,8.66,7.36,1.63,1.32
2026-09-25,VTPP,north,14.4,1.08,2.36,1.71,5.02,4.61
2026-09-25,VTSB,southeast,6.9,0.15,0.2,0.0,0.6,0.71
2026-09-25,VTSC,southeast,17.8,0.04,0.05,0.0,0.58,0.03
2026-09-25,VTSF,southeast,11.9,2.86,3.8,5.16,0.75,0.7
2026-09-25,VTSG,southwest,18.0,0.01,0.01,0.0,0.75,0.59
2026-09-25,VTSM,southeast,4.0,0.0,0.0,0.0,0.52,0.86
2026-09-25,VTSP,southwest,0.0,0.2,0.2,0.0,0.36,0.47
2026-09-25,VTSS,southeast,3.6,19.73,26.23,28.22,1.46,1.74
2026-09-25,VTST,southwest,5.6,0.03,0.03,0.0,0.53,0.38
2026-09-25,VTUD,ne_upper,4.0,1.38,2.33,2.37,5.38,5.18
2026-09-25,VTUI,ne_upper,0.6,1.76,2.99,3.23,1.26,1.78
2026-09-25,VTUK,ne_upper,18.2,1.59,2.7,2.83,6.11,4.85
2026-09-25,VTUL,ne_upper,22.0,8.18,13.86,15.01,4.13,3.03
2026-09-25,VTUO,ne_lower,15.6,15.28,28.41,23.97,8.01,13.5
2026-09-25,VTUU,ne_lower,3.6,0.19,0.35,0.0,1.44,1.41
2026-09-25,VTUV,ne_lower,4.2,3.1,5.77,5.69,4.57,3.92
2026-09-26,VTBD,central,46.6,11.67,11.77,20.42,5.56,5.84
2026-09-26,VTBS,central,25.6,3.14,3.16,5.77,6.43,9.4
2026-09-26,VTCC,north,0.0,0.0,0.0,0.0,1.16,0.97
2026-09-26,VTCH,north,0.0,3.6,7.91,6.61,5.47,3.11
2026-09-26,VTCL,north,0.0,0.5,1.1,0.5,0.27,0.5
2026-09-26,VTCN,north,0.0,0.01,0.02,0.0,0.57,1.01
2026-09-26,VTCP,north,0.7,0.0,0.0,0.0,0.35,0.89
2026-09-26,VTCT,north,0.0,0.02,0.04,0.0,0.6,0.71
2026-09-26,VTPB,north,1.0,31.22,68.47,39.19,6.91,7.79
2026-09-26,VTPH,southeast,4.6,15.02,19.98,23.65,5.35,4.76
2026-09-26,VTPM,north,5.5,0.87,1.92,1.29,6.11,7.22
2026-09-26,VTPP,north,25.8,4.19,9.19,7.75,5.44,4.06
2026-09-26,VTSB,southeast,1.8,0.04,0.05,0.0,0.95,0.71
2026-09-26,VTSC,southeast,2.2,6.44,8.56,11.92,1.61,0.98
2026-09-26,VTSF,southeast,5.7,6.09,8.1,11.58,6.43,6.72
2026-09-26,VTSG,southwest,16.8,0.26,0.26,0.2,2.05,1.84
2026-09-26,VTSM,southeast,8.8,0.5,0.66,0.49,1.18,0.9
2026-09-26,VTSP,southwest,10.4,1.29,1.32,2.21,1.75,1.83
2026-09-26,VTSS,southeast,0.4,2.37,3.15,4.28,2.22,6.87
2026-09-26,VTST,southwest,3.0,8.66,8.83,15.73,3.42,3.65
2026-09-26,VTUD,ne_upper,20.2,1.76,2.99,3.23,4.66,4.29
2026-09-26,VTUI,ne_upper,11.6,2.19,3.72,3.93,2.15,1.88
2026-09-26,VTUK,ne_upper,12.2,8.89,15.07,16.14,6.77,7.83
2026-09-26,VTUL,ne_upper,5.2,4.26,7.23,7.89,7.77,6.42
2026-09-26,VTUO,ne_lower,3.8,0.44,0.81,0.41,0.7,0.69
2026-09-26,VTUU,ne_lower,0.0,5.39,10.02,10.32,5.54,8.96
2026-09-26,VTUV,ne_lower,0.8,8.13,15.12,14.95,5.12,6.55
2026-09-27,VTBD,central,27.4,2.58,2.6,4.61,2.02,1.94
2026-09-27,VTBS,central,48.8,2.46,2.49,4.41,2.56,2.82
2026-09-27,VTCC,north,0.0,0.55,1.21,0.58,3.87,3.3
2026-09-27,VTCH,north,0.0,0.41,0.9,0.4,0.82,0.37
2026-09-27,VTCL,north,15.0,0.67,1.47,0.8,11.56,9.51
2026-09-27,VTCN,north,0.0,0.32,0.71,0.2,0.9,1.12
2026-09-27,VTCP,north,5.9,8.16,17.9,15.0,4.57,4.72
2026-09-27,VTCT,north,0.0,0.0,0.01,0.0,0.49,0.35
2026-09-27,VTPB,north,18.6,4.37,9.59,8.09,5.74,4.17
2026-09-27,VTPH,southeast,31.0,0.91,1.21,1.37,0.82,1.01
2026-09-27,VTPM,north,9.5,6.94,15.21,12.39,1.63,1.76
2026-09-27,VTPO,north,21.4,0.41,0.91,0.4,0.51,0.82
2026-09-27,VTPP,north,0.4,0.57,1.24,0.6,2.34,2.88
2026-09-27,VTSB,southeast,0.2,7.54,10.02,14.08,3.92,3.16
2026-09-27,VTSC,southeast,3.0,22.86,30.4,33.43,1.09,0.83
2026-09-27,VTSF,southeast,1.6,0.18,0.24,0.0,1.1,0.96
2026-09-27,VTSG,southwest,24.6,16.0,16.31,24.86,11.26,11.71
2026-09-27,VTSM,southeast,0.0,1.51,2.0,2.58,3.48,4.53
2026-09-27,VTSP,southwest,6.8,9.26,9.44,16.82,7.41,7.54
2026-09-27,VTSS,southeast,0.0,0.18,0.25,0.0,0.78,0.61
2026-09-27,VTST,southwest,0.2,5.91,6.02,11.2,5.26,6.68
2026-09-27,VTUD,ne_upper,11.6,8.02,13.59,14.8,4.67,4.82
2026-09-27,VTUI,ne_upper,0.2,0.5,0.85,0.5,0.69,0.89
2026-09-27,VTUK,ne_upper,18.0,6.12,10.38,11.62,6.74,4.95
2026-09-27,VTUL,ne_upper,5.2,0.25,0.42,0.17,1.76,1.19
2026-09-27,VTUO,ne_lower,0.0,0.97,1.81,1.49,4.0,2.96
2026-09-27,VTUU,ne_lower,0.0,1.36,2.52,2.33,7.65,9.24
2026-09-27,VTUV,ne_lower,1.4,14.53,27.02,23.04,8.04,8.79
2026-09-28,VTBD,central,4.2,9.51,20.77,18.12,8.3,16.44
2026-09-28,VTBS,central,6.6,2.08,4.55,4.44,8.82,12.58
2026-09-28,VTCC,north,23.0,12.82,27.07,21.63,7.82,5.87
2026-09-28,VTCH,north,11.7,21.71,45.84,32.89,8.81,6.04
2026-09-28,VTCL,north,27.2,4.0,8.45,8.19,6.62,3.67
2026-09-28,VTCN,north,3.0,5.34,11.29,10.9,6.86,3.55
2026-09-28,VTCP,north,10.2,4.86,10.27,10.19,6.48,9.69
2026-09-28,VTCT,north,1.8,7.0,14.78,13.55,5.59,3.4
2026-09-28,VTPB,north,9.4,25.53,53.91,36.37,6.64,9.44
2026-09-28,VTPH,southeast,2.0,3.12,4.04,6.74,2.55,4.02
2026-09-28,VTPM,north,49.9,28.92,61.06,39.66,15.88,28.4
2026-09-28,VTPO,north,6.6,7.07,14.94,13.73,9.79,13.15
2026-09-28,VTPP,north,7.0,0.78,1.65,1.4,2.85,4.02
2026-09-28,VTSB,southeast,0.0,3.21,4.15,6.86,2.08,2.88
2026-09-28,VTSC,southeast,0.0,5.11,6.61,10.56,1.34,0.85
2026-09-28,VTSF,southeast,18.5,81.13,104.97,260.0,6.93,4.23
2026-09-28,VTSG,southwest,0.0,0.49,0.52,0.6,2.94,2.31
2026-09-28,VTSM,southeast,170.0,7.35,9.5,14.37,2.44,3.17
2026-09-28,VTSP,southwest,0.0,0.11,0.11,0.0,2.36,2.77
2026-09-28,VTSS,southeast,4.2,66.82,86.45,198.93,2.33,0.43
2026-09-28,VTST,southwest,0.0,0.12,0.13,0.0,2.39,2.4
2026-09-28,VTUD,ne_upper,0.2,0.3,0.64,0.2,2.1,2.34
2026-09-28,VTUI,ne_upper,0.8,0.6,1.32,0.8,2.79,2.72
2026-09-28,VTUK,ne_upper,7.0,0.32,0.7,0.2,3.92,5.61
2026-09-28,VTUL,ne_upper,1.2,1.08,2.34,2.22,6.25,6.55
2026-09-28,VTUO,ne_lower,0.0,0.45,0.93,0.49,1.72,1.27
2026-09-28,VTUU,ne_lower,0.0,0.03,0.07,0.0,1.76,0.65
2026-09-28,VTUV,ne_lower,0.0,5.04,10.37,10.46,5.73,3.86
2026-09-29,VTBD,central,0.0,20.51,44.78,30.88,4.46,11.33
2026-09-29,VTBS,central,0.0,17.12,37.39,27.0,6.46,14.23
2026-09-29,VTCC,north,0.6,3.97,8.39,8.14,5.01,3.05
2026-09-29,VTCH,north,4.8,25.85,54.58,36.68,6.19,5.72
2026-09-29,VTCL,north,15.4,0.05,0.11,0.0,3.68,4.52
2026-09-29,VTCN,north,1.2,2.18,4.61,4.56,8.21,4.79
2026-09-29,VTCP,north,7.2,10.26,21.67,19.31,3.21,2.7
2026-09-29,VTCT,north,0.8,2.69,5.68,5.85,6.36,4.1
2026-09-29,VTPB,north,3.6,0.97,2.05,1.78,2.33,2.25
2026-09-29,VTPH,southeast,0.0,1.14,1.47,2.43,2.49,3.88
2026-09-29,VTPM,north,3.9,6.11,12.89,11.98,11.02,13.37
2026-09-29,VTPO,north,0.0,1.45,3.06,3.25,4.78,5.17
2026-09-29,VTPP,north,0.0,0.14,0.29,0.0,0.95,1.29
2026-09-29,VTSB,southeast,0.0,20.7,26.79,31.21,2.95,2.75
2026-09-29,VTSC,southeast,1.4,0.42,0.54,0.4,1.8,1.32
2026-09-29,VTSF,southeast,0.0,0.0,0.0,0.0,2.87,6.28
2026-09-29,VTSG,southwest,0.8,2.12,2.25,4.49,4.4,5.88
2026-09-29,VTSM,southeast,0.0,4.23,5.48,8.55,2.25,1.6
2026-09-29,VTSP,southwest,6.2,6.96,7.39,13.47,3.09,3.82
2026-09-29,VTSS,southeast,0.0,0.18,0.24,0.0,2.36,4.31
2026-09-29,VTST,southwest,0.0,8.47,8.99,16.63,3.24,3.59
2026-09-29,VTUD,ne_upper,0.0,0.07,0.16,0.0,1.55,1.71
2026-09-29,VTUI,ne_upper,0.0,0.16,0.34,0.0,1.14,0.9
2026-09-29,VTUK,ne_upper,0.0,0.0,0.0,0.0,1.38,1.43
2026-09-29,VTUL,ne_upper,0.0,0.02,0.04,0.0,1.43,1.47
2026-09-29,VTUO,ne_lower,0.0,0.39,0.8,0.4,1.46,1.01
2026-09-29,VTUU,ne_lower,0.0,0.18,0.37,0.0,1.63,0.6
2026-09-29,VTUV,ne_lower,0.0,0.03,0.07,0.0,1.85,0.65
2026-09-30,VTBD,central,1.6,0.04,0.09,0.0,2.51,6.46
2026-09-30,VTBS,central,0.0,3.33,7.28,7.14,8.81,14.78
2026-09-30,VTCC,north,0.0,0.94,1.99,1.7,0.95,0.29
2026-09-30,VTCH,north,1.8,1.68,3.54,3.61,2.56,2.75
2026-09-30,VTCL,north,0.0,0.0,0.0,0.0,1.02,0.63
2026-09-30,VTCN,north,0.0,0.0,0.0,0.0,1.33,0.6
2026-09-30,VTCP,north,0.0,0.0,0.0,0.0,2.24,1.57
2026-09-30,VTCT,north,0.0,0.01,0.02,0.0,1.18,0.53
2026-09-30,VTPB,north,0.0,35.63,75.24,46.41,4.73,6.49
2026-09-30,VTPH,southeast,0.0,0.13,0.17,0.0,2.74,5.36
2026-09-30,VTPM,north,0.0,1.52,3.2,3.34,2.28,2.08
2026-09-30,VTPO,north,0.0,0.01,0.02,0.0,1.15,1.08
2026-09-30,VTPP,north,0.0,0.03,0.05,0.0,1.39,1.59
2026-09-30,VTSB,southeast,6.6,19.11,24.73,28.97,5.22,4.14
2026-09-30,VTSC,southeast,0.0,13.72,17.75,22.95,1.91,1.44
2026-09-30,VTSF,southeast,2.2,0.1,0.13,0.0,2.68,6.94
2026-09-30,VTSG,southwest,2.4,0.12,0.13,0.0,2.13,2.71
2026-09-30,VTSM,southeast,2.0,16.18,20.94,26.13,1.99,2.56
2026-09-30,VTSP,southwest,1.2,0.14,0.15,0.0,3.73,8.0
2026-09-30,VTSS,southeast,0.0,5.27,6.82,10.8,2.08,1.84
2026-09-30,VTST,southwest,22.6,1.08,1.15,2.25,2.93,3.86
2026-09-30,VTUD,ne_upper,0.0,0.0,0.0,0.0,1.44,2.13
2026-09-30,VTUI,ne_upper,0.0,0.0,0.0,0.0,0.93,0.74
2026-09-30,VTUK,ne_upper,0.0,0.0,0.0,0.0,1.99,2.29
2026-09-30,VTUL,ne_upper,0.0,5.1,11.08,10.54,5.02,7.69
2026-09-30,VTUO,ne_lower,0.0,0.0,0.0,0.0,1.34,0.64
2026-09-30,VTUU,ne_lower,0.0,0.0,0.0,0.0,2.05,0.84
2026-09-30,VTUV,ne_lower,31.8,0.0,0.0,0.0,1.55,0.4
2026-10-01,VTBD,central,0.0,9.3,20.32,17.82,2.82,5.69
2026-10-01,VTBS,central,0.0,4.96,10.83,10.34,2.56,4.19
2026-10-01,VTCC,north,0.0,0.0,0.0,0.0,1.2,0.79
2026-10-01,VTCH,north,0.0,0.69,1.46,1.09,0.95,0.0
2026-10-01,VTCL,north,0.0,0.0,0.0,0.0,1.03,0.56
2026-10-01,VTCN,north,0.0,0.08,0.17,0.0,1.26,0.79
2026-10-01,VTCP,north,0.0,0.01,0.02,0.0,1.86,2.66
2026-10-01,VTCT,north,0.0,0.06,0.14,0.0,0.92,0.23
2026-10-01,VTPB,north,0.0,0.03,0.05,0.0,3.61,4.86
2026-10-01,VTPH,southeast,0.0,0.0,0.0,0.0,1.02,1.08
2026-10-01,VTPM,north,0.0,0.0,0.0,0.0,1.34,1.34
2026-10-01,VTPO,north,0.0,0.0,0.01,0.0,1.23,1.08
2026-10-01,VTPP,north,0.0,0.0,0.0,0.0,1.46,1.66
2026-10-01,VTSB,southeast,0.0,0.09,0.12,0.0,2.13,6.49
2026-10-01,VTSC,southeast,2.2,0.01,0.01,0.0,1.43,1.51
2026-10-01,VTSF,southeast,0.0,0.0,0.0,0.0,2.43,2.13
2026-10-01,VTSG,southwest,9.8,0.08,0.08,0.0,5.09,8.69
2026-10-01,VTSM,southeast,0.0,0.02,0.02,0.0,2.44,5.09
2026-10-01,VTSP,southwest,18.8,4.02,4.27,8.22,2.56,1.41
2026-10-01,VTSS,southeast,0.0,1.02,1.32,1.95,2.54,1.76
2026-10-01,VTST,southwest,0.2,8.97,9.52,17.4,2.22,1.69
2026-10-01,VTUD,ne_upper,0.0,0.04,0.09,0.0,1.28,1.71
2026-10-01,VTUI,ne_upper,0.0,1.25,2.73,2.63,1.86,1.81
2026-10-01,VTUK,ne_upper,0.0,0.0,0.0,0.0,1.46,1.77
2026-10-01,VTUL,ne_upper,0.0,0.0,0.0,0.0,1.99,3.33
2026-10-01,VTUO,ne_lower,0.0,0.06,0.12,0.0,1.83,0.89
2026-10-01,VTUU,ne_lower,2.4,3.58,7.36,7.72,1.92,0.84
2026-10-01,VTUV,ne_lower,0.0,0.09,0.18,0.0,2.01,0.99
