date,icao,region,obs24_mm,q10,q50,q90,prob10
2026-08-02,VTBD,central,0.0,0.0,2.64,24.63,0.27
2026-08-02,VTBS,central,0.0,0.0,2.08,14.79,0.06
2026-08-02,VTCC,north,8.6,0.0,0.4,11.53,0.05
2026-08-02,VTCH,north,18.3,0.0,6.77,24.52,0.61
2026-08-02,VTCL,north,2.2,0.0,0.76,9.74,0.05
2026-08-02,VTCN,north,10.0,0.0,1.04,13.12,0.08
2026-08-02,VTCP,north,0.4,0.0,0.33,3.83,0.01
2026-08-02,VTCT,north,90.3,0.0,5.48,23.53,0.57
2026-08-02,VTPB,north,13.3,0.0,2.33,28.51,0.35
2026-08-02,VTPH,southeast,0.0,0.0,1.29,19.41,0.24
2026-08-02,VTPM,north,0.0,0.0,10.28,35.61,0.85
2026-08-02,VTPO,north,0.0,0.0,1.25,14.4,0.24
2026-08-02,VTPP,north,10.4,0.0,0.89,13.3,0.15
2026-08-02,VTSB,southeast,0.6,0.0,3.09,22.49,0.15
2026-08-02,VTSC,southeast,0.0,0.0,1.39,22.45,0.09
2026-08-02,VTSF,southeast,0.0,0.0,3.19,22.74,0.28
2026-08-02,VTSG,southwest,0.0,0.0,2.8,24.75,0.24
2026-08-02,VTSM,southeast,0.0,0.0,0.84,13.36,0.08
2026-08-02,VTSP,southwest,0.0,0.0,7.65,29.65,0.48
2026-08-02,VTSS,southeast,0.2,0.0,4.64,23.08,0.27
2026-08-02,VTST,southwest,0.0,0.0,4.29,21.91,0.39
2026-08-02,VTUD,ne_upper,0.2,0.0,6.65,46.87,0.66
2026-08-02,VTUI,ne_upper,0.8,0.0,3.09,29.06,0.65
2026-08-02,VTUK,ne_upper,0.0,0.0,0.8,7.13,0.02
2026-08-02,VTUL,ne_upper,21.2,0.0,2.49,21.9,0.26
2026-08-02,VTUO,ne_lower,0.2,0.0,1.02,6.9,0.08
2026-08-02,VTUU,ne_lower,4.7,0.0,9.64,28.68,0.88
2026-08-02,VTUV,ne_lower,6.6,0.0,0.6,10.39,0.07
2026-08-03,VTBD,central,0.0,0.0,0.93,7.99,0.07
2026-08-03,VTBS,central,0.4,0.0,1.29,9.81,0.02
2026-08-03,VTCC,north,0.0,0.0,0.69,4.56,0.04
2026-08-03,VTCH,north,28.9,0.0,4.87,17.46,0.42
2026-08-03,VTCL,north,0.6,0.0,0.54,4.34,0.01
2026-08-03,VTCN,north,8.0,0.0,3.18,15.07,0.12
2026-08-03,VTCP,north,0.0,0.0,0.57,9.62,0.06
2026-08-03,VTCT,north,6.9,0.0,1.14,20.05,0.27
2026-08-03,VTPB,north,12.3,0.0,8.12,18.62,0.52
2026-08-03,VTPH,southeast,210.0,0.0,0.41,8.64,0.08
2026-08-03,VTPM,north,9.9,0.0,15.38,32.26,0.78
2026-08-03,VTPO,north,0.0,0.0,0.3,3.34,0.05
2026-08-03,VTPP,north,0.0,0.0,0.73,2.42,0.02
2026-08-03,VTSB,southeast,2.0,0.0,0.78,13.6,0.02
2026-08-03,VTSC,southeast,7.4,0.0,0.05,16.04,0.15
2026-08-03,VTSF,southeast,14.3,0.0,0.62,16.42,0.02
2026-08-03,VTSG,southwest,7.8,0.0,3.25,16.72,0.06
2026-08-03,VTSM,southeast,35.6,0.0,1.43,22.49,0.27
2026-08-03,VTSP,southwest,32.4,0.0,12.13,19.26,0.07
2026-08-03,VTSS,southeast,19.6,0.0,0.3,13.46,0.09
2026-08-03,VTST,southwest,33.4,0.0,16.83,56.43,0.77
2026-08-03,VTUD,ne_upper,57.6,0.0,1.8,17.13,0.25
2026-08-03,VTUI,ne_upper,25.4,0.0,0.87,13.08,0.15
2026-08-03,VTUK,ne_upper,0.2,0.0,1.49,11.54,0.07
2026-08-03,VTUL,ne_upper,0.0,0.0,0.05,2.93,0.06
2026-08-03,VTUO,ne_lower,19.8,0.0,0.13,3.97,0.01
2026-08-03,VTUU,ne_lower,25.0,0.0,0.39,7.84,0.05
2026-08-03,VTUV,ne_lower,36.4,0.0,0.14,3.35,0.05
2026-08-04,VTBD,central,4.4,0.0,0.67,9.25,0.21
2026-08-04,VTBS,central,0.2,0.0,0.42,6.71,0.02
2026-08-04,VTCC,north,0.0,0.0,0.41,6.59,0.03
2026-08-04,VTCL,north,6.0,0.0,0.18,1.5,0.0
2026-08-04,VTCN,north,12.2,0.0,0.95,14.86,0.22
2026-08-04,VTCP,north,26.2,0.0,0.14,4.12,0.07
2026-08-04,VTCT,north,46.4,0.0,13.23,24.63,0.78
2026-08-04,VTPB,north,8.0,0.0,9.32,23.96,0.6
2026-08-04,VTPH,southeast,0.0,0.0,0.04,2.7,0.03
2026-08-04,VTPM,north,5.7,0.0,3.55,7.46,0.08
2026-08-04,VTPO,north,0.0,0.0,1.1,6.4,0.05
2026-08-04,VTPP,north,0.0,0.0,1.49,12.29,0.06
2026-08-04,VTSB,southeast,0.4,0.0,0.3,9.66,0.02
2026-08-04,VTSC,southeast,19.2,0.0,0.0,16.72,0.04
2026-08-04,VTSF,southeast,5.7,0.0,0.57,3.51,0.0
2026-08-04,VTSG,southwest,38.2,0.0,4.12,21.0,0.31
2026-08-04,VTSM,southeast,0.0,0.0,0.79,4.81,0.05
2026-08-04,VTSP,southwest,6.6,0.0,8.96,17.02,0.05
2026-08-04,VTSS,southeast,11.6,0.0,0.31,19.98,0.09
2026-08-04,VTST,southwest,0.8,0.0,28.77,49.91,0.97
2026-08-04,VTUD,ne_upper,3.4,0.0,2.08,12.19,0.27
2026-08-04,VTUI,ne_upper,7.6,0.0,2.83,18.06,0.14
2026-08-04,VTUK,ne_upper,0.0,0.0,0.75,6.92,0.02
2026-08-04,VTUL,ne_upper,0.0,0.0,0.24,2.65,0.02
2026-08-04,VTUO,ne_lower,0.0,0.0,1.53,16.63,0.15
2026-08-04,VTUU,ne_lower,0.8,0.0,17.01,27.6,0.91
2026-08-04,VTUV,ne_lower,1.0,0.0,3.96,15.58,0.28
2026-08-05,VTBD,central,4.0,0.0,0.48,3.96,0.0
2026-08-05,VTBS,central,1.4,0.0,0.83,9.33,0.14
2026-08-05,VTCC,north,0.2,0.0,6.55,16.71,0.21
2026-08-05,VTCH,north,0.0,0.0,8.53,24.31,0.37
2026-08-05,VTCL,north,6.6,0.0,0.49,4.22,0.04
2026-08-05,VTCN,north,12.4,0.0,1.26,12.91,0.28
2026-08-05,VTCP,north,5.2,0.0,6.85,16.43,0.29
2026-08-05,VTCT,north,9.1,0.0,8.86,20.67,0.25
2026-08-05,VTPB,north,8.7,0.0,8.92,8.99,0.04
2026-08-05,VTPH,southeast,1.8,0.0,0.8,6.87,0.04
2026-08-05,VTPM,north,4.2,0.0,2.28,10.9,0.3
2026-08-05,VTPO,north,0.0,0.0,1.5,15.76,0.12
2026-08-05,VTSB,southeast,6.6,0.0,0.41,14.72,0.08
2026-08-05,VTSC,southeast,12.0,0.0,0.1,16.48,0.05
2026-08-05,VTSF,southeast,0.0,0.0,0.67,3.42,0.01
2026-08-05,VTSG,southwest,3.0,0.0,1.13,11.85,0.04
2026-08-05,VTSM,southeast,2.8,0.0,0.29,5.6,0.03
2026-08-05,VTSP,southwest,0.8,0.0,2.29,13.83,0.12
2026-08-05,VTSS,southeast,0.0,0.0,0.64,10.41,0.02
2026-08-05,VTST,southwest,0.0,0.0,7.34,19.97,0.06
2026-08-05,VTUD,ne_upper,15.4,0.0,0.29,10.0,0.09
2026-08-05,VTUI,ne_upper,61.4,0.0,0.75,13.35,0.08
2026-08-05,VTUK,ne_upper,2.4,0.0,0.1,3.29,0.05
2026-08-05,VTUL,ne_upper,1.6,0.0,0.31,8.13,0.08
2026-08-05,VTUO,ne_lower,0.2,0.0,1.54,19.31,0.15
2026-08-05,VTUU,ne_lower,4.8,0.0,3.98,18.01,0.52
2026-08-05,VTUV,ne_lower,12.0,0.0,0.98,10.62,0.07
2026-08-06,VTBD,central,1.4,0.0,1.43,18.3,0.19
2026-08-06,VTBS,central,0.0,0.0,0.72,5.99,0.01
2026-08-06,VTCC,north,0.0,0.0,0.74,12.18,0.26
2026-08-06,VTCH,north,0.0,0.0,9.04,23.96,0.64
2026-08-06,VTCL,north,0.0,0.0,7.78,20.42,0.47
2026-08-06,VTCN,north,56.4,0.0,1.88,26.97,0.41
2026-08-06,VTCP,north,3.2,0.0,9.97,21.76,0.26
2026-08-06,VTCT,north,32.2,0.0,14.9,29.0,0.85
2026-08-06,VTPB,north,1.2,0.0,8.31,25.67,0.57
2026-08-06,VTPH,southeast,1.8,0.0,0.49,5.22,0.02
2026-08-06,VTPM,north,4.0,0.0,19.02,25.62,0.84
2026-08-06,VTPO,north,1.8,0.0,4.43,17.06,0.1
2026-08-06,VTPP,north,0.0,0.0,1.44,12.74,0.2
2026-08-06,VTSB,southeast,0.0,0.0,1.13,5.89,0.01
2026-08-06,VTSC,southeast,0.0,0.0,1.52,18.25,0.43
2026-08-06,VTSF,southeast,0.0,0.0,0.16,3.7,0.0
2026-08-06,VTSG,southwest,3.2,0.0,0.44,2.37,0.0
2026-08-06,VTSM,southeast,0.0,0.0,0.32,10.37,0.05
2026-08-06,VTSP,southwest,0.4,0.0,0.21,1.91,0.01
2026-08-06,VTSS,southeast,0.0,0.0,0.58,6.81,0.07
2026-08-06,VTST,southwest,3.6,0.0,0.55,5.82,0.01
2026-08-06,VTUD,ne_upper,0.2,0.0,0.2,3.89,0.01
2026-08-06,VTUI,ne_upper,3.6,0.0,0.43,5.35,0.02
2026-08-06,VTUK,ne_upper,6.0,0.0,0.15,5.45,0.04
2026-08-06,VTUL,ne_upper,0.0,0.0,0.54,3.95,0.03
2026-08-06,VTUO,ne_lower,8.1,0.0,11.42,26.69,0.63
2026-08-06,VTUU,ne_lower,19.9,0.0,10.84,19.68,0.35
2026-08-06,VTUV,ne_lower,0.8,0.0,0.9,13.81,0.09
2026-08-07,VTBD,central,2.2,0.0,4.48,32.38,0.56
2026-08-07,VTBS,central,28.4,0.0,1.31,12.33,0.1
2026-08-07,VTCC,north,7.4,0.0,2.33,16.49,0.08
2026-08-07,VTCH,north,34.1,0.0,18.07,26.37,0.85
2026-08-07,VTCL,north,22.0,0.0,21.66,24.57,0.71
2026-08-07,VTCN,north,25.2,0.0,13.57,41.64,0.65
2026-08-07,VTCP,north,0.7,0.0,0.93,12.39,0.11
2026-08-07,VTCT,north,14.3,0.0,14.86,57.16,0.74
2026-08-07,VTPB,north,12.3,0.0,8.34,19.31,0.08
2026-08-07,VTPH,southeast,0.0,0.0,0.34,9.4,0.14
2026-08-07,VTPM,north,5.0,0.0,12.27,29.28,0.57
2026-08-07,VTPO,north,1.8,0.0,9.52,27.98,0.75
2026-08-07,VTPP,north,32.6,0.0,1.19,12.89,0.26
2026-08-07,VTSB,southeast,0.0,0.0,0.45,8.63,0.03
2026-08-07,VTSC,southeast,5.4,0.0,9.49,24.69,0.82
2026-08-07,VTSF,southeast,0.0,0.0,0.39,1.6,0.0
2026-08-07,VTSG,southwest,2.8,0.0,0.49,3.4,0.02
2026-08-07,VTSM,southeast,0.0,0.0,0.39,4.11,0.02
2026-08-07,VTSP,southwest,5.4,0.0,1.78,14.96,0.21
2026-08-07,VTSS,southeast,0.6,0.0,0.2,9.86,0.01
2026-08-07,VTST,southwest,0.0,0.0,0.24,10.17,0.1
2026-08-07,VTUD,ne_upper,25.8,0.0,1.46,13.4,0.14
2026-08-07,VTUI,ne_upper,3.4,0.0,2.24,14.5,0.25
2026-08-07,VTUK,ne_upper,1.4,0.0,0.36,3.7,0.01
2026-08-07,VTUL,ne_upper,7.4,0.0,0.32,6.35,0.02
2026-08-07,VTUO,ne_lower,0.2,0.0,4.33,15.7,0.24
2026-08-07,VTUU,ne_lower,4.5,0.0,0.92,6.42,0.19
2026-08-07,VTUV,ne_lower,2.7,0.0,1.67,12.32,0.08
2026-08-08,VTBD,central,3.8,0.0,2.35,18.58,0.73
2026-08-08,VTBS,central,0.4,0.0,1.22,6.49,0.03
2026-08-08,VTCC,north,33.8,0.0,0.15,8.2,0.02
2026-08-08,VTCH,north,20.1,0.0,3.2,19.87,0.28
2026-08-08,VTCL,north,4.8,0.0,0.8,8.42,0.05
2026-08-08,VTCN,north,24.6,0.0,0.42,13.03,0.37
2026-08-08,VTCP,north,0.5,0.0,1.6,9.67,0.07
2026-08-08,VTCT,north,10.5,0.0,12.71,24.76,0.28
2026-08-08,VTPB,north,1.0,0.0,1.66,16.74,0.16
2026-08-08,VTPH,southeast,14.4,0.0,0.46,10.9,0.09
2026-08-08,VTPM,north,8.3,0.0,1.69,11.81,0.41
2026-08-08,VTPO,north,0.4,0.0,1.59,18.61,0.11
2026-08-08,VTPP,north,3.6,0.0,2.05,11.53,0.17
2026-08-08,VTSB,southeast,0.4,0.0,1.51,3.62,0.0
2026-08-08,VTSC,southeast,0.2,0.0,0.8,14.98,0.02
2026-08-08,VTSF,southeast,0.0,0.0,0.22,4.04,0.01
2026-08-08,VTSG,southwest,0.0,0.0,0.19,2.39,0.02
2026-08-08,VTSM,southeast,0.0,0.0,0.19,4.85,0.1
2026-08-08,VTSP,southwest,0.0,0.0,0.0,1.15,0.0
2026-08-08,VTSS,southeast,0.2,0.0,0.13,5.58,0.06
2026-08-08,VTST,southwest,0.0,0.0,0.5,5.45,0.02
2026-08-08,VTUD,ne_upper,1.6,0.0,0.4,2.97,0.01
2026-08-08,VTUI,ne_upper,47.2,0.0,1.69,18.32,0.34
2026-08-08,VTUK,ne_upper,6.2,0.0,0.15,1.7,0.0
2026-08-08,VTUL,ne_upper,3.0,0.0,0.99,5.16,0.08
2026-08-08,VTUO,ne_lower,2.0,0.0,0.53,6.96,0.06
2026-08-08,VTUU,ne_lower,1.0,0.0,1.81,7.98,0.28
2026-08-08,VTUV,ne_lower,0.4,0.0,1.71,9.68,0.19
2026-08-09,VTBD,central,0.0,0.0,1.42,15.12,0.09
2026-08-09,VTBS,central,0.2,0.0,1.8,14.74,0.44
2026-08-09,VTCC,north,1.8,0.0,1.95,32.12,0.59
2026-08-09,VTCH,north,16.4,0.0,10.46,34.86,0.76
2026-08-09,VTCL,north,4.4,0.0,2.75,15.52,0.4
2026-08-09,VTCN,north,14.0,0.0,1.71,14.54,0.26
2026-08-09,VTCP,north,12.4,0.0,1.52,10.15,0.08
2026-08-09,VTCT,north,3.0,0.0,1.4,14.22,0.08
2026-08-09,VTPB,north,0.2,0.0,3.62,17.51,0.28
2026-08-09,VTPH,southeast,0.8,0.0,0.1,5.12,0.07
2026-08-09,VTPM,north,25.1,0.0,17.27,22.03,0.85
2026-08-09,VTPO,north,1.2,0.0,9.48,28.61,0.1
2026-08-09,VTPP,north,0.0,0.0,0.82,11.87,0.11
2026-08-09,VTSB,southeast,0.0,0.0,0.1,2.91,0.0
2026-08-09,VTSC,southeast,0.0,0.0,0.25,10.62,0.03
2026-08-09,VTSF,southeast,0.0,0.0,0.0,1.19,0.0
2026-08-09,VTSG,southwest,0.4,0.0,0.7,5.41,0.01
2026-08-09,VTSM,southeast,15.4,0.0,0.62,2.45,0.0
2026-08-09,VTSP,southwest,0.0,0.0,1.62,7.17,0.21
2026-08-09,VTSS,southeast,0.0,0.0,0.29,1.56,0.0
2026-08-09,VTST,southwest,7.8,0.0,0.45,8.88,0.04
2026-08-09,VTUD,ne_upper,0.2,0.0,2.22,9.88,0.36
2026-08-09,VTUI,ne_upper,17.0,0.0,2.9,19.72,0.59
2026-08-09,VTUK,ne_upper,0.0,0.0,1.86,21.4,0.66
2026-08-09,VTUL,ne_upper,0.0,0.0,1.23,12.18,0.18
2026-08-09,VTUO,ne_lower,0.2,0.0,0.5,5.04,0.02
2026-08-09,VTUU,ne_lower,3.6,0.0,2.45,12.36,0.16
2026-08-09,VTUV,ne_lower,0.2,0.0,0.85,18.14,0.72
2026-08-10,VTBD,central,7.6,0.0,1.14,7.07,0.03
2026-08-10,VTBS,central,33.0,0.0,1.5,16.48,0.28
2026-08-10,VTCC,north,0.8,0.0,2.95,21.88,0.07
2026-08-10,VTCH,north,34.7,0.0,9.98,22.86,0.44
2026-08-10,VTCL,north,0.7,0.0,0.26,4.79,0.08
2026-08-10,VTCN,north,1.4,0.0,2.34,20.1,0.15
2026-08-10,VTCP,north,9.6,0.0,0.85,3.39,0.02
2026-08-10,VTCT,north,1.2,0.0,3.29,26.21,0.45
2026-08-10,VTPB,north,3.2,0.0,4.47,17.26,0.81
2026-08-10,VTPH,southeast,0.8,0.0,0.0,5.0,0.04
2026-08-10,VTPM,north,10.1,0.0,10.05,25.55,0.52
2026-08-10,VTPO,north,0.0,0.0,0.05,4.86,0.03
2026-08-10,VTPP,north,0.0,0.0,1.13,4.63,0.01
2026-08-10,VTSB,southeast,0.0,0.0,0.4,3.66,0.0
2026-08-10,VTSC,southeast,2.0,0.0,0.0,6.67,0.03
2026-08-10,VTSF,southeast,0.0,0.0,0.56,2.2,0.0
2026-08-10,VTSG,southwest,0.0,0.0,0.97,5.68,0.04
2026-08-10,VTSM,southeast,0.0,0.0,0.51,4.37,0.08
2026-08-10,VTSP,southwest,0.0,0.0,0.3,4.49,0.01
2026-08-10,VTSS,southeast,6.8,0.0,0.19,4.19,0.06
2026-08-10,VTST,southwest,0.0,0.0,1.47,5.13,0.01
2026-08-10,VTUD,ne_upper,4.6,0.0,0.16,3.03,0.01
2026-08-10,VTUI,ne_upper,0.2,0.0,3.25,22.79,0.2
2026-08-10,VTUK,ne_upper,3.0,0.0,0.53,4.27,0.03
2026-08-10,VTUL,ne_upper,0.0,0.0,0.4,6.5,0.02
2026-08-10,VTUO,ne_lower,26.0,0.0,0.66,4.5,0.01
2026-08-10,VTUU,ne_lower,8.8,0.0,9.24,22.59,0.4
2026-08-10,VTUV,ne_lower,0.0,0.0,1.08,7.06,0.08
2026-08-11,VTBD,central,0.0,0.0,0.21,5.36,0.04
2026-08-11,VTBS,central,0.0,0.0,5.47,19.34,0.2
2026-08-11,VTCC,north,0.4,0.0,3.61,15.03,0.29
2026-08-11,VTCH,north,17.8,0.0,5.9,29.4,0.3
2026-08-11,VTCL,north,0.0,0.0,1.1,5.24,0.01
2026-08-11,VTCN,north,5.2,0.0,0.72,11.87,0.18
2026-08-11,VTCP,north,7.1,0.0,1.92,13.5,0.17
2026-08-11,VTCT,north,48.4,0.01,8.46,36.97,0.31
2026-08-11,VTPB,north,10.3,0.0,6.75,23.96,0.49
2026-08-11,VTPH,southeast,0.0,0.0,0.3,3.96,0.01
2026-08-11,VTPM,north,11.1,0.0,8.82,24.33,0.51
2026-08-11,VTPO,north,0.0,0.0,3.77,20.16,0.13
2026-08-11,VTPP,north,0.2,0.0,4.31,21.69,0.36
2026-08-11,VTSB,southeast,0.0,0.0,0.0,2.06,0.0
2026-08-11,VTSC,southeast,0.0,0.0,0.18,13.23,0.03
2026-08-11,VTSF,southeast,0.0,0.0,0.34,3.22,0.02
2026-08-11,VTSG,southwest,0.0,0.0,0.8,3.51,0.02
2026-08-11,VTSM,southeast,0.0,0.0,0.57,6.6,0.12
2026-08-11,VTSP,southwest,1.4,0.0,0.09,3.54,0.0
2026-08-11,VTSS,southeast,0.0,0.0,0.66,7.34,0.01
2026-08-11,VTST,southwest,0.0,0.0,0.3,3.88,0.0
2026-08-11,VTUD,ne_upper,14.8,0.0,1.2,9.56,0.2
2026-08-11,VTUI,ne_upper,0.0,0.0,4.29,18.24,0.39
2026-08-11,VTUK,ne_upper,0.0,0.0,0.37,3.55,0.02
2026-08-11,VTUL,ne_upper,1.6,0.0,0.4,4.52,0.04
2026-08-11,VTUO,ne_lower,0.0,0.0,0.23,7.29,0.13
2026-08-11,VTUU,ne_lower,0.0,0.0,0.92,5.23,0.05
2026-08-11,VTUV,ne_lower,0.0,0.0,1.41,7.95,0.07
2026-08-12,VTBD,central,10.2,0.0,4.05,25.38,0.22
2026-08-12,VTBS,central,4.6,0.0,7.6,23.87,0.21
2026-08-12,VTCC,north,0.0,0.0,0.31,4.17,0.03
2026-08-12,VTCH,north,0.3,0.0,8.21,18.86,0.3
2026-08-12,VTCL,north,0.6,0.0,0.66,5.25,0.02
2026-08-12,VTCN,north,3.2,0.0,4.36,22.77,0.25
2026-08-12,VTCP,north,1.8,0.0,0.29,6.73,0.04
2026-08-12,VTCT,north,1.6,0.0,0.18,4.7,0.08
2026-08-12,VTPB,north,0.0,0.0,0.49,4.24,0.02
2026-08-12,VTPH,southeast,0.8,0.0,0.29,5.73,0.04
2026-08-12,VTPM,north,22.1,0.0,5.53,22.76,0.2
2026-08-12,VTPO,north,0.0,0.0,0.11,2.74,0.01
2026-08-12,VTPP,north,0.0,0.0,0.79,4.46,0.0
2026-08-12,VTSB,southeast,0.2,0.0,0.49,3.55,0.0
2026-08-12,VTSC,southeast,0.0,0.0,0.2,6.18,0.01
2026-08-12,VTSF,southeast,27.0,0.0,1.05,12.51,0.05
2026-08-12,VTSG,southwest,9.4,0.0,0.85,6.77,0.15
2026-08-12,VTSM,southeast,0.0,0.0,0.23,5.46,0.0
2026-08-12,VTSP,southwest,7.8,0.0,0.46,4.19,0.01
2026-08-12,VTSS,southeast,3.6,0.0,3.26,17.61,0.08
2026-08-12,VTST,southwest,19.4,0.0,0.39,13.34,0.06
2026-08-12,VTUD,ne_upper,0.2,0.0,0.14,6.76,0.08
2026-08-12,VTUI,ne_upper,0.0,0.0,1.57,5.49,0.02
2026-08-12,VTUK,ne_upper,0.0,0.0,0.29,4.37,0.01
2026-08-12,VTUL,ne_upper,0.0,0.0,0.33,3.02,0.0
2026-08-12,VTUO,ne_lower,0.0,0.0,1.07,5.77,0.14
2026-08-12,VTUU,ne_lower,0.0,0.0,0.05,3.83,0.09
2026-08-12,VTUV,ne_lower,0.0,0.0,1.29,7.81,0.09
2026-08-13,VTBD,central,0.0,0.0,1.51,16.03,0.52
2026-08-13,VTBS,central,0.4,0.0,9.14,21.62,0.19
2026-08-13,VTCC,north,8.4,0.0,0.47,4.44,0.02
2026-08-13,VTCH,north,28.2,0.0,4.78,22.32,0.69
2026-08-13,VTCL,north,0.4,0.0,0.94,4.52,0.0
2026-08-13,VTCN,north,0.0,0.0,0.4,4.65,0.02
2026-08-13,VTCP,north,0.0,0.0,1.21,5.59,0.0
2026-08-13,VTCT,north,0.2,0.0,1.43,7.02,0.08
2026-08-13,VTPB,north,0.0,0.0,0.63,5.16,0.01
2026-08-13,VTPH,southeast,14.3,0.0,0.12,4.8,0.01
2026-08-13,VTPM,north,18.4,0.0,2.64,22.18,0.09
2026-08-13,VTPO,north,0.0,0.0,0.45,4.83,0.02
2026-08-13,VTPP,north,0.0,0.0,0.62,5.19,0.0
2026-08-13,VTSB,southeast,0.2,0.0,0.17,3.97,0.0
2026-08-13,VTSC,southeast,0.0,0.0,1.06,11.52,0.03
2026-08-13,VTSF,southeast,3.4,0.0,0.38,9.95,0.3
2026-08-13,VTSG,southwest,7.0,0.0,0.47,4.01,0.01
2026-08-13,VTSM,southeast,0.0,0.0,0.0,7.03,0.04
2026-08-13,VTSP,southwest,10.6,0.0,0.49,4.36,0.01
2026-08-13,VTSS,southeast,3.8,0.0,0.37,14.77,0.07
2026-08-13,VTST,southwest,4.2,0.0,0.89,9.76,0.03
2026-08-13,VTUD,ne_upper,0.0,0.0,0.25,3.34,0.02
2026-08-13,VTUI,ne_upper,0.0,0.0,0.15,1.61,0.0
2026-08-13,VTUK,ne_upper,0.0,0.0,0.66,3.4,0.0
2026-08-13,VTUL,ne_upper,3.0,0.0,0.0,2.25,0.0
2026-08-13,VTUO,ne_lower,0.0,0.0,0.11,3.4,0.0
2026-08-13,VTUU,ne_lower,0.0,0.0,1.0,5.28,0.01
2026-08-13,VTUV,ne_lower,0.0,0.0,0.44,5.25,0.01
2026-08-14,VTBD,central,0.6,0.0,2.49,19.68,0.37
2026-08-14,VTBS,central,210.0,0.0,10.74,17.19,0.57
2026-08-14,VTCC,north,0.0,0.0,0.43,7.2,0.01
2026-08-14,VTCH,north,0.0,0.0,4.09,17.11,0.56
2026-08-14,VTCL,north,0.0,0.0,0.84,2.91,0.0
2026-08-14,VTCN,north,3.8,0.0,3.82,18.76,0.34
2026-08-14,VTCP,north,0.0,0.0,1.09,7.81,0.07
2026-08-14,VTCT,north,20.8,0.0,2.59,16.93,0.01
2026-08-14,VTPB,north,16.6,0.0,0.23,8.41,0.04
2026-08-14,VTPH,southeast,0.0,0.0,0.65,3.74,0.02
2026-08-14,VTPM,north,7.5,0.0,2.78,22.92,0.15
2026-08-14,VTPO,north,8.4,0.0,2.12,8.85,0.02
2026-08-14,VTPP,north,0.0,0.0,0.77,4.13,0.01
2026-08-14,VTSB,southeast,0.0,0.0,1.02,4.57,0.0
2026-08-14,VTSC,southeast,0.0,0.0,0.8,4.66,0.0
2026-08-14,VTSF,southeast,0.0,0.0,1.64,4.74,0.06
2026-08-14,VTSG,southwest,7.6,0.0,1.79,7.11,0.1
2026-08-14,VTSM,southeast,0.0,0.0,0.55,13.36,0.13
2026-08-14,VTSP,southwest,1.0,0.0,2.16,8.86,0.11
2026-08-14,VTSS,southeast,180.0,0.0,0.67,3.96,0.01
2026-08-14,VTST,southwest,2.2,0.0,0.63,14.02,0.05
2026-08-14,VTUD,ne_upper,0.0,0.0,1.2,7.32,0.02
2026-08-14,VTUI,ne_upper,6.4,0.0,2.05,19.03,0.31
2026-08-14,VTUK,ne_upper,0.0,0.0,1.74,15.28,0.21
2026-08-14,VTUL,ne_upper,11.2,0.0,0.94,4.5,0.0
2026-08-14,VTUO,ne_lower,0.0,0.0,0.19,1.94,0.0
2026-08-14,VTUU,ne_lower,0.0,0.0,0.75,6.47,0.01
2026-08-14,VTUV,ne_lower,0.0,0.0,0.09,4.42,0.01
2026-08-15,VTBD,central,31.2,0.0,13.26,20.93,0.7
2026-08-15,VTBS,central,0.8,0.0,1.19,19.76,0.12
2026-08-15,VTCC,north,0.2,0.0,1.45,7.04,0.02
2026-08-15,VTCL,north,0.0,0.0,0.91,7.42,0.06
2026-08-15,VTCN,north,0.0,0.0,1.36,18.78,0.19
2026-08-15,VTCP,north,0.4,0.0,2.49,21.14,0.2
2026-08-15,VTCT,north,16.4,0.0,1.64,22.46,0.38
2026-08-15,VTPB,north,4.7,0.0,6.34,26.51,0.42
2026-08-15,VTPH,southeast,0.0,0.0,1.02,4.25,0.02
2026-08-15,VTPM,north,17.1,0.0,9.91,25.61,0.69
2026-08-15,VTPO,north,0.2,0.0,0.69,7.25,0.01
2026-08-15,VTPP,north,5.4,0.0,1.46,9.33,0.19
2026-08-15,VTSB,southeast,1.4,0.0,0.3,2.12,0.0
2026-08-15,VTSC,southeast,0.0,0.0,0.09,4.43,0.1
2026-08-15,VTSF,southeast,0.0,0.0,0.0,2.19,0.01
2026-08-15,VTSG,southwest,7.2,0.0,2.93,14.48,0.19
2026-08-15,VTSM,southeast,0.0,0.0,1.51,18.54,0.07
2026-08-15,VTSP,southwest,4.4,0.0,1.08,4.72,0.01
2026-08-15,VTSS,southeast,0.0,0.0,0.66,5.46,0.04
2026-08-15,VTST,southwest,0.0,0.0,0.0,8.25,0.03
2026-08-15,VTUD,ne_upper,0.0,0.0,2.87,15.43,0.28
2026-08-15,VTUI,ne_upper,0.4,0.0,4.06,17.66,0.25
2026-08-15,VTUK,ne_upper,0.0,0.0,0.28,3.84,0.01
2026-08-15,VTUL,ne_upper,0.0,0.0,1.03,4.4,0.0
2026-08-15,VTUO,ne_lower,0.0,0.0,1.77,7.18,0.12
2026-08-15,VTUU,ne_lower,0.0,0.0,0.88,8.64,0.06
2026-08-15,VTUV,ne_lower,0.0,0.0,0.92,7.4,0.07
2026-08-16,VTBD,central,0.0,0.0,9.32,26.47,0.48
2026-08-16,VTBS,central,0.0,0.0,2.0,12.05,0.24
2026-08-16,VTCC,north,3.8,0.0,1.34,6.36,0.02
2026-08-16,VTCH,north,7.4,0.01,6.78,22.49,0.24
2026-08-16,VTCL,north,0.0,0.0,0.31,4.03,0.01
2026-08-16,VTCN,north,1.4,0.0,0.36,10.34,0.12
2026-08-16,VTCP,north,3.0,0.0,1.39,6.68,0.15
2026-08-16,VTCT,north,0.0,0.0,0.38,4.93,0.05
2026-08-16,VTPB,north,0.2,0.0,3.16,14.76,0.73
2026-08-16,VTPH,southeast,0.0,0.0,0.76,6.51,0.05
2026-08-16,VTPM,north,17.4,0.0,5.61,28.94,0.21
2026-08-16,VTPO,north,0.0,0.0,1.15,6.57,0.01
2026-08-16,VTPP,north,0.0,0.0,0.48,9.22,0.05
2026-08-16,VTSB,southeast,1.2,0.0,1.02,14.0,0.17
2026-08-16,VTSC,southeast,0.0,0.0,0.15,14.85,0.05
2026-08-16,VTSF,southeast,0.0,0.0,0.79,14.94,0.16
2026-08-16,VTSG,southwest,6.6,0.0,3.85,22.8,0.22
2026-08-16,VTSM,southeast,0.0,0.0,0.12,13.54,0.12
2026-08-16,VTSP,southwest,0.2,0.0,2.2,12.59,0.24
2026-08-16,VTSS,southeast,19.2,0.0,0.16,11.85,0.08
2026-08-16,VTST,southwest,24.6,0.0,1.15,13.63,0.09
2026-08-16,VTUD,ne_upper,0.2,0.0,1.74,12.2,0.19
2026-08-16,VTUI,ne_upper,2.4,0.0,3.59,22.0,0.4
2026-08-16,VTUK,ne_upper,0.0,0.0,1.41,6.48,0.03
2026-08-16,VTUL,ne_upper,4.2,0.0,1.94,8.46,0.03
2026-08-16,VTUO,ne_lower,0.0,0.0,1.25,15.97,0.15
2026-08-16,VTUU,ne_lower,0.0,0.0,0.29,3.47,0.0
2026-08-16,VTUV,ne_lower,0.0,0.0,0.73,3.9,0.01
2026-08-17,VTBD,central,25.2,0.0,1.12,13.48,0.14
2026-08-17,VTBS,central,2.4,0.0,0.06,4.75,0.02
2026-08-17,VTCC,north,0.6,0.0,0.0,0.39,0.0
2026-08-17,VTCH,north,1.4,0.0,4.92,27.85,0.33
2026-08-17,VTCL,north,0.1,0.0,0.01,1.55,0.01
2026-08-17,VTCN,north,1.8,0.0,1.24,15.94,0.13
2026-08-17,VTCP,north,0.2,0.0,0.42,4.41,0.03
2026-08-17,VTCT,north,0.0,0.0,0.79,8.14,0.14
2026-08-17,VTPB,north,3.2,0.0,0.28,3.39,0.03
2026-08-17,VTPH,southeast,2.2,0.0,0.0,4.37,0.02
2026-08-17,VTPM,north,17.5,0.0,3.69,19.53,0.06
2026-08-17,VTPO,north,3.8,0.0,0.05,2.78,0.0
2026-08-17,VTPP,north,0.0,0.0,0.0,3.51,0.09
2026-08-17,VTSB,southeast,7.4,0.0,0.05,4.04,0.04
2026-08-17,VTSC,southeast,0.0,0.0,1.1,14.63,0.09
2026-08-17,VTSF,southeast,0.0,0.0,0.07,3.74,0.01
2026-08-17,VTSG,southwest,0.0,0.0,0.47,4.08,0.02
2026-08-17,VTSM,southeast,1.4,0.0,0.0,6.19,0.02
2026-08-17,VTSP,southwest,0.0,0.0,0.09,3.03,0.01
2026-08-17,VTSS,southeast,0.0,0.0,0.24,14.34,0.09
2026-08-17,VTST,southwest,0.2,0.0,0.64,10.44,0.03
2026-08-17,VTUD,ne_upper,0.0,0.0,0.0,0.49,0.02
2026-08-17,VTUI,ne_upper,0.0,0.0,0.33,2.28,0.01
2026-08-17,VTUK,ne_upper,0.0,0.0,0.06,3.5,0.02
2026-08-17,VTUL,ne_upper,0.0,0.0,0.02,0.79,0.02
2026-08-17,VTUO,ne_lower,0.0,0.0,2.92,3.15,0.01
2026-08-17,VTUU,ne_lower,0.0,0.0,0.03,1.89,0.04
2026-08-17,VTUV,ne_lower,0.0,0.0,0.01,3.73,0.02
2026-08-18,VTBD,central,3.0,0.0,0.1,3.12,0.0
2026-08-18,VTBS,central,8.8,0.0,1.27,12.23,0.06
2026-08-18,VTCC,north,0.0,0.0,0.04,0.97,0.0
2026-08-18,VTCH,north,0.0,0.0,0.31,7.81,0.12
2026-08-18,VTCL,north,2.5,0.0,0.03,0.2,0.0
2026-08-18,VTCN,north,25.0,0.0,0.06,5.17,0.05
2026-08-18,VTCP,north,8.2,0.0,0.93,3.43,0.11
2026-08-18,VTCT,north,0.0,0.0,0.49,6.6,0.04
2026-08-18,VTPB,north,0.6,0.0,0.18,3.09,0.02
2026-08-18,VTPH,southeast,0.0,0.0,0.23,1.63,0.01
2026-08-18,VTPM,north,6.5,0.0,9.58,22.3,0.48
2026-08-18,VTPO,north,0.0,0.0,0.41,7.19,0.06
2026-08-18,VTPP,north,6.6,0.0,0.26,2.16,0.01
2026-08-18,VTSB,southeast,2.2,0.0,0.2,5.1,0.01
2026-08-18,VTSC,southeast,0.0,0.0,0.08,7.7,0.01
2026-08-18,VTSF,southeast,2.9,0.0,0.44,9.11,0.06
2026-08-18,VTSG,southwest,11.6,0.0,2.38,14.35,0.23
2026-08-18,VTSM,southeast,0.0,0.0,0.02,1.46,0.05
2026-08-18,VTSP,southwest,0.0,0.0,3.23,6.15,0.06
2026-08-18,VTSS,southeast,2.0,0.0,0.0,2.19,0.0
2026-08-18,VTST,southwest,1.8,0.0,0.73,13.0,0.05
2026-08-18,VTUD,ne_upper,19.5,0.0,0.04,0.44,0.01
2026-08-18,VTUI,ne_upper,2.4,0.0,1.68,12.58,0.17
2026-08-18,VTUK,ne_upper,2.8,0.0,0.03,5.82,0.04
2026-08-18,VTUL,ne_upper,7.8,0.0,0.02,0.14,0.0
2026-08-18,VTUO,ne_lower,9.6,0.0,0.0,0.51,0.03
2026-08-18,VTUU,ne_lower,7.3,0.0,7.21,23.13,0.28
2026-08-18,VTUV,ne_lower,10.8,0.0,1.99,16.24,0.23
2026-08-19,VTBD,central,0.0,0.0,1.2,13.24,0.23
2026-08-19,VTBS,central,2.4,0.0,1.66,11.62,0.04
2026-08-19,VTCC,north,8.2,0.0,8.98,12.15,0.04
2026-08-19,VTCH,north,12.7,0.0,6.05,20.73,0.34
2026-08-19,VTCL,north,11.4,0.0,1.68,8.49,0.09
2026-08-19,VTCN,north,33.0,0.95,11.93,44.17,0.86
2026-08-19,VTCP,north,27.5,0.0,7.09,16.87,0.26
2026-08-19,VTCT,north,23.2,1.06,16.64,23.02,0.6
2026-08-19,VTPB,north,13.1,0.0,9.58,21.55,0.52
2026-08-19,VTPH,southeast,3.2,0.0,0.03,2.24,0.02
2026-08-19,VTPM,north,24.0,0.0,13.86,40.4,0.7
2026-08-19,VTPO,north,49.0,0.0,9.19,19.55,0.38
2026-08-19,VTPP,north,39.2,0.0,2.32,14.8,0.37
2026-08-19,VTSB,southeast,0.0,0.0,0.16,3.76,0.02
2026-08-19,VTSC,southeast,0.0,0.0,0.3,8.56,0.01
2026-08-19,VTSF,southeast,0.0,0.0,0.0,0.67,0.0
2026-08-19,VTSG,southwest,0.0,0.0,0.49,4.38,0.03
2026-08-19,VTSM,southeast,0.0,0.0,0.11,3.35,0.01
2026-08-19,VTSP,southwest,8.6,0.0,0.36,3.41,0.09
2026-08-19,VTSS,southeast,0.0,0.0,0.33,3.4,0.01
2026-08-19,VTST,southwest,0.0,0.0,0.19,3.38,0.01
2026-08-19,VTUD,ne_upper,100.6,0.0,10.64,15.97,0.5
2026-08-19,VTUI,ne_upper,14.4,0.0,8.41,50.83,0.25
2026-08-19,VTUK,ne_upper,15.8,0.0,7.12,55.4,0.45
2026-08-19,VTUL,ne_upper,23.8,0.0,11.32,22.33,0.64
2026-08-19,VTUO,ne_lower,34.6,0.0,1.03,17.98,0.18
2026-08-19,VTUU,ne_lower,66.2,0.0,5.63,18.42,0.27
2026-08-19,VTUV,ne_lower,28.8,0.0,21.99,50.7,0.61
2026-08-20,VTBD,central,0.0,0.0,1.03,8.69,0.01
2026-08-20,VTBS,central,0.0,0.0,2.32,18.05,0.09
2026-08-20,VTCC,north,18.2,0.0,0.56,11.48,0.05
2026-08-20,VTCH,north,34.7,0.0,8.85,19.85,0.46
2026-08-20,VTCL,north,9.0,0.0,0.51,13.15,0.05
2026-08-20,VTCN,north,0.0,0.0,1.12,10.41,0.12
2026-08-20,VTCP,north,6.7,0.0,7.32,18.38,0.44
2026-08-20,VTCT,north,16.9,0.0,1.24,3.24,0.01
2026-08-20,VTPB,north,35.8,0.0,16.96,29.04,0.89
2026-08-20,VTPH,southeast,0.6,0.0,0.4,6.08,0.08
2026-08-20,VTPM,north,71.0,0.0,20.54,37.01,0.84
2026-08-20,VTPO,north,188.8,0.62,23.16,30.97,0.93
2026-08-20,VTPP,north,51.6,0.0,14.6,34.07,0.69
2026-08-20,VTSB,southeast,0.0,0.0,0.31,7.21,0.02
2026-08-20,VTSC,southeast,0.0,0.0,0.28,12.84,0.02
2026-08-20,VTSF,southeast,0.0,0.0,0.12,5.19,0.02
2026-08-20,VTSG,southwest,4.2,0.0,1.01,3.98,0.02
2026-08-20,VTSM,southeast,2.2,0.0,0.14,2.69,0.07
2026-08-20,VTSP,southwest,6.4,0.0,1.0,3.16,0.01
2026-08-20,VTSS,southeast,0.0,0.0,0.0,3.16,0.01
2026-08-20,VTST,southwest,0.0,0.0,0.27,5.23,0.01
2026-08-20,VTUD,ne_upper,1.8,0.0,3.71,11.81,0.38
2026-08-20,VTUI,ne_upper,83.0,0.0,7.3,17.7,0.21
2026-08-20,VTUK,ne_upper,26.6,0.0,12.22,19.31,0.73
2026-08-20,VTUL,ne_upper,4.0,0.0,1.55,7.43,0.08
2026-08-20,VTUO,ne_lower,14.8,0.0,6.03,15.96,0.3
2026-08-20,VTUU,ne_lower,10.4,0.0,8.64,22.68,0.36
2026-08-20,VTUV,ne_lower,22.4,0.0,6.02,20.82,0.39
2026-08-21,VTBD,central,0.0,0.0,11.2,24.54,0.74
2026-08-21,VTBS,central,0.0,0.0,7.18,20.72,0.3
2026-08-21,VTCC,north,0.4,0.0,0.32,7.75,0.02
2026-08-21,VTCH,north,2.4,0.0,1.5,18.99,0.08
2026-08-21,VTCL,north,0.0,0.0,2.86,11.13,0.09
2026-08-21,VTCN,north,0.0,0.0,0.37,7.32,0.07
2026-08-21,VTCP,north,0.8,0.0,0.07,4.61,0.02
2026-08-21,VTCT,north,0.0,0.0,0.87,2.78,0.01
2026-08-21,VTPB,north,0.0,0.0,11.38,23.56,0.65
2026-08-21,VTPH,southeast,1.4,0.0,0.51,9.53,0.08
2026-08-21,VTPM,north,5.1,0.0,18.82,30.85,0.88
2026-08-21,VTPO,north,0.6,0.0,0.56,4.56,0.03
2026-08-21,VTPP,north,0.2,0.0,7.35,17.68,0.66
2026-08-21,VTSB,southeast,0.2,0.0,0.96,15.91,0.04
2026-08-21,VTSC,southeast,0.0,0.0,0.41,8.72,0.02
2026-08-21,VTSF,southeast,0.0,0.0,0.11,3.29,0.01
2026-08-21,VTSG,southwest,0.2,0.0,2.23,12.5,0.03
2026-08-21,VTSM,southeast,3.8,0.0,0.55,8.28,0.04
2026-08-21,VTSP,southwest,0.0,0.0,0.13,4.94,0.01
2026-08-21,VTSS,southeast,0.0,0.0,0.0,2.19,0.0
2026-08-21,VTST,southwest,0.0,0.0,0.0,1.8,0.01
2026-08-21,VTUD,ne_upper,0.0,0.0,0.99,13.98,0.14
2026-08-21,VTUI,ne_upper,0.4,0.0,5.36,16.79,0.44
2026-08-21,VTUK,ne_upper,13.4,0.0,0.9,2.82,0.05
2026-08-21,VTUL,ne_upper,0.0,0.0,0.0,2.3,0.01
2026-08-21,VTUO,ne_lower,0.0,0.0,1.81,7.41,0.09
2026-08-21,VTUU,ne_lower,1.2,0.0,0.16,4.03,0.05
2026-08-21,VTUV,ne_lower,0.6,0.0,0.28,3.41,0.04
2026-08-22,VTBD,central,8.6,0.0,9.28,22.04,0.61
2026-08-22,VTBS,central,8.8,0.0,10.15,22.66,0.54
2026-08-22,VTCC,north,0.0,0.0,0.42,5.32,0.01
2026-08-22,VTCH,north,0.0,0.0,1.8,19.45,0.34
2026-08-22,VTCL,north,0.0,0.0,0.08,5.37,0.12
2026-08-22,VTCN,north,0.2,0.0,0.0,3.17,0.02
2026-08-22,VTCP,north,0.0,0.0,1.02,11.48,0.12
2026-08-22,VTCT,north,0.0,0.0,1.97,17.08,0.14
2026-08-22,VTPB,north,0.0,0.0,2.14,7.95,0.08
2026-08-22,VTPH,southeast,0.4,0.0,0.45,8.9,0.03
2026-08-22,VTPM,north,27.5,0.0,7.0,18.98,0.5
2026-08-22,VTPO,north,0.0,0.0,0.05,2.59,0.01
2026-08-22,VTPP,north,0.0,0.0,1.28,9.74,0.4
2026-08-22,VTSB,southeast,0.0,0.0,0.29,6.28,0.01
2026-08-22,VTSC,southeast,1.6,0.0,0.0,12.47,0.02
2026-08-22,VTSF,southeast,0.0,0.0,0.11,5.33,0.02
2026-08-22,VTSG,southwest,0.0,0.0,0.02,0.58,0.0
2026-08-22,VTSM,southeast,0.0,0.0,0.0,2.56,0.06
2026-08-22,VTSP,southwest,0.0,0.0,0.0,1.27,0.0
2026-08-22,VTSS,southeast,0.0,0.0,0.0,2.09,0.0
2026-08-22,VTST,southwest,0.0,0.0,0.39,4.11,0.01
2026-08-22,VTUD,ne_upper,0.0,0.0,0.0,2.7,0.01
2026-08-22,VTUI,ne_upper,0.2,0.0,0.32,3.73,0.04
2026-08-22,VTUK,ne_upper,0.0,0.0,0.73,4.14,0.08
2026-08-22,VTUL,ne_upper,0.0,0.0,0.0,2.89,0.01
2026-08-22,VTUO,ne_lower,0.0,0.0,2.74,18.75,0.21
2026-08-22,VTUU,ne_lower,0.8,0.0,7.68,18.53,0.3
2026-08-22,VTUV,ne_lower,0.0,0.0,0.28,4.72,0.06
2026-08-23,VTBD,central,0.0,0.0,2.04,14.85,0.16
2026-08-23,VTBS,central,0.2,0.0,4.78,20.83,0.2
2026-08-23,VTCC,north,0.0,0.0,0.23,3.79,0.02
2026-08-23,VTCH,north,0.6,0.0,3.91,14.36,0.13
2026-08-23,VTCL,north,0.0,0.0,0.0,2.46,0.03
2026-08-23,VTCN,north,0.0,0.0,0.11,4.14,0.02
2026-08-23,VTCP,north,0.0,0.0,0.49,3.66,0.05
2026-08-23,VTCT,north,11.6,0.0,0.18,6.68,0.03
2026-08-23,VTPB,north,0.0,0.0,0.18,4.62,0.02
2026-08-23,VTPH,southeast,1.0,0.0,0.4,3.59,0.01
2026-08-23,VTPM,north,93.2,0.0,13.81,57.19,0.75
2026-08-23,VTPO,north,0.4,0.0,0.15,1.73,0.01
2026-08-23,VTPP,north,0.4,0.0,0.42,2.53,0.01
2026-08-23,VTSB,southeast,0.0,0.0,0.69,3.51,0.06
2026-08-23,VTSC,southeast,0.0,0.0,0.76,16.17,0.01
2026-08-23,VTSF,southeast,0.0,0.0,0.76,14.47,0.13
2026-08-23,VTSG,southwest,0.0,0.0,0.61,5.47,0.01
2026-08-23,VTSM,southeast,0.4,0.0,0.67,4.55,0.04
2026-08-23,VTSP,southwest,0.0,0.0,0.94,6.04,0.08
2026-08-23,VTSS,southeast,0.2,0.0,0.3,3.91,0.04
2026-08-23,VTST,southwest,0.0,0.0,0.82,17.43,0.1
2026-08-23,VTUD,ne_upper,3.4,0.0,1.28,2.75,0.04
2026-08-23,VTUI,ne_upper,0.0,0.0,0.54,7.92,0.09
2026-08-23,VTUK,ne_upper,0.0,0.0,0.26,1.76,0.02
2026-08-23,VTUL,ne_upper,0.0,0.0,0.22,1.95,0.0
2026-08-23,VTUO,ne_lower,0.0,0.0,0.37,7.54,0.05
2026-08-23,VTUU,ne_lower,0.0,0.0,3.52,19.64,0.36
2026-08-23,VTUV,ne_lower,0.0,0.0,0.31,0.71,0.03
2026-08-24,VTBD,central,0.0,0.0,0.73,5.27,0.02
2026-08-24,VTBS,central,0.0,0.0,0.84,8.33,0.18
2026-08-24,VTCC,north,0.0,0.0,0.14,2.33,0.1
2026-08-24,VTCH,north,6.5,0.0,0.2,4.2,0.06
2026-08-24,VTCL,north,0.0,0.0,0.0,1.51,0.0
2026-08-24,VTCN,north,0.0,0.0,0.34,7.3,0.33
2026-08-24,VTCP,north,0.0,0.0,0.0,1.62,0.0
2026-08-24,VTCT,north,0.0,0.0,0.39,3.06,0.0
2026-08-24,VTPB,north,0.0,0.0,0.6,6.75,0.05
2026-08-24,VTPH,southeast,0.0,0.0,0.32,2.87,0.01
2026-08-24,VTPM,north,28.7,0.0,5.69,25.42,0.68
2026-08-24,VTPO,north,0.0,0.0,0.0,1.63,0.0
2026-08-24,VTPP,north,0.4,0.0,0.01,2.66,0.0
2026-08-24,VTSB,southeast,5.0,0.0,2.85,17.72,0.22
2026-08-24,VTSC,southeast,0.0,0.0,0.0,9.91,0.01
2026-08-24,VTSF,southeast,0.0,0.0,0.35,12.72,0.03
2026-08-24,VTSG,southwest,3.2,0.0,3.13,21.51,0.2
2026-08-24,VTSM,southeast,16.6,0.0,1.32,17.26,0.24
2026-08-24,VTSP,southwest,21.0,1.2,33.14,36.64,0.83
2026-08-24,VTSS,southeast,0.0,0.0,0.47,14.48,0.1
2026-08-24,VTST,southwest,0.0,0.0,0.97,11.13,0.05
2026-08-24,VTUD,ne_upper,0.2,0.0,0.01,5.04,0.0
2026-08-24,VTUI,ne_upper,2.0,0.0,0.41,2.46,0.01
2026-08-24,VTUK,ne_upper,0.0,0.0,0.02,3.63,0.0
2026-08-24,VTUL,ne_upper,0.0,0.0,0.7,4.91,0.0
2026-08-24,VTUO,ne_lower,0.0,0.0,0.07,7.28,0.02
2026-08-24,VTUU,ne_lower,0.0,0.0,0.02,1.67,0.01
2026-08-24,VTUV,ne_lower,0.0,0.0,0.49,5.39,0.0
2026-08-25,VTBD,central,0.0,0.0,0.61,3.69,0.03
2026-08-25,VTBS,central,0.2,0.0,2.5,7.7,0.02
2026-08-25,VTCC,north,0.0,0.0,0.51,2.1,0.01
2026-08-25,VTCH,north,7.7,0.0,1.24,17.76,0.17
2026-08-25,VTCL,north,0.0,0.0,0.48,3.12,0.0
2026-08-25,VTCN,north,18.8,0.0,0.61,6.97,0.05
2026-08-25,VTCP,north,0.0,0.0,0.39,2.43,0.01
2026-08-25,VTCT,north,0.0,0.0,0.5,4.11,0.02
2026-08-25,VTPB,north,0.0,0.0,1.35,9.68,0.03
2026-08-25,VTPH,southeast,3.2,0.0,0.13,4.46,0.01
2026-08-25,VTPM,north,5.0,1.2,13.45,38.33,0.78
2026-08-25,VTPO,north,0.8,0.0,0.09,2.18,0.01
2026-08-25,VTPP,north,0.6,0.0,0.56,3.52,0.0
2026-08-25,VTSB,southeast,0.0,0.0,0.07,3.24,0.01
2026-08-25,VTSF,southeast,10.7,0.0,0.66,9.01,0.03
2026-08-25,VTSG,southwest,2.6,0.0,0.79,8.34,0.11
2026-08-25,VTSM,southeast,0.0,0.0,0.05,3.28,0.01
2026-08-25,VTSP,southwest,4.8,0.0,4.51,20.97,0.18
2026-08-25,VTSS,southeast,1.0,0.0,0.62,7.29,0.07
2026-08-25,VTST,southwest,5.4,0.0,2.61,23.5,0.28
2026-08-25,VTUD,ne_upper,0.0,0.0,0.0,2.96,0.02
2026-08-25,VTUI,ne_upper,0.0,0.0,0.07,2.72,0.01
2026-08-25,VTUK,ne_upper,0.0,0.0,0.43,5.96,0.02
2026-08-25,VTUL,ne_upper,0.0,0.0,0.69,3.2,0.0
2026-08-25,VTUO,ne_lower,0.0,0.0,0.0,3.93,0.01
2026-08-25,VTUU,ne_lower,0.0,0.0,1.08,8.96,0.05
2026-08-25,VTUV,ne_lower,0.0,0.0,0.17,9.4,0.03
2026-08-26,VTBD,central,0.0,0.0,0.8,5.06,0.07
2026-08-26,VTBS,central,0.0,0.0,0.88,11.74,0.1
2026-08-26,VTCC,north,0.2,0.0,0.14,8.31,0.01
2026-08-26,VTCH,north,0.7,0.0,1.21,18.64,0.27
2026-08-26,VTCL,north,0.0,0.0,0.33,7.74,0.05
2026-08-26,VTCN,north,0.0,0.0,1.24,16.76,0.14
2026-08-26,VTCP,north,0.8,0.0,0.19,3.52,0.0
2026-08-26,VTCT,north,0.0,0.0,0.84,19.49,0.24
2026-08-26,VTPB,north,0.6,0.0,0.5,16.69,0.09
2026-08-26,VTPH,southeast,0.0,0.0,0.39,4.97,0.03
2026-08-26,VTPM,north,61.5,0.04,20.02,38.51,0.79
2026-08-26,VTPO,north,0.0,0.0,0.52,13.41,0.03
2026-08-26,VTPP,north,20.2,0.0,0.47,9.02,0.06
2026-08-26,VTSB,southeast,0.0,0.0,0.17,3.52,0.01
2026-08-26,VTSC,southeast,0.0,0.0,0.78,9.1,0.02
2026-08-26,VTSF,southeast,4.3,0.0,0.75,3.34,0.0
2026-08-26,VTSG,southwest,4.8,0.0,0.45,6.46,0.02
2026-08-26,VTSM,southeast,0.0,0.0,0.0,1.83,0.0
2026-08-26,VTSP,southwest,0.0,0.0,0.0,4.58,0.02
2026-08-26,VTSS,southeast,0.0,0.0,0.92,6.03,0.16
2026-08-26,VTST,southwest,0.0,0.0,0.85,8.9,0.17
2026-08-26,VTUD,ne_upper,0.0,0.0,0.32,5.23,0.01
2026-08-26,VTUI,ne_upper,0.0,0.0,0.14,2.92,0.02
2026-08-26,VTUK,ne_upper,0.0,0.0,0.97,7.67,0.04
2026-08-26,VTUL,ne_upper,0.0,0.0,0.21,3.85,0.02
2026-08-26,VTUO,ne_lower,0.0,0.0,0.22,9.89,0.09
2026-08-26,VTUU,ne_lower,15.8,0.0,0.66,20.57,0.07
2026-08-26,VTUV,ne_lower,0.0,0.0,1.11,11.82,0.16
2026-08-27,VTBD,central,0.0,0.0,0.48,15.92,0.04
2026-08-27,VTBS,central,0.0,0.0,0.71,17.59,0.06
2026-08-27,VTCC,north,0.0,0.0,0.8,7.35,0.01
2026-08-27,VTCH,north,0.0,0.0,3.15,17.76,0.1
2026-08-27,VTCL,north,0.0,0.0,0.67,11.75,0.05
2026-08-27,VTCN,north,0.0,0.0,1.12,14.11,0.05
2026-08-27,VTCP,north,0.3,0.0,0.75,11.43,0.0
2026-08-27,VTCT,north,25.2,0.0,9.94,28.18,0.32
2026-08-27,VTPB,north,0.0,0.0,0.97,6.13,0.08
2026-08-27,VTPH,southeast,5.0,0.0,0.31,9.55,0.15
2026-08-27,VTPM,north,17.8,0.04,10.5,64.74,0.87
2026-08-27,VTPO,north,0.0,0.0,0.86,21.44,0.1
2026-08-27,VTPP,north,3.2,0.0,1.31,10.69,0.13
2026-08-27,VTSB,southeast,0.8,0.0,1.26,11.94,0.12
2026-08-27,VTSC,southeast,0.6,0.0,0.37,8.2,0.03
2026-08-27,VTSF,southeast,0.4,0.0,0.53,6.29,0.01
2026-08-27,VTSG,southwest,1.8,0.0,0.63,5.8,0.02
2026-08-27,VTSM,southeast,260.0,0.0,3.31,16.59,0.17
2026-08-27,VTSP,southwest,0.0,0.0,0.17,5.13,0.02
2026-08-27,VTSS,southeast,0.0,0.0,0.1,3.79,0.0
2026-08-27,VTST,southwest,0.0,0.0,0.1,4.91,0.05
2026-08-27,VTUD,ne_upper,0.0,0.0,1.21,17.81,0.04
2026-08-27,VTUI,ne_upper,0.0,0.0,1.12,4.22,0.05
2026-08-27,VTUK,ne_upper,0.0,0.0,0.19,3.32,0.01
2026-08-27,VTUL,ne_upper,0.0,0.0,0.17,4.25,0.11
2026-08-27,VTUO,ne_lower,0.0,0.0,4.95,23.35,0.44
2026-08-27,VTUU,ne_lower,4.0,0.0,3.28,19.99,0.22
2026-08-27,VTUV,ne_lower,1.0,0.0,0.36,10.08,0.15
2026-08-28,VTBD,central,14.0,0.0,6.24,25.26,0.71
2026-08-28,VTBS,central,0.0,0.0,2.39,15.76,0.2
2026-08-28,VTCC,north,0.2,0.0,0.46,6.19,0.16
2026-08-28,VTCH,north,0.5,0.0,2.85,16.72,0.2
2026-08-28,VTCL,north,0.0,0.0,1.17,6.74,0.28
2026-08-28,VTCN,north,0.0,0.0,7.22,28.29,0.38
2026-08-28,VTCP,north,1.1,0.0,1.08,4.45,0.01
2026-08-28,VTCT,north,3.4,0.0,1.2,13.42,0.17
2026-08-28,VTPB,north,0.4,0.0,1.11,4.47,0.07
2026-08-28,VTPH,southeast,2.4,0.0,0.34,7.09,0.13
2026-08-28,VTPM,north,37.9,0.04,20.26,36.13,0.77
2026-08-28,VTPO,north,0.1,0.0,0.79,3.76,0.01
2026-08-28,VTPP,north,11.4,0.0,0.35,5.03,0.01
2026-08-28,VTSB,southeast,7.9,0.0,0.72,3.9,0.01
2026-08-28,VTSC,southeast,0.0,0.0,0.3,9.21,0.02
2026-08-28,VTSF,southeast,0.0,0.0,1.36,7.77,0.02
2026-08-28,VTSG,southwest,0.0,0.0,0.75,6.83,0.04
2026-08-28,VTSM,southeast,0.0,0.0,0.52,12.76,0.12
2026-08-28,VTSP,southwest,2.4,0.0,0.27,2.92,0.02
2026-08-28,VTSS,southeast,0.0,0.0,0.42,2.01,0.01
2026-08-28,VTST,southwest,0.0,0.0,0.0,2.77,0.01
2026-08-28,VTUD,ne_upper,2.2,0.0,0.09,5.6,0.06
2026-08-28,VTUI,ne_upper,0.0,0.0,1.06,7.97,0.08
2026-08-28,VTUK,ne_upper,0.0,0.0,0.0,4.92,0.0
2026-08-28,VTUL,ne_upper,0.6,0.0,0.64,3.18,0.0
2026-08-28,VTUO,ne_lower,6.6,0.0,0.61,6.25,0.1
2026-08-28,VTUU,ne_lower,27.2,0.0,4.7,25.42,0.54
2026-08-28,VTUV,ne_lower,0.0,0.0,0.06,3.24,0.05
2026-08-29,VTBD,central,10.0,0.0,1.88,13.49,0.17
2026-08-29,VTBS,central,4.0,0.0,0.66,16.15,0.05
2026-08-29,VTCC,north,2.8,0.0,0.09,7.55,0.11
2026-08-29,VTCH,north,29.2,0.04,26.16,26.85,0.8
2026-08-29,VTCL,north,0.0,0.0,0.0,7.03,0.01
2026-08-29,VTCN,north,0.0,0.0,1.77,9.23,0.1
2026-08-29,VTCP,north,0.0,0.0,0.2,13.16,0.05
2026-08-29,VTCT,north,34.4,0.0,1.91,16.18,0.11
2026-08-29,VTPB,north,4.0,0.0,5.76,17.32,0.19
2026-08-29,VTPH,southeast,0.2,0.0,1.19,7.93,0.03
2026-08-29,VTPM,north,19.4,0.0,2.06,20.18,0.14
2026-08-29,VTPO,north,1.2,0.0,0.77,9.01,0.0
2026-08-29,VTPP,north,18.6,0.0,0.3,8.87,0.01
2026-08-29,VTSB,southeast,0.0,0.0,0.95,11.31,0.02
2026-08-29,VTSC,southeast,29.6,0.0,0.69,15.84,0.13
2026-08-29,VTSF,southeast,0.0,0.0,0.03,5.02,0.0
2026-08-29,VTSG,southwest,3.8,0.0,0.12,4.71,0.01
2026-08-29,VTSM,southeast,0.0,0.0,1.13,8.34,0.01
2026-08-29,VTSP,southwest,0.0,0.0,0.54,3.71,0.01
2026-08-29,VTSS,southeast,21.0,0.0,1.35,4.8,0.01
2026-08-29,VTST,southwest,0.0,0.0,0.38,5.2,0.01
2026-08-29,VTUD,ne_upper,0.0,0.0,1.27,5.06,0.05
2026-08-29,VTUI,ne_upper,14.0,0.0,2.2,10.73,0.12
2026-08-29,VTUK,ne_upper,0.2,0.0,0.54,3.72,0.02
2026-08-29,VTUL,ne_upper,0.4,0.0,0.41,19.64,0.13
2026-08-29,VTUO,ne_lower,9.7,0.0,1.2,12.61,0.21
2026-08-29,VTUU,ne_lower,36.0,1.2,17.87,38.14,0.7
2026-08-29,VTUV,ne_lower,19.4,0.0,0.74,10.13,0.1
2026-08-30,VTBD,central,7.0,0.0,2.36,12.75,0.01
2026-08-30,VTBS,central,1.8,0.0,1.82,19.67,0.0
2026-08-30,VTCC,north,7.0,0.0,0.25,2.41,0.0
2026-08-30,VTCH,north,37.6,0.0,5.87,21.96,0.02
2026-08-30,VTCL,north,20.8,0.0,0.07,2.33,0.01
2026-08-30,VTCN,north,4.6,0.0,16.12,25.04,0.14
2026-08-30,VTCP,north,33.8,0.0,0.6,4.61,0.01
2026-08-30,VTCT,north,23.8,0.04,12.15,31.03,0.06
2026-08-30,VTPB,north,2.3,0.0,0.78,9.97,0.01
2026-08-30,VTPH,southeast,0.0,0.0,0.31,5.67,0.01
2026-08-30,VTPM,north,29.6,0.0,8.78,23.63,0.03
2026-08-30,VTPO,north,3.4,0.0,0.05,3.53,0.01
2026-08-30,VTPP,north,5.2,0.0,0.24,4.8,0.01
2026-08-30,VTSB,southeast,3.6,0.0,0.03,1.49,0.0
2026-08-30,VTSC,southeast,0.0,0.0,0.67,11.16,0.0
2026-08-30,VTSF,southeast,0.0,0.0,0.13,2.39,0.0
2026-08-30,VTSG,southwest,0.0,0.0,0.0,2.7,0.0
2026-08-30,VTSM,southeast,0.0,0.0,0.49,4.99,0.01
2026-08-30,VTSP,southwest,0.0,0.0,0.04,4.43,0.0
2026-08-30,VTSS,southeast,4.6,0.0,0.03,2.31,0.0
2026-08-30,VTST,southwest,0.0,0.0,0.57,4.2,0.0
2026-08-30,VTUD,ne_upper,6.2,0.0,0.75,7.15,0.01
2026-08-30,VTUK,ne_upper,2.6,0.0,0.62,6.75,0.01
2026-08-30,VTUL,ne_upper,3.4,0.0,0.25,3.14,0.0
2026-08-30,VTUO,ne_lower,8.0,0.0,0.25,7.09,0.01
2026-08-30,VTUU,ne_lower,1.8,0.0,1.51,13.46,0.03
2026-08-30,VTUV,ne_lower,1.8,0.0,1.15,19.7,0.01
2026-08-31,VTBD,central,1.0,0.0,1.67,14.23,0.13
2026-08-31,VTBS,central,20.4,0.0,8.74,26.65,0.27
2026-08-31,VTCC,north,3.6,0.0,7.83,19.07,0.28
2026-08-31,VTCH,north,1.5,0.0,10.33,26.15,0.44
2026-08-31,VTCL,north,2.8,0.0,10.47,26.66,0.79
2026-08-31,VTCN,north,0.2,0.0,2.11,17.78,0.38
2026-08-31,VTCP,north,0.7,0.0,12.44,66.51,0.86
2026-08-31,VTCT,north,1.4,0.0,0.77,17.18,0.09
2026-08-31,VTPB,north,2.8,0.0,9.57,19.64,0.58
2026-08-31,VTPH,southeast,0.0,0.0,0.66,7.09,0.07
2026-08-31,VTPM,north,27.5,0.0,7.68,25.95,0.49
2026-08-31,VTPO,north,4.2,0.0,9.16,15.16,0.23
2026-08-31,VTPP,north,39.8,0.0,5.36,24.57,0.55
2026-08-31,VTSB,southeast,0.4,0.0,0.29,1.99,0.0
2026-08-31,VTSC,southeast,0.0,0.0,8.43,23.29,0.13
2026-08-31,VTSF,southeast,0.0,0.0,0.11,2.98,0.04
2026-08-31,VTSG,southwest,0.0,0.0,0.24,3.52,0.01
2026-08-31,VTSM,southeast,0.0,0.0,0.44,2.99,0.03
2026-08-31,VTSP,southwest,0.0,0.0,0.53,5.36,0.0
2026-08-31,VTSS,southeast,0.0,0.0,0.03,3.21,0.01
2026-08-31,VTST,southwest,2.8,0.0,0.25,3.79,0.0
2026-08-31,VTUD,ne_upper,2.2,0.0,0.55,5.1,0.03
2026-08-31,VTUI,ne_upper,0.2,0.0,1.09,2.61,0.01
2026-08-31,VTUK,ne_upper,1.6,0.0,6.19,27.79,0.54
2026-08-31,VTUL,ne_upper,0.0,0.0,1.54,7.16,0.11
2026-08-31,VTUO,ne_lower,22.8,0.0,2.64,5.43,0.02
2026-08-31,VTUU,ne_lower,24.0,0.0,1.85,16.4,0.16
2026-08-31,VTUV,ne_lower,9.4,0.0,9.31,62.9,0.58
2026-09-01,VTBD,central,7.2,0.0,5.84,33.44,0.82
2026-09-01,VTBS,central,0.4,0.0,3.43,24.92,0.3
2026-09-01,VTCC,north,0.0,0.0,0.93,7.34,0.05
2026-09-01,VTCH,north,1.0,0.0,2.82,8.88,0.12
2026-09-01,VTCL,north,0.0,0.0,0.28,1.81,0.01
2026-09-01,VTCN,north,7.6,0.0,5.45,29.64,0.54
2026-09-01,VTCP,north,0.0,0.0,1.89,16.4,0.13
2026-09-01,VTCT,north,0.0,0.0,0.49,15.08,0.13
2026-09-01,VTPB,north,0.0,0.0,1.21,14.93,0.15
2026-09-01,VTPH,southeast,0.0,0.0,0.14,2.48,0.02
2026-09-01,VTPM,north,0.4,0.0,3.94,14.86,0.14
2026-09-01,VTPO,north,2.4,0.0,0.1,2.34,0.01
2026-09-01,VTPP,north,0.4,0.0,0.2,2.64,0.03
2026-09-01,VTSB,southeast,0.1,0.0,0.19,1.97,0.02
2026-09-01,VTSC,southeast,0.0,0.0,1.97,25.78,0.34
2026-09-01,VTSF,southeast,0.0,0.0,1.37,15.63,0.15
2026-09-01,VTSG,southwest,1.4,0.0,0.11,4.07,0.01
2026-09-01,VTSM,southeast,270.0,0.0,0.46,3.57,0.02
2026-09-01,VTSP,southwest,3.6,0.0,1.52,5.52,0.11
2026-09-01,VTSS,southeast,0.0,0.0,0.25,8.99,0.06
2026-09-01,VTST,southwest,0.0,0.0,0.44,8.25,0.01
2026-09-01,VTUD,ne_upper,37.6,0.0,0.62,4.35,0.03
2026-09-01,VTUI,ne_upper,2.4,0.0,4.45,28.44,0.3
2026-09-01,VTUK,ne_upper,0.0,0.0,0.27,2.29,0.01
2026-09-01,VTUL,ne_upper,0.0,0.0,0.65,10.61,0.09
2026-09-01,VTUO,ne_lower,0.0,0.0,0.2,2.26,0.0
2026-09-01,VTUU,ne_lower,9.2,0.0,1.95,15.86,0.09
2026-09-01,VTUV,ne_lower,0.0,0.0,0.86,14.08,0.24
2026-09-02,VTBD,central,0.0,0.0,2.91,11.03,0.06
2026-09-02,VTBS,central,14.0,0.0,2.33,17.91,0.22
2026-09-02,VTCC,north,6.0,0.0,0.28,4.43,0.0
2026-09-02,VTCH,north,4.9,0.0,2.97,18.18,0.13
2026-09-02,VTCL,north,2.4,0.0,0.07,2.74,0.02
2026-09-02,VTCN,north,0.0,0.0,5.24,18.32,0.35
2026-09-02,VTCP,north,21.3,0.0,0.28,5.82,0.12
2026-09-02,VTCT,north,0.0,0.0,4.33,25.84,0.48
2026-09-02,VTPB,north,1.0,0.0,0.3,2.25,0.0
2026-09-02,VTPH,southeast,0.0,0.0,0.26,0.74,0.0
2026-09-02,VTPM,north,5.9,0.0,6.31,19.89,0.57
2026-09-02,VTPO,north,0.4,0.0,1.1,19.13,0.1
2026-09-02,VTPP,north,0.0,0.0,1.33,14.05,0.14
2026-09-02,VTSB,southeast,0.4,0.0,0.45,3.8,0.0
2026-09-02,VTSC,southeast,5.2,0.0,3.43,22.64,0.13
2026-09-02,VTSF,southeast,1.5,0.0,8.82,21.48,0.61
2026-09-02,VTSG,southwest,4.6,0.0,0.39,2.57,0.01
2026-09-02,VTSM,southeast,1.8,0.0,0.22,2.01,0.01
2026-09-02,VTSP,southwest,1.0,0.0,3.15,15.33,0.07
2026-09-02,VTSS,southeast,4.2,0.0,0.21,19.76,0.11
2026-09-02,VTST,southwest,1.0,0.0,0.63,16.56,0.28
2026-09-02,VTUD,ne_upper,0.0,0.0,4.61,24.57,0.29
2026-09-02,VTUI,ne_upper,1.0,0.0,9.58,28.75,0.47
2026-09-02,VTUK,ne_upper,0.8,0.0,1.55,25.76,0.5
2026-09-02,VTUL,ne_upper,4.0,0.0,2.41,21.08,0.08
2026-09-02,VTUO,ne_lower,0.4,0.0,0.21,2.41,0.01
2026-09-02,VTUU,ne_lower,15.6,0.0,2.05,17.11,0.23
2026-09-02,VTUV,ne_lower,0.4,0.0,2.5,17.6,0.25
2026-09-03,VTBD,central,16.2,0.0,4.68,18.31,0.39
2026-09-03,VTBS,central,19.6,0.0,6.38,17.42,0.47
2026-09-03,VTCC,north,17.6,0.0,0.07,11.17,0.08
2026-09-03,VTCH,north,0.0,0.0,2.06,7.27,0.02
2026-09-03,VTCL,north,2.4,0.0,0.25,0.6,0.0
2026-09-03,VTCN,north,9.8,0.0,7.33,23.51,0.51
2026-09-03,VTCP,north,7.5,0.0,0.78,3.79,0.15
2026-09-03,VTCT,north,21.2,0.0,9.32,26.22,0.63
2026-09-03,VTPB,north,2.0,0.0,0.77,4.83,0.02
2026-09-03,VTPH,southeast,0.0,0.0,0.15,2.94,0.01
2026-09-03,VTPM,north,0.3,0.0,1.97,21.89,0.17
2026-09-03,VTPO,north,0.0,0.0,0.35,1.9,0.02
2026-09-03,VTPP,north,0.0,0.0,0.32,1.78,0.03
2026-09-03,VTSB,southeast,1.6,0.0,0.14,1.89,0.0
2026-09-03,VTSC,southeast,0.0,0.0,6.24,25.43,0.25
2026-09-03,VTSF,southeast,1.0,0.0,2.64,18.71,0.25
2026-09-03,VTSG,southwest,38.8,0.0,4.36,18.79,0.34
2026-09-03,VTSM,southeast,0.0,0.0,0.43,0.98,0.03
2026-09-03,VTSP,southwest,40.2,0.0,8.0,15.27,0.47
2026-09-03,VTSS,southeast,6.6,0.0,5.83,24.08,0.53
2026-09-03,VTST,southwest,32.6,0.0,3.06,16.9,0.26
2026-09-03,VTUD,ne_upper,26.8,0.0,0.62,3.94,0.1
2026-09-03,VTUI,ne_upper,0.6,0.0,11.85,28.54,0.72
2026-09-03,VTUK,ne_upper,1.0,0.0,2.56,17.91,0.23
2026-09-03,VTUL,ne_upper,0.8,0.0,0.42,16.95,0.08
2026-09-03,VTUO,ne_lower,0.0,0.0,2.73,14.59,0.16
2026-09-03,VTUU,ne_lower,0.0,0.0,0.36,10.12,0.37
2026-09-03,VTUV,ne_lower,0.0,0.0,0.61,4.43,0.05
2026-09-04,VTBD,central,0.0,0.0,0.46,13.26,0.1
2026-09-04,VTBS,central,0.0,0.0,0.52,3.69,0.14
2026-09-04,VTCC,north,1.6,0.0,0.74,7.12,0.05
2026-09-04,VTCH,north,0.0,0.0,2.57,19.75,0.04
2026-09-04,VTCL,north,3.6,0.0,0.81,1.9,0.01
2026-09-04,VTCN,north,8.6,0.0,4.98,24.22,0.48
2026-09-04,VTCP,north,14.6,0.0,0.07,2.11,0.04
2026-09-04,VTCT,north,4.7,0.0,3.71,23.97,0.51
2026-09-04,VTPB,north,0.0,0.0,0.64,3.44,0.07
2026-09-04,VTPH,southeast,3.0,0.0,0.38,1.33,0.0
2026-09-04,VTPM,north,1.6,0.0,2.73,17.75,0.27
2026-09-04,VTPO,north,3.4,0.0,0.13,4.87,0.03
2026-09-04,VTPP,north,7.4,0.0,0.19,3.05,0.01
2026-09-04,VTSB,southeast,0.0,0.0,0.17,2.81,0.0
2026-09-04,VTSC,southeast,0.0,0.0,0.34,4.38,0.0
2026-09-04,VTSF,southeast,0.0,0.0,3.29,15.93,0.3
2026-09-04,VTSG,southwest,0.2,0.0,0.31,3.01,0.0
2026-09-04,VTSM,southeast,0.0,0.0,0.88,3.73,0.05
2026-09-04,VTSP,southwest,0.0,0.0,0.39,2.23,0.01
2026-09-04,VTSS,southeast,0.0,0.0,0.79,15.72,0.28
2026-09-04,VTST,southwest,0.0,0.0,0.34,5.85,0.01
2026-09-04,VTUD,ne_upper,8.6,0.0,4.43,17.84,0.39
2026-09-04,VTUI,ne_upper,0.2,0.0,19.78,40.83,0.96
2026-09-04,VTUK,ne_upper,4.6,0.0,6.01,24.67,0.58
2026-09-04,VTUL,ne_upper,6.0,0.0,2.89,20.66,0.04
2026-09-04,VTUO,ne_lower,0.0,0.0,0.37,5.84,0.03
2026-09-04,VTUU,ne_lower,20.4,0.0,23.71,32.53,0.91
2026-09-04,VTUV,ne_lower,1.2,0.0,14.81,35.58,0.42
2026-09-05,VTBD,central,0.4,0.0,1.5,17.23,0.05
2026-09-05,VTBS,central,10.4,0.0,1.01,16.23,0.05
2026-09-05,VTCC,north,1.4,0.0,0.57,12.99,0.04
2026-09-05,VTCH,north,0.6,0.0,3.2,18.41,0.29
2026-09-05,VTCL,north,0.0,0.0,0.84,9.39,0.06
2026-09-05,VTCN,north,1.2,0.0,4.3,19.02,0.5
2026-09-05,VTCP,north,0.5,0.0,2.58,19.05,0.11
2026-09-05,VTCT,north,0.0,0.0,0.38,7.44,0.25
2026-09-05,VTPB,north,0.0,0.0,1.2,9.0,0.1
2026-09-05,VTPH,southeast,19.6,0.0,0.35,14.98,0.2
2026-09-05,VTPM,north,38.6,0.0,1.9,16.65,0.16
2026-09-05,VTPO,north,0.0,0.0,0.56,3.61,0.1
2026-09-05,VTPP,north,0.0,0.0,0.47,16.41,0.12
2026-09-05,VTSB,southeast,0.0,0.0,0.74,6.44,0.05
2026-09-05,VTSC,southeast,0.0,0.0,0.14,19.48,0.12
2026-09-05,VTSF,southeast,0.0,0.0,0.43,10.54,0.18
2026-09-05,VTSG,southwest,0.0,0.0,0.23,1.7,0.01
2026-09-05,VTSM,southeast,0.0,0.0,0.71,1.08,0.01
2026-09-05,VTSP,southwest,0.0,0.0,0.47,1.43,0.0
2026-09-05,VTSS,southeast,0.0,0.0,0.98,10.34,0.03
2026-09-05,VTST,southwest,0.0,0.0,0.28,3.87,0.0
2026-09-05,VTUD,ne_upper,16.8,0.0,16.36,34.74,0.79
2026-09-05,VTUI,ne_upper,21.4,0.0,6.09,25.88,0.33
2026-09-05,VTUK,ne_upper,24.2,0.0,3.18,17.94,0.36
2026-09-05,VTUL,ne_upper,0.0,0.0,5.17,29.85,0.52
2026-09-05,VTUO,ne_lower,0.0,0.0,0.83,3.29,0.02
2026-09-05,VTUU,ne_lower,29.2,0.0,2.94,18.24,0.32
2026-09-05,VTUV,ne_lower,19.8,0.0,10.2,19.08,0.5
2026-09-06,VTBD,central,3.4,0.0,1.01,11.98,0.15
2026-09-06,VTBS,central,1.8,0.0,0.45,6.26,0.07
2026-09-06,VTCC,north,0.8,0.0,0.61,7.25,0.14
2026-09-06,VTCH,north,76.2,0.0,3.07,19.79,0.23
2026-09-06,VTCL,north,0.4,0.0,0.9,2.68,0.08
2026-09-06,VTCN,north,22.0,0.0,3.23,18.82,0.28
2026-09-06,VTCP,north,0.0,0.0,2.07,7.93,0.04
2026-09-06,VTCT,north,0.0,0.0,2.44,10.07,0.32
2026-09-06,VTPB,north,2.6,0.0,2.36,24.09,0.38
2026-09-06,VTPH,southeast,53.6,0.0,1.12,8.19,0.04
2026-09-06,VTPM,north,30.7,0.0,7.34,20.11,0.39
2026-09-06,VTPO,north,1.2,0.0,0.79,18.55,0.13
2026-09-06,VTPP,north,28.2,0.0,0.75,9.04,0.08
2026-09-06,VTSB,southeast,0.0,0.0,0.98,7.22,0.01
2026-09-06,VTSC,southeast,0.0,0.0,2.91,17.6,0.13
2026-09-06,VTSF,southeast,0.0,0.0,0.56,3.88,0.03
2026-09-06,VTSG,southwest,0.0,0.0,0.18,2.81,0.0
2026-09-06,VTSM,southeast,4.4,0.0,0.97,8.69,0.12
2026-09-06,VTSP,southwest,0.0,0.0,0.51,2.78,0.01
2026-09-06,VTSS,southeast,0.0,0.0,1.09,9.46,0.05
2026-09-06,VTST,southwest,0.0,0.0,1.01,12.48,0.12
2026-09-06,VTUD,ne_upper,0.2,0.0,5.27,24.95,0.59
2026-09-06,VTUI,ne_upper,4.0,0.0,4.89,23.19,0.9
2026-09-06,VTUK,ne_upper,0.8,0.0,3.78,19.45,0.44
2026-09-06,VTUL,ne_upper,0.0,0.0,1.52,15.75,0.25
2026-09-06,VTUO,ne_lower,13.6,0.0,0.51,8.42,0.06
2026-09-06,VTUU,ne_lower,21.8,0.0,6.59,22.62,0.48
2026-09-06,VTUV,ne_lower,0.2,0.0,2.67,14.47,0.15
2026-09-07,VTBD,central,0.0,0.0,7.24,23.1,0.47
2026-09-07,VTBS,central,2.6,0.0,0.03,2.34,0.0
2026-09-07,VTCC,north,84.6,0.0,0.0,3.92,0.02
2026-09-07,VTCH,north,2.4,0.0,1.3,19.26,0.22
2026-09-07,VTCL,north,0.0,0.0,0.35,6.61,0.09
2026-09-07,VTCN,north,7.4,0.0,0.0,6.47,0.18
2026-09-07,VTCP,north,1.3,0.0,0.76,4.85,0.07
2026-09-07,VTCT,north,12.7,0.0,2.22,18.47,0.13
2026-09-07,VTPB,north,0.0,0.0,0.55,6.55,0.13
2026-09-07,VTPH,southeast,0.0,0.0,2.0,18.96,0.16
2026-09-07,VTPM,north,0.4,0.0,2.29,22.05,0.29
2026-09-07,VTPO,north,8.2,0.0,0.64,7.77,0.06
2026-09-07,VTPP,north,34.6,0.0,0.14,4.28,0.0
2026-09-07,VTSB,southeast,0.0,0.0,1.79,6.01,0.01
2026-09-07,VTSC,southeast,0.2,0.0,0.3,12.37,0.08
2026-09-07,VTSF,southeast,2.1,0.0,1.1,10.47,0.23
2026-09-07,VTSG,southwest,0.0,0.0,0.11,3.32,0.01
2026-09-07,VTSM,southeast,12.4,0.0,0.02,0.95,0.0
2026-09-07,VTSP,southwest,4.4,0.0,0.6,8.07,0.06
2026-09-07,VTSS,southeast,0.0,0.0,1.01,13.02,0.08
2026-09-07,VTST,southwest,0.0,0.0,0.24,7.68,0.17
2026-09-07,VTUD,ne_upper,14.0,0.0,0.97,10.42,0.16
2026-09-07,VTUI,ne_upper,15.6,0.0,11.66,32.24,0.51
2026-09-07,VTUK,ne_upper,47.4,0.0,1.08,9.58,0.06
2026-09-07,VTUL,ne_upper,16.4,0.0,0.95,12.09,0.09
2026-09-07,VTUO,ne_lower,0.0,0.0,0.03,5.59,0.07
2026-09-07,VTUU,ne_lower,0.0,0.0,2.88,14.74,0.17
2026-09-07,VTUV,ne_lower,13.8,0.0,2.54,16.69,0.45
2026-09-08,VTBD,central,0.8,0.0,3.31,10.87,0.77
2026-09-08,VTBS,central,1.4,0.0,0.48,8.11,0.03
2026-09-08,VTCC,north,0.0,0.0,1.87,4.53,0.02
2026-09-08,VTCH,north,0.0,0.0,4.81,24.15,0.46
2026-09-08,VTCL,north,0.0,0.0,0.32,7.38,0.24
2026-09-08,VTCN,north,0.2,0.0,0.68,6.1,0.06
2026-09-08,VTCP,north,0.0,0.0,0.78,18.56,0.18
2026-09-08,VTCT,north,1.4,0.0,0.1,7.34,0.02
2026-09-08,VTPB,north,24.0,0.0,2.57,11.33,0.18
2026-09-08,VTPH,southeast,0.8,0.0,0.57,15.47,0.14
2026-09-08,VTPM,north,2.0,0.0,1.51,7.72,0.06
2026-09-08,VTPO,north,0.0,0.0,1.18,12.3,0.09
2026-09-08,VTPP,north,0.6,0.0,0.12,2.25,0.01
2026-09-08,VTSB,southeast,0.0,0.0,0.55,8.39,0.06
2026-09-08,VTSC,southeast,0.0,0.0,1.25,20.0,0.25
2026-09-08,VTSF,southeast,6.2,0.0,0.6,19.08,0.18
2026-09-08,VTSG,southwest,0.0,0.0,0.16,5.89,0.02
2026-09-08,VTSM,southeast,0.0,0.0,0.47,3.41,0.03
2026-09-08,VTSP,southwest,0.0,0.0,1.94,8.5,0.1
2026-09-08,VTSS,southeast,0.0,0.0,0.01,1.46,0.01
2026-09-08,VTST,southwest,0.0,0.0,2.11,19.77,0.34
2026-09-08,VTUD,ne_upper,4.0,0.0,1.71,14.97,0.49
2026-09-08,VTUI,ne_upper,21.4,0.0,2.58,17.98,0.64
2026-09-08,VTUK,ne_upper,0.0,0.0,0.0,3.1,0.01
2026-09-08,VTUL,ne_upper,0.6,0.0,4.59,19.34,0.53
2026-09-08,VTUO,ne_lower,6.8,0.0,0.08,3.81,0.01
2026-09-08,VTUU,ne_lower,1.6,0.0,13.5,22.1,0.84
2026-09-08,VTUV,ne_lower,0.0,0.0,0.17,6.91,0.03
2026-09-09,VTBD,central,8.6,0.0,0.94,6.62,0.11
2026-09-09,VTBS,central,17.4,0.0,1.63,16.84,0.52
2026-09-09,VTCC,north,9.4,0.0,1.27,10.05,0.17
2026-09-09,VTCH,north,0.8,0.0,3.44,19.13,0.22
2026-09-09,VTCL,north,15.7,0.0,0.35,4.04,0.01
2026-09-09,VTCN,north,3.0,0.0,0.0,4.66,0.02
2026-09-09,VTCP,north,2.2,0.0,2.37,11.63,0.2
2026-09-09,VTCT,north,20.6,0.0,2.88,18.48,0.4
2026-09-09,VTPB,north,3.2,0.0,2.81,15.76,0.34
2026-09-09,VTPH,southeast,0.0,0.0,0.35,4.32,0.1
2026-09-09,VTPM,north,0.0,0.0,8.14,28.6,0.35
2026-09-09,VTPO,north,4.6,0.0,1.59,10.77,0.09
2026-09-09,VTPP,north,12.0,0.0,1.14,12.4,0.02
2026-09-09,VTSB,southeast,2.2,0.0,1.17,5.21,0.0
2026-09-09,VTSC,southeast,1.2,0.0,0.52,11.34,0.02
2026-09-09,VTSF,southeast,18.2,0.0,0.78,17.26,0.08
2026-09-09,VTSG,southwest,4.0,0.0,2.2,13.65,0.52
2026-09-09,VTSM,southeast,0.6,0.0,0.0,0.99,0.01
2026-09-09,VTSP,southwest,0.0,0.0,4.77,15.62,0.24
2026-09-09,VTSS,southeast,5.4,0.0,0.26,9.34,0.05
2026-09-09,VTST,southwest,0.2,0.0,2.92,18.91,0.15
2026-09-09,VTUD,ne_upper,48.0,0.0,7.51,19.26,0.22
2026-09-09,VTUI,ne_upper,1.6,0.0,4.64,21.16,0.77
2026-09-09,VTUK,ne_upper,1.6,0.0,5.18,17.31,0.37
2026-09-09,VTUL,ne_upper,3.4,0.0,10.19,20.49,0.24
2026-09-09,VTUO,ne_lower,30.8,0.0,2.67,13.25,0.15
2026-09-09,VTUU,ne_lower,5.8,0.0,9.97,24.66,0.59
2026-09-09,VTUV,ne_lower,2.6,0.0,7.8,29.27,0.8
2026-09-10,VTBD,central,1.6,0.0,5.02,18.33,0.31
2026-09-10,VTBS,central,0.6,0.0,7.84,17.38,0.47
2026-09-10,VTCC,north,9.2,0.0,26.27,28.78,0.77
2026-09-10,VTCH,north,7.8,0.0,17.26,23.11,0.41
2026-09-10,VTCL,north,29.6,0.0,8.33,31.13,0.67
2026-09-10,VTCN,north,11.0,0.0,9.82,21.44,0.57
2026-09-10,VTCP,north,0.9,0.0,5.73,13.81,0.1
2026-09-10,VTCT,north,6.1,0.0,17.97,35.02,0.32
2026-09-10,VTPB,north,0.7,0.0,9.91,25.92,0.81
2026-09-10,VTPH,southeast,11.9,0.0,3.56,19.09,0.26
2026-09-10,VTPM,north,17.5,0.0,0.33,4.83,0.03
2026-09-10,VTPO,north,11.4,0.0,1.08,21.39,0.25
2026-09-10,VTPP,north,0.8,0.0,0.65,9.38,0.04
2026-09-10,VTSB,southeast,4.4,0.0,0.86,3.88,0.02
2026-09-10,VTSC,southeast,7.6,0.0,1.35,14.81,0.06
2026-09-10,VTSF,southeast,0.6,0.0,1.32,15.0,0.14
2026-09-10,VTSG,southwest,9.8,0.0,2.84,11.24,0.26
2026-09-10,VTSM,southeast,0.0,0.0,0.51,2.98,0.0
2026-09-10,VTSP,southwest,6.8,0.0,3.36,21.07,0.33
2026-09-10,VTSS,southeast,12.4,0.0,0.11,3.33,0.01
2026-09-10,VTST,southwest,30.4,0.0,1.29,11.15,0.25
2026-09-10,VTUD,ne_upper,0.2,0.0,2.71,12.88,0.19
2026-09-10,VTUI,ne_upper,0.0,0.0,0.78,3.24,0.05
2026-09-10,VTUK,ne_upper,2.8,0.0,12.12,20.08,0.33
2026-09-10,VTUL,ne_upper,13.0,0.0,28.55,84.84,0.97
2026-09-10,VTUO,ne_lower,1.4,0.0,9.23,23.11,0.73
2026-09-10,VTUU,ne_lower,39.0,0.0,3.22,19.42,0.17
2026-09-10,VTUV,ne_lower,22.4,0.0,1.4,16.8,0.44
2026-09-11,VTBD,central,2.4,0.0,10.23,26.6,0.45
2026-09-11,VTBS,central,17.4,0.0,9.01,23.99,0.51
2026-09-11,VTCC,north,40.6,0.0,2.24,18.81,0.59
2026-09-11,VTCH,north,0.2,0.0,0.82,8.23,0.15
2026-09-11,VTCL,north,0.0,0.0,0.26,3.38,0.01
2026-09-11,VTCN,north,4.8,0.0,1.64,11.63,0.09
2026-09-11,VTCP,north,3.6,0.0,0.14,1.02,0.01
2026-09-11,VTCT,north,0.0,0.0,4.04,17.65,0.29
2026-09-11,VTPB,north,0.0,0.0,0.47,3.35,0.02
2026-09-11,VTPH,southeast,6.0,0.0,1.21,12.36,0.21
2026-09-11,VTPM,north,0.2,0.0,1.34,18.11,0.45
2026-09-11,VTPO,north,0.0,0.0,0.17,3.07,0.01
2026-09-11,VTPP,north,0.0,0.0,0.74,8.75,0.07
2026-09-11,VTSB,southeast,0.1,0.0,0.17,9.09,0.14
2026-09-11,VTSC,southeast,0.4,0.0,15.26,43.51,0.77
2026-09-11,VTSF,southeast,15.1,0.0,5.29,20.01,0.34
2026-09-11,VTSG,southwest,0.8,0.0,3.47,16.77,0.65
2026-09-11,VTSM,southeast,0.0,0.0,1.41,17.09,0.2
2026-09-11,VTSP,southwest,24.0,0.0,7.0,18.85,0.15
2026-09-11,VTSS,southeast,4.4,0.0,2.58,19.95,0.11
2026-09-11,VTST,southwest,22.4,0.0,1.0,16.06,0.02
2026-09-11,VTUD,ne_upper,0.0,0.0,0.38,5.99,0.24
2026-09-11,VTUI,ne_upper,2.4,0.0,0.31,5.11,0.02
2026-09-11,VTUK,ne_upper,0.0,0.0,0.19,6.04,0.07
2026-09-11,VTUL,ne_upper,0.0,0.0,0.64,3.13,0.03
2026-09-11,VTUO,ne_lower,0.0,0.0,0.23,5.36,0.02
2026-09-11,VTUU,ne_lower,0.0,0.0,2.97,11.74,0.28
2026-09-11,VTUV,ne_lower,0.0,0.0,0.1,2.59,0.02
2026-09-12,VTBD,central,0.4,0.0,4.29,13.41,0.39
2026-09-12,VTBS,central,1.8,0.0,3.9,11.56,0.45
2026-09-12,VTCC,north,0.0,0.0,0.68,6.05,0.02
2026-09-12,VTCH,north,0.5,0.0,4.28,22.71,0.19
2026-09-12,VTCL,north,0.0,0.0,0.24,5.07,0.03
2026-09-12,VTCN,north,2.4,0.0,0.12,1.29,0.0
2026-09-12,VTCP,north,0.0,0.0,0.43,4.87,0.01
2026-09-12,VTCT,north,0.0,0.0,0.26,2.51,0.0
2026-09-12,VTPB,north,0.0,0.0,0.27,5.39,0.14
2026-09-12,VTPH,southeast,35.4,0.0,25.39,32.72,0.72
2026-09-12,VTPM,north,0.0,0.0,0.31,2.51,0.0
2026-09-12,VTPO,north,0.0,0.0,0.58,1.96,0.0
2026-09-12,VTPP,north,0.0,0.0,0.37,3.16,0.01
2026-09-12,VTSB,southeast,20.2,0.0,2.01,11.56,0.03
2026-09-12,VTSC,southeast,0.0,0.0,22.18,25.39,0.93
2026-09-12,VTSF,southeast,30.4,0.0,5.13,23.29,0.49
2026-09-12,VTSG,southwest,41.8,0.0,1.87,12.59,0.13
2026-09-12,VTSM,southeast,22.8,0.0,19.1,44.87,0.9
2026-09-12,VTSP,southwest,14.6,0.0,5.8,18.84,0.54
2026-09-12,VTSS,southeast,0.4,0.0,1.74,20.16,0.2
2026-09-12,VTST,southwest,0.8,0.0,3.85,29.2,0.35
2026-09-12,VTUD,ne_upper,0.0,0.0,0.64,2.69,0.01
2026-09-12,VTUI,ne_upper,0.0,0.0,0.01,1.26,0.01
2026-09-12,VTUK,ne_upper,0.0,0.0,0.05,1.76,0.01
2026-09-12,VTUL,ne_upper,0.0,0.0,0.16,2.15,0.0
2026-09-12,VTUO,ne_lower,0.0,0.0,0.87,7.03,0.09
2026-09-12,VTUU,ne_lower,23.0,0.0,17.23,28.92,0.72
2026-09-12,VTUV,ne_lower,1.0,0.0,1.97,3.99,0.1
2026-09-13,VTBD,central,1.6,0.0,0.24,2.53,0.01
2026-09-13,VTBS,central,0.2,0.0,0.29,2.42,0.02
2026-09-13,VTCC,north,0.0,0.0,0.5,1.54,0.0
2026-09-13,VTCH,north,0.0,0.0,0.01,3.85,0.01
2026-09-13,VTCL,north,0.0,0.0,0.29,2.0,0.01
2026-09-13,VTCN,north,0.0,0.0,0.1,2.8,0.03
2026-09-13,VTCP,north,0.0,0.0,0.62,4.74,0.02
2026-09-13,VTCT,north,0.0,0.0,0.22,2.01,0.0
2026-09-13,VTPB,north,0.0,0.0,0.62,8.02,0.04
2026-09-13,VTPH,southeast,0.0,0.0,0.9,5.69,0.07
2026-09-13,VTPM,north,0.0,0.0,2.21,13.98,0.1
2026-09-13,VTPO,north,11.4,0.0,0.07,3.48,0.02
2026-09-13,VTPP,north,4.4,0.0,2.01,12.5,0.14
2026-09-13,VTSB,southeast,33.2,0.0,3.69,21.14,0.09
2026-09-13,VTSC,southeast,18.6,0.0,10.58,49.89,0.81
2026-09-13,VTSF,southeast,26.6,0.0,0.8,18.43,0.02
2026-09-13,VTSG,southwest,7.0,0.0,3.82,8.89,0.08
2026-09-13,VTSM,southeast,1.6,0.0,1.8,13.98,0.07
2026-09-13,VTSP,southwest,1.4,0.0,1.23,8.28,0.06
2026-09-13,VTSS,southeast,0.0,0.0,0.33,12.34,0.05
2026-09-13,VTST,southwest,0.0,0.0,6.98,17.73,0.37
2026-09-13,VTUD,ne_upper,0.0,0.0,0.83,7.35,0.04
2026-09-13,VTUI,ne_upper,27.0,0.0,5.65,22.38,0.42
2026-09-13,VTUK,ne_upper,3.4,0.0,0.32,1.48,0.01
2026-09-13,VTUL,ne_upper,0.0,0.0,0.08,1.64,0.01
2026-09-13,VTUO,ne_lower,11.6,0.0,12.22,14.52,0.41
2026-09-13,VTUU,ne_lower,5.6,0.0,24.58,51.38,0.89
2026-09-13,VTUV,ne_lower,23.0,0.0,11.07,21.69,0.56
2026-09-14,VTBD,central,3.8,0.0,2.62,11.8,0.38
2026-09-14,VTBS,central,18.8,0.0,0.8,10.85,0.14
2026-09-14,VTCC,north,0.0,0.0,0.12,4.32,0.05
2026-09-14,VTCH,north,0.0,0.0,0.66,7.24,0.03
2026-09-14,VTCL,north,0.0,0.0,2.68,15.14,0.19
2026-09-14,VTCN,north,0.0,0.0,1.12,7.82,0.1
2026-09-14,VTCP,north,0.0,0.0,1.32,13.77,0.25
2026-09-14,VTCT,north,0.0,0.0,0.64,3.25,0.41
2026-09-14,VTPB,north,9.5,0.0,4.7,14.77,0.27
2026-09-14,VTPH,southeast,0.6,0.0,0.34,9.7,0.15
2026-09-14,VTPM,north,3.7,0.0,5.49,42.65,0.56
2026-09-14,VTPO,north,6.0,0.0,7.56,17.4,0.3
2026-09-14,VTPP,north,25.4,0.0,5.61,19.75,0.54
2026-09-14,VTSB,southeast,7.0,0.0,9.56,16.88,0.86
2026-09-14,VTSC,southeast,11.4,0.0,0.9,13.72,0.07
2026-09-14,VTSF,southeast,14.0,0.0,4.05,24.98,0.37
2026-09-14,VTSG,southwest,22.4,0.0,4.09,18.52,0.14
2026-09-14,VTSM,southeast,8.2,0.0,1.19,14.56,0.09
2026-09-14,VTSP,southwest,10.4,0.0,6.1,19.1,0.2
2026-09-14,VTSS,southeast,0.0,0.0,0.61,8.11,0.03
2026-09-14,VTST,southwest,1.6,0.0,2.22,7.8,0.08
2026-09-14,VTUD,ne_upper,10.8,0.0,3.06,22.52,0.39
2026-09-14,VTUI,ne_upper,7.2,0.0,3.46,22.12,0.27
2026-09-14,VTUK,ne_upper,11.2,0.0,5.75,18.12,0.3
2026-09-14,VTUL,ne_upper,21.4,0.0,0.82,11.1,0.04
2026-09-14,VTUO,ne_lower,7.9,0.0,2.33,8.93,0.21
2026-09-14,VTUU,ne_lower,19.2,0.0,6.54,24.0,0.54
2026-09-14,VTUV,ne_lower,21.0,0.0,2.77,16.27,0.35
2026-09-15,VTBD,central,66.4,0.0,2.66,23.01,0.01
2026-09-15,VTBS,central,1.2,0.0,3.6,25.03,0.04
2026-09-15,VTCC,north,23.6,0.0,0.7,14.5,0.01
2026-09-15,VTCH,north,0.0,0.0,3.92,21.83,0.02
2026-09-15,VTCL,north,43.1,0.0,3.45,14.77,0.02
2026-09-15,VTCN,north,2.8,0.0,1.2,10.66,0.01
2026-09-15,VTCP,north,37.0,0.0,1.87,12.27,0.01
2026-09-15,VTCT,north,0.4,0.0,0.77,7.58,0.01
2026-09-15,VTPB,north,3.8,0.0,9.47,21.63,0.04
2026-09-15,VTPH,southeast,0.0,0.0,5.94,18.73,0.02
2026-09-15,VTPM,north,0.0,0.0,4.0,19.4,0.01
2026-09-15,VTPO,north,0.0,1.2,15.99,56.17,0.06
2026-09-15,VTPP,north,9.4,0.0,3.31,29.68,0.04
2026-09-15,VTSB,southeast,0.0,0.0,2.17,21.02,0.01
2026-09-15,VTSC,southeast,0.0,0.0,1.39,14.58,0.03
2026-09-15,VTSF,southeast,0.2,0.0,13.78,30.19,0.27
2026-09-15,VTSG,southwest,0.0,0.0,3.79,25.93,0.04
2026-09-15,VTSM,southeast,0.0,0.0,6.2,26.66,0.13
2026-09-15,VTSP,southwest,0.0,0.0,2.77,25.31,0.02
2026-09-15,VTSS,southeast,0.0,0.0,1.64,15.31,0.01
2026-09-15,VTST,southwest,0.1,0.0,3.95,26.08,0.01
2026-09-15,VTUD,ne_upper,7.2,0.0,8.54,24.99,0.05
2026-09-15,VTUI,ne_upper,15.8,0.0,14.55,30.24,0.13
2026-09-15,VTUK,ne_upper,15.4,0.0,3.36,12.15,0.02
2026-09-15,VTUL,ne_upper,7.4,0.0,9.84,21.0,0.03
2026-09-15,VTUO,ne_lower,17.8,0.04,13.82,30.28,0.11
2026-09-15,VTUU,ne_lower,23.2,0.0,3.11,15.44,0.01
2026-09-15,VTUV,ne_lower,11.6,0.0,13.71,31.02,0.23
2026-09-16,VTBD,central,27.6,0.0,2.4,18.24,0.23
2026-09-16,VTBS,central,8.0,0.0,1.2,10.54,0.09
2026-09-16,VTCC,north,4.8,0.0,1.52,11.18,0.07
2026-09-16,VTCH,north,0.0,0.0,1.91,16.39,0.21
2026-09-16,VTCL,north,18.1,0.0,1.44,8.82,0.07
2026-09-16,VTCN,north,1.6,0.0,1.14,17.69,0.32
2026-09-16,VTCP,north,4.7,0.0,11.31,52.43,0.67
2026-09-16,VTCT,north,0.0,0.0,2.12,17.08,0.25
2026-09-16,VTPB,north,0.2,0.0,5.07,16.88,0.25
2026-09-16,VTPH,southeast,5.0,0.0,1.51,13.76,0.22
2026-09-16,VTPM,north,0.6,0.0,1.09,16.07,0.07
2026-09-16,VTPO,north,16.4,0.0,2.16,18.24,0.17
2026-09-16,VTPP,north,5.2,0.0,3.11,13.52,0.13
2026-09-16,VTSB,southeast,0.8,0.0,1.72,12.8,0.08
2026-09-16,VTSC,southeast,11.2,0.04,8.04,22.29,0.14
2026-09-16,VTSF,southeast,64.0,1.2,20.76,33.06,0.76
2026-09-16,VTSG,southwest,2.6,0.0,2.01,17.39,0.39
2026-09-16,VTSM,southeast,8.4,0.0,0.48,8.94,0.05
2026-09-16,VTSP,southwest,6.2,1.2,30.97,45.95,0.93
2026-09-16,VTSS,southeast,0.2,0.0,0.81,12.38,0.08
2026-09-16,VTST,southwest,2.6,0.04,7.11,26.5,0.87
2026-09-16,VTUD,ne_upper,36.8,0.0,1.03,17.57,0.23
2026-09-16,VTUI,ne_upper,11.4,0.0,3.3,8.79,0.24
2026-09-16,VTUK,ne_upper,25.0,0.0,0.94,15.26,0.21
2026-09-16,VTUL,ne_upper,4.6,0.0,5.3,19.26,0.29
2026-09-16,VTUO,ne_lower,28.8,0.0,2.41,20.04,0.27
2026-09-16,VTUU,ne_lower,2.6,0.0,0.38,6.53,0.02
2026-09-16,VTUV,ne_lower,0.0,0.0,2.15,13.78,0.3
2026-09-17,VTBD,central,1.0,0.0,1.55,17.6,0.17
2026-09-17,VTBS,central,21.8,0.0,1.4,16.54,0.27
2026-09-17,VTCC,north,0.0,0.0,2.44,8.8,0.03
2026-09-17,VTCH,north,0.2,0.0,0.31,5.96,0.11
2026-09-17,VTCL,north,1.0,0.0,1.34,5.92,0.09
2026-09-17,VTCN,north,2.0,0.0,2.63,13.92,0.62
2026-09-17,VTCP,north,1.9,0.0,0.94,19.27,0.2
2026-09-17,VTCT,north,43.6,0.0,2.33,16.35,0.21
2026-09-17,VTPB,north,28.0,0.0,1.42,16.43,0.44
2026-09-17,VTPH,southeast,0.0,0.0,0.49,14.21,0.04
2026-09-17,VTPM,north,3.8,0.0,0.56,6.02,0.03
2026-09-17,VTPO,north,8.8,0.0,0.57,25.15,0.34
2026-09-17,VTPP,north,7.4,0.0,1.87,19.02,0.69
2026-09-17,VTSB,southeast,1.2,0.0,2.78,21.85,0.25
2026-09-17,VTSC,southeast,0.0,0.0,0.74,10.76,0.1
2026-09-17,VTSF,southeast,24.2,0.0,1.12,7.98,0.08
2026-09-17,VTSG,southwest,37.2,0.0,6.47,17.4,0.57
2026-09-17,VTSM,southeast,0.0,0.0,0.98,9.52,0.03
2026-09-17,VTSP,southwest,20.4,1.2,18.76,54.83,0.8
2026-09-17,VTSS,southeast,25.8,0.0,1.64,10.58,0.05
2026-09-17,VTST,southwest,18.0,1.2,14.6,44.07,0.75
2026-09-17,VTUD,ne_upper,4.2,0.0,4.82,17.07,0.2
2026-09-17,VTUI,ne_upper,14.8,0.0,7.0,19.1,0.38
2026-09-17,VTUK,ne_upper,1.4,0.0,4.39,15.57,0.34
2026-09-17,VTUL,ne_upper,27.4,0.0,11.73,21.29,0.49
2026-09-17,VTUO,ne_lower,4.6,0.0,0.95,14.27,0.2
2026-09-17,VTUU,ne_lower,0.0,0.0,0.97,14.54,0.04
2026-09-17,VTUV,ne_lower,13.6,0.0,5.35,15.58,0.13
2026-09-18,VTBD,central,22.2,0.0,2.97,26.54,0.41
2026-09-18,VTBS,central,3.6,0.0,1.87,12.97,0.11
2026-09-18,VTCC,north,12.4,0.0,4.38,18.14,0.15
2026-09-18,VTCH,north,3.8,0.0,7.22,21.64,0.62
2026-09-18,VTCL,north,5.7,1.2,25.24,26.6,0.65
2026-09-18,VTCN,north,16.8,0.0,2.78,14.94,0.1
2026-09-18,VTCP,north,10.2,0.0,2.77,8.67,0.08
2026-09-18,VTCT,north,0.2,0.0,2.4,11.12,0.06
2026-09-18,VTPB,north,29.8,0.0,17.77,23.21,0.37
2026-09-18,VTPH,southeast,0.4,0.0,0.17,8.39,0.04
2026-09-18,VTPM,north,13.8,0.0,3.43,22.79,0.36
2026-09-18,VTPO,north,44.4,0.0,1.71,17.81,0.1
2026-09-18,VTPP,north,29.6,0.0,2.1,17.13,0.23
2026-09-18,VTSB,southeast,13.4,1.2,18.83,65.81,0.94
2026-09-18,VTSC,southeast,9.2,0.0,1.36,9.85,0.02
2026-09-18,VTSF,southeast,0.0,0.0,2.93,19.1,0.17
2026-09-18,VTSG,southwest,54.4,1.2,37.26,87.23,0.9
2026-09-18,VTSM,southeast,0.0,0.0,1.63,14.01,0.09
2026-09-18,VTSP,southwest,24.4,1.2,27.0,74.79,0.84
2026-09-18,VTSS,southeast,14.4,0.0,8.49,17.41,0.59
2026-09-18,VTST,southwest,49.2,1.2,15.6,42.53,0.83
2026-09-18,VTUD,ne_upper,0.2,0.0,8.28,22.89,0.34
2026-09-18,VTUI,ne_upper,0.2,0.0,0.21,11.52,0.19
2026-09-18,VTUK,ne_upper,15.6,0.0,1.82,17.77,0.59
2026-09-18,VTUL,ne_upper,11.0,0.0,6.63,31.82,0.37
2026-09-18,VTUO,ne_lower,12.2,0.0,2.24,19.53,0.57
2026-09-18,VTUU,ne_lower,15.0,0.0,1.1,13.38,0.08
2026-09-18,VTUV,ne_lower,0.0,0.0,2.66,14.12,0.4
2026-09-19,VTBD,central,11.6,0.0,3.37,17.22,0.26
2026-09-19,VTBS,central,36.4,0.0,2.62,17.9,0.24
2026-09-19,VTCC,north,15.0,0.0,1.43,9.75,0.08
2026-09-19,VTCH,north,2.6,0.0,1.71,10.47,0.14
2026-09-19,VTCL,north,6.3,0.0,0.03,5.52,0.04
2026-09-19,VTCN,north,0.0,0.0,0.63,4.24,0.03
2026-09-19,VTCP,north,0.0,0.0,0.34,6.44,0.1
2026-09-19,VTCT,north,0.4,0.0,8.51,20.1,0.47
2026-09-19,VTPB,north,0.2,0.04,5.75,21.11,0.62
2026-09-19,VTPH,southeast,8.2,0.0,0.39,15.67,0.15
2026-09-19,VTPM,north,9.4,0.0,8.43,18.17,0.58
2026-09-19,VTPO,north,11.6,0.0,0.52,17.38,0.13
2026-09-19,VTPP,north,11.0,0.0,3.45,19.08,0.56
2026-09-19,VTSB,southeast,0.0,0.0,2.39,17.91,0.24
2026-09-19,VTSC,southeast,0.2,0.0,0.8,10.94,0.04
2026-09-19,VTSF,southeast,0.0,0.0,3.1,14.06,0.17
2026-09-19,VTSG,southwest,1.8,0.0,7.27,17.38,0.21
2026-09-19,VTSM,southeast,0.4,0.0,1.7,13.55,0.13
2026-09-19,VTSP,southwest,21.0,0.0,2.54,25.67,0.24
2026-09-19,VTSS,southeast,31.6,0.0,4.71,17.65,0.43
2026-09-19,VTST,southwest,3.2,0.04,12.47,25.61,0.76
2026-09-19,VTUD,ne_upper,0.0,0.0,1.04,8.47,0.05
2026-09-19,VTUI,ne_upper,0.0,0.0,1.38,20.88,0.29
2026-09-19,VTUK,ne_upper,0.0,0.0,2.53,18.59,0.43
2026-09-19,VTUL,ne_upper,0.4,0.0,9.69,22.85,0.62
2026-09-19,VTUO,ne_lower,0.0,0.0,1.0,17.4,0.27
2026-09-19,VTUU,ne_lower,10.8,0.0,1.13,8.65,0.08
2026-09-19,VTUV,ne_lower,0.2,0.0,0.02,3.49,0.02
2026-09-20,VTBD,central,15.0,0.04,10.11,18.39,0.74
2026-09-20,VTBS,central,18.8,0.0,2.71,26.04,0.65
2026-09-20,VTCC,north,7.6,0.0,0.61,13.52,0.07
2026-09-20,VTCH,north,0.0,0.0,3.6,16.26,0.2
2026-09-20,VTCL,north,26.6,0.0,1.56,13.25,0.09
2026-09-20,VTCN,north,3.0,0.0,0.97,26.23,0.5
2026-09-20,VTCP,north,45.7,0.0,1.34,15.94,0.19
2026-09-20,VTCT,north,41.0,0.0,2.11,14.54,0.44
2026-09-20,VTPB,north,0.0,0.0,2.58,20.01,0.31
2026-09-20,VTPH,southeast,0.0,0.0,0.91,14.56,0.15
2026-09-20,VTPM,north,24.0,0.04,16.04,24.76,0.75
2026-09-20,VTPO,north,52.6,0.0,3.64,13.44,0.04
2026-09-20,VTPP,north,136.8,0.0,8.14,53.85,0.63
2026-09-20,VTSB,southeast,1.0,0.0,0.95,12.71,0.09
2026-09-20,VTSC,southeast,0.0,0.0,0.76,10.75,0.7
2026-09-20,VTSF,southeast,0.0,0.0,1.94,26.19,0.22
2026-09-20,VTSG,southwest,0.2,0.0,13.02,33.84,0.92
2026-09-20,VTSM,southeast,4.2,0.0,1.0,12.13,0.08
2026-09-20,VTSP,southwest,0.4,0.0,0.91,21.22,0.08
2026-09-20,VTSS,southeast,23.4,1.2,5.85,17.44,0.74
2026-09-20,VTST,southwest,0.6,0.0,2.9,44.67,0.55
2026-09-20,VTUD,ne_upper,0.0,0.0,1.37,9.95,0.06
2026-09-20,VTUI,ne_upper,6.6,0.0,1.08,14.45,0.19
2026-09-20,VTUK,ne_upper,46.6,0.0,1.03,8.93,0.06
2026-09-20,VTUL,ne_upper,8.0,0.0,0.7,14.12,0.07
2026-09-20,VTUO,ne_lower,5.6,0.0,2.51,17.34,0.48
2026-09-20,VTUU,ne_lower,17.0,0.0,4.91,17.15,0.16
2026-09-20,VTUV,ne_lower,21.0,0.0,1.32,12.83,0.07
2026-09-21,VTBD,central,6.4,0.0,2.98,15.33,0.08
2026-09-21,VTBS,central,19.6,0.0,1.59,16.42,0.04
2026-09-21,VTCC,north,2.4,0.0,2.17,15.89,0.28
2026-09-21,VTCH,north,4.2,0.0,7.87,21.33,0.17
2026-09-21,VTCL,north,1.2,0.0,4.29,20.94,0.32
2026-09-21,VTCN,north,0.0,0.0,1.39,5.34,0.16
2026-09-21,VTCP,north,3.2,0.0,9.08,25.49,0.49
2026-09-21,VTCT,north,0.0,0.0,7.22,29.6,0.52
2026-09-21,VTPB,north,4.2,0.0,5.3,23.67,0.47
2026-09-21,VTPH,southeast,0.0,0.0,1.5,16.59,0.19
2026-09-21,VTPM,north,0.0,0.0,6.88,30.45,0.43
2026-09-21,VTPO,north,0.0,0.0,0.52,6.06,0.06
2026-09-21,VTPP,north,0.0,0.0,1.34,16.34,0.2
2026-09-21,VTSB,southeast,0.0,0.0,1.22,16.87,0.26
2026-09-21,VTSC,southeast,3.4,0.0,0.66,11.3,0.01
2026-09-21,VTSF,southeast,0.0,0.0,1.61,16.85,0.28
2026-09-21,VTSG,southwest,0.0,0.0,0.09,1.69,0.01
2026-09-21,VTSM,southeast,0.0,0.0,0.59,1.31,0.03
2026-09-21,VTSP,southwest,0.0,0.0,0.11,1.16,0.0
2026-09-21,VTSS,southeast,13.8,0.0,17.36,25.31,0.91
2026-09-21,VTST,southwest,1.8,0.0,1.2,6.93,0.17
2026-09-21,VTUD,ne_upper,0.0,0.0,0.22,2.62,0.01
2026-09-21,VTUI,ne_upper,0.0,0.0,0.28,0.98,0.0
2026-09-21,VTUK,ne_upper,0.0,0.0,0.56,5.07,0.09
2026-09-21,VTUL,ne_upper,0.0,0.0,2.28,18.97,0.23
2026-09-21,VTUO,ne_lower,1.2,0.0,3.12,22.42,0.41
2026-09-21,VTUU,ne_lower,9.0,0.0,5.17,13.15,0.4
2026-09-21,VTUV,ne_lower,5.2,0.0,0.11,2.33,0.38
2026-09-22,VTBD,central,10.0,0.0,1.41,16.0,0.02
2026-09-22,VTBS,central,0.0,0.0,2.59,18.01,0.02
2026-09-22,VTCC,north,0.0,0.0,0.23,2.15,0.0
2026-09-22,VTCH,north,0.2,0.0,3.51,19.9,0.17
2026-09-22,VTCL,north,0.0,0.0,0.4,3.09,0.03
2026-09-22,VTCN,north,0.0,0.0,0.67,3.34,0.03
2026-09-22,VTCP,north,0.0,0.0,0.5,2.85,0.07
2026-09-22,VTPB,north,0.0,0.0,0.23,9.81,0.13
2026-09-22,VTPH,southeast,10.8,0.0,3.19,21.26,0.25
2026-09-22,VTPM,north,0.0,0.0,9.48,47.85,0.75
2026-09-22,VTPO,north,0.0,0.0,3.38,21.08,0.47
2026-09-22,VTPP,north,0.0,0.0,3.22,18.89,0.22
2026-09-22,VTSB,southeast,0.4,0.0,2.47,18.95,0.23
2026-09-22,VTSC,southeast,0.2,0.0,0.23,16.38,0.09
2026-09-22,VTSF,southeast,4.2,0.0,5.61,30.18,0.69
2026-09-22,VTSG,southwest,7.8,0.0,1.01,6.93,0.07
2026-09-22,VTSM,southeast,9.0,0.0,0.36,6.1,0.03
2026-09-22,VTSP,southwest,10.6,0.0,0.37,1.15,0.0
2026-09-22,VTSS,southeast,30.0,0.0,3.82,21.17,0.36
2026-09-22,VTST,southwest,15.2,0.0,0.64,16.71,0.24
2026-09-22,VTUD,ne_upper,0.0,0.0,0.56,1.29,0.01
2026-09-22,VTUI,ne_upper,0.0,0.0,0.26,1.45,0.01
2026-09-22,VTUK,ne_upper,30.0,0.0,0.0,0.99,0.01
2026-09-22,VTUL,ne_upper,0.0,0.0,0.45,1.45,0.01
2026-09-22,VTUO,ne_lower,0.0,0.0,0.78,7.09,0.03
2026-09-22,VTUU,ne_lower,0.0,0.0,1.18,13.23,0.09
2026-09-22,VTUV,ne_lower,0.6,0.0,0.14,1.2,0.01
2026-09-23,VTBD,central,1.4,0.0,4.16,24.13,0.41
2026-09-23,VTBS,central,38.4,0.0,6.27,23.14,0.62
2026-09-23,VTCC,north,0.0,0.0,2.1,14.39,0.01
2026-09-23,VTCH,north,0.0,0.0,0.39,11.28,0.05
2026-09-23,VTCL,north,0.0,0.0,0.05,1.78,0.01
2026-09-23,VTCN,north,0.0,0.0,0.32,2.66,0.05
2026-09-23,VTCP,north,0.0,0.0,0.29,2.51,0.01
2026-09-23,VTCT,north,0.0,0.0,0.01,0.94,0.0
2026-09-23,VTPB,north,4.7,0.0,0.51,5.98,0.26
2026-09-23,VTPH,southeast,0.8,0.0,2.53,16.54,0.14
2026-09-23,VTPM,north,1.4,0.0,5.41,16.46,0.18
2026-09-23,VTPO,north,6.4,0.0,0.15,0.91,0.01
2026-09-23,VTPP,north,0.2,0.0,1.0,13.75,0.31
2026-09-23,VTSB,southeast,0.0,0.0,1.62,15.83,0.24
2026-09-23,VTSC,southeast,0.0,0.0,1.86,16.69,0.04
2026-09-23,VTSF,southeast,0.3,0.0,5.2,17.49,0.62
2026-09-23,VTSG,southwest,0.0,0.0,5.33,26.45,0.23
2026-09-23,VTSM,southeast,2.4,0.0,0.86,18.28,0.35
2026-09-23,VTSP,southwest,1.4,0.0,1.39,12.93,0.1
2026-09-23,VTSS,southeast,1.4,0.0,4.96,23.83,0.65
2026-09-23,VTST,southwest,0.0,0.0,3.29,27.3,0.47
2026-09-23,VTUD,ne_upper,0.0,0.0,0.14,3.21,0.02
2026-09-23,VTUI,ne_upper,0.0,0.0,0.37,3.41,0.01
2026-09-23,VTUK,ne_upper,0.6,0.0,0.0,2.87,0.01
2026-09-23,VTUL,ne_upper,22.4,0.0,0.72,7.02,0.07
2026-09-23,VTUO,ne_lower,3.4,0.0,0.09,2.29,0.0
2026-09-23,VTUU,ne_lower,27.8,0.0,2.62,10.69,0.42
2026-09-23,VTUV,ne_lower,0.0,0.0,0.03,4.94,0.01
2026-09-24,VTBD,central,68.4,0.0,4.15,19.4,0.24
2026-09-24,VTBS,central,82.6,0.0,6.61,20.83,0.79
2026-09-24,VTCC,north,1.2,0.0,3.86,10.82,0.27
2026-09-24,VTCH,north,8.0,0.0,1.41,16.8,0.06
2026-09-24,VTCL,north,0.7,0.0,3.47,26.58,0.42
2026-09-24,VTCN,north,7.8,0.0,5.45,19.17,0.44
2026-09-24,VTCP,north,0.0,0.0,0.52,11.96,0.14
2026-09-24,VTCT,north,0.0,0.0,0.0,2.38,0.02
2026-09-24,VTPB,north,24.3,0.0,5.77,19.65,0.11
2026-09-24,VTPH,southeast,21.2,0.0,13.06,30.25,0.66
2026-09-24,VTPM,north,3.4,0.0,2.71,22.11,0.36
2026-09-24,VTPO,north,2.0,0.0,2.21,15.91,0.1
2026-09-24,VTPP,north,11.0,0.0,2.42,20.22,0.28
2026-09-24,VTSB,southeast,0.0,0.0,0.12,2.24,0.02
2026-09-24,VTSC,southeast,4.6,0.0,0.32,4.46,0.0
2026-09-24,VTSF,southeast,0.4,0.0,0.62,2.22,0.01
2026-09-24,VTSG,southwest,0.0,0.0,0.03,0.86,0.01
2026-09-24,VTSM,southeast,0.0,0.0,0.0,2.15,0.01
2026-09-24,VTSP,southwest,0.0,0.0,0.55,1.59,0.01
2026-09-24,VTSS,southeast,0.0,0.0,0.87,18.8,0.4
2026-09-24,VTST,southwest,0.0,0.0,0.36,3.24,0.01
2026-09-24,VTUD,ne_upper,0.8,0.0,0.8,5.54,0.02
2026-09-24,VTUI,ne_upper,0.0,0.0,0.64,6.29,0.08
2026-09-24,VTUK,ne_upper,12.0,0.0,4.61,20.69,0.24
2026-09-24,VTUL,ne_upper,1.6,0.0,17.42,29.56,0.45
2026-09-24,VTUO,ne_lower,48.0,0.0,15.9,33.72,0.66
2026-09-24,VTUU,ne_lower,28.1,0.0,13.51,30.57,0.76
2026-09-24,VTUV,ne_lower,18.6,0.0,9.13,22.58,0.49
2026-09-25,VTBD,central,130.0,0.0,27.02,55.28,0.92
2026-09-25,VTBS,central,152.4,0.0,19.18,59.92,0.91
2026-09-25,VTCC,north,15.8,0.0,0.45,4.76,0.04
2026-09-25,VTCH,north,9.6,0.0,2.23,20.53,0.09
2026-09-25,VTCL,north,1.2,0.0,2.62,16.05,0.17
2026-09-25,VTCN,north,10.6,0.0,1.78,13.69,0.21
2026-09-25,VTCP,north,8.1,0.0,3.89,16.78,0.23
2026-09-25,VTCT,north,2.4,0.0,0.0,2.11,0.0
2026-09-25,VTPB,north,7.5,0.0,5.63,20.97,0.5
2026-09-25,VTPH,southeast,22.6,0.0,7.63,20.45,0.45
2026-09-25,VTPM,north,17.7,0.0,1.33,15.01,0.07
2026-09-25,VTPO,north,8.0,0.0,0.61,13.37,0.16
2026-09-25,VTPP,north,14.4,0.0,7.66,24.64,0.68
2026-09-25,VTSB,southeast,6.9,0.0,0.03,19.43,0.04
2026-09-25,VTSC,southeast,17.8,0.0,0.41,8.72,0.08
2026-09-25,VTSF,southeast,11.9,0.0,0.55,19.48,0.2
2026-09-25,VTSG,southwest,18.0,0.0,0.0,2.78,0.02
2026-09-25,VTSM,southeast,4.0,0.0,0.32,1.3,0.01
2026-09-25,VTSP,southwest,0.0,0.0,0.22,2.16,0.01
2026-09-25,VTSS,southeast,3.6,0.0,0.53,14.63,0.02
2026-09-25,VTST,southwest,5.6,0.0,0.05,2.27,0.01
2026-09-25,VTUD,ne_upper,4.0,0.0,2.89,20.16,0.39
2026-09-25,VTUI,ne_upper,0.6,0.0,0.56,12.24,0.39
2026-09-25,VTUK,ne_upper,18.2,0.0,6.43,22.6,0.32
2026-09-25,VTUL,ne_upper,22.0,0.0,6.7,27.42,0.35
2026-09-25,VTUO,ne_lower,15.6,0.0,14.64,29.29,0.93
2026-09-25,VTUU,ne_lower,3.6,0.0,0.4,4.8,0.04
2026-09-25,VTUV,ne_lower,4.2,0.0,3.98,21.18,0.2
2026-09-26,VTBD,central,46.6,0.0,8.04,42.09,0.48
2026-09-26,VTBS,central,25.6,0.0,10.18,55.25,0.75
2026-09-26,VTCC,north,0.0,0.0,1.46,8.44,0.04
2026-09-26,VTCH,north,0.0,0.0,4.75,26.2,0.22
2026-09-26,VTCL,north,0.0,0.0,0.35,1.18,0.0
2026-09-26,VTCN,north,0.0,0.0,0.31,1.94,0.01
2026-09-26,VTCP,north,0.7,0.0,0.08,2.42,0.02
2026-09-26,VTCT,north,0.0,0.0,0.0,1.6,0.02
2026-09-26,VTPB,north,1.0,0.0,13.04,26.61,0.41
2026-09-26,VTPH,southeast,4.6,0.0,10.48,22.09,0.87
2026-09-26,VTPM,north,5.5,0.0,4.07,19.82,0.46
2026-09-26,VTPP,north,25.8,0.0,7.31,18.6,0.5
2026-09-26,VTSB,southeast,1.8,0.0,1.75,13.19,0.2
2026-09-26,VTSC,southeast,2.2,0.0,0.54,23.48,0.06
2026-09-26,VTSF,southeast,5.7,0.0,9.02,24.32,0.67
2026-09-26,VTSG,southwest,16.8,0.0,2.97,15.99,0.09
2026-09-26,VTSM,southeast,8.8,0.0,0.59,6.46,0.04
2026-09-26,VTSP,southwest,10.4,0.0,2.36,6.47,0.02
2026-09-26,VTSS,southeast,0.4,0.0,1.4,15.94,0.57
2026-09-26,VTST,southwest,3.0,0.0,0.8,18.68,0.12
2026-09-26,VTUD,ne_upper,20.2,0.0,6.8,14.23,0.52
2026-09-26,VTUI,ne_upper,11.6,0.0,0.69,5.77,0.04
2026-09-26,VTUK,ne_upper,12.2,0.0,13.97,24.78,0.5
2026-09-26,VTUL,ne_upper,5.2,0.0,6.54,30.6,0.42
2026-09-26,VTUO,ne_lower,3.8,0.0,1.23,10.27,0.11
2026-09-26,VTUU,ne_lower,0.0,0.0,5.26,22.87,0.32
2026-09-26,VTUV,ne_lower,0.8,0.0,6.02,18.6,0.45
2026-09-27,VTBD,central,27.4,0.0,1.27,12.8,0.4
2026-09-27,VTBS,central,48.8,0.0,4.29,27.88,0.29
2026-09-27,VTCC,north,0.0,0.0,5.09,15.25,0.25
2026-09-27,VTCH,north,0.0,0.0,0.5,4.77,0.01
2026-09-27,VTCL,north,15.0,0.0,7.25,27.09,0.77
2026-09-27,VTCN,north,0.0,0.0,0.35,3.83,0.01
2026-09-27,VTCP,north,5.9,0.0,2.74,19.01,0.2
2026-09-27,VTCT,north,0.0,0.0,0.46,2.36,0.02
2026-09-27,VTPB,north,18.6,0.0,5.92,18.79,0.54
2026-09-27,VTPH,southeast,31.0,0.0,0.79,14.71,0.11
2026-09-27,VTPM,north,9.5,0.0,0.45,6.85,0.02
2026-09-27,VTPO,north,21.4,0.0,0.6,5.16,0.02
2026-09-27,VTPP,north,0.4,0.0,0.3,10.06,0.11
2026-09-27,VTSB,southeast,0.2,0.0,5.02,18.73,0.34
2026-09-27,VTSC,southeast,3.0,0.0,2.62,16.38,0.05
2026-09-27,VTSF,southeast,1.6,0.0,0.5,9.07,0.08
2026-09-27,VTSG,southwest,24.6,0.0,16.01,25.17,0.43
2026-09-27,VTSM,southeast,0.0,0.0,7.03,19.69,0.36
2026-09-27,VTSP,southwest,6.8,0.0,9.3,22.14,0.32
2026-09-27,VTSS,southeast,0.0,0.0,0.33,12.42,0.02
2026-09-27,VTST,southwest,0.2,0.0,5.3,23.77,0.54
2026-09-27,VTUD,ne_upper,11.6,0.0,4.2,10.47,0.12
2026-09-27,VTUI,ne_upper,0.2,0.0,0.72,4.65,0.02
2026-09-27,VTUK,ne_upper,18.0,0.0,11.11,25.02,0.34
2026-09-27,VTUL,ne_upper,5.2,0.0,1.2,9.59,0.1
2026-09-27,VTUO,ne_lower,0.0,0.0,3.86,9.15,0.39
2026-09-27,VTUU,ne_lower,0.0,0.0,2.73,17.33,0.24
2026-09-27,VTUV,ne_lower,1.4,0.0,2.86,17.71,0.41
2026-09-28,VTBD,central,4.2,0.0,4.74,22.17,0.35
2026-09-28,VTBS,central,6.6,0.0,3.13,15.99,0.29
2026-09-28,VTCC,north,23.0,0.0,10.96,26.66,0.48
2026-09-28,VTCH,north,11.7,0.0,14.83,28.67,0.42
2026-09-28,VTCL,north,27.2,0.0,8.72,24.04,0.25
2026-09-28,VTCN,north,3.0,0.0,2.1,15.16,0.19
2026-09-28,VTCP,north,10.2,0.0,9.35,33.72,0.42
2026-09-28,VTCT,north,1.8,0.0,8.51,20.35,0.22
2026-09-28,VTPB,north,9.4,0.0,6.06,28.66,0.32
2026-09-28,VTPH,southeast,2.0,0.0,1.02,14.95,0.18
2026-09-28,VTPM,north,49.9,0.19,24.53,94.42,0.8
2026-09-28,VTPO,north,6.6,0.0,19.73,20.98,0.81
2026-09-28,VTPP,north,7.0,0.0,6.27,18.31,0.39
2026-09-28,VTSB,southeast,0.0,0.0,2.73,20.81,0.37
2026-09-28,VTSC,southeast,0.0,0.0,0.56,14.7,0.01
2026-09-28,VTSF,southeast,18.5,0.0,3.41,17.93,0.72
2026-09-28,VTSG,southwest,0.0,0.0,1.22,15.76,0.07
2026-09-28,VTSM,southeast,170.0,0.0,2.19,17.9,0.16
2026-09-28,VTSP,southwest,0.0,0.0,0.57,6.96,0.02
2026-09-28,VTSS,southeast,4.2,0.01,0.61,14.87,0.11
2026-09-28,VTST,southwest,0.0,0.0,0.71,13.02,0.43
2026-09-28,VTUD,ne_upper,0.2,0.0,1.97,18.78,0.33
2026-09-28,VTUI,ne_upper,0.8,0.0,4.6,22.41,0.49
2026-09-28,VTUK,ne_upper,7.0,0.0,3.72,24.8,0.4
2026-09-28,VTUL,ne_upper,1.2,0.0,5.89,29.29,0.31
2026-09-28,VTUO,ne_lower,0.0,0.0,0.2,6.62,0.11
2026-09-28,VTUU,ne_lower,0.0,0.0,1.17,6.44,0.03
2026-09-28,VTUV,ne_lower,0.0,0.0,6.52,19.63,0.44
2026-09-29,VTBD,central,0.0,0.0,4.57,21.07,0.27
2026-09-29,VTBS,central,0.0,0.0,3.16,21.06,0.14
2026-09-29,VTCC,north,0.6,0.0,5.74,26.45,0.3
2026-09-29,VTCH,north,4.8,0.0,9.0,24.05,0.44
2026-09-29,VTCL,north,15.4,0.0,6.13,14.76,0.47
2026-09-29,VTCN,north,1.2,0.0,4.78,12.23,0.38
2026-09-29,VTCP,north,7.2,0.0,2.85,30.28,0.3
2026-09-29,VTCT,north,0.8,0.0,6.99,12.09,0.6
2026-09-29,VTPB,north,3.6,0.0,6.03,20.4,0.25
2026-09-29,VTPH,southeast,0.0,0.0,4.04,16.24,0.33
2026-09-29,VTPM,north,3.9,0.0,8.13,29.71,0.47
2026-09-29,VTPO,north,0.0,0.0,5.89,14.39,0.27
2026-09-29,VTPP,north,0.0,0.0,1.16,7.02,0.18
2026-09-29,VTSB,southeast,0.0,0.0,0.58,15.51,0.08
2026-09-29,VTSC,southeast,1.4,0.0,0.43,11.85,0.1
2026-09-29,VTSF,southeast,0.0,0.0,3.79,19.54,0.79
2026-09-29,VTSG,southwest,0.8,0.0,4.91,13.45,0.32
2026-09-29,VTSM,southeast,0.0,0.0,0.52,14.86,0.18
2026-09-29,VTSP,southwest,6.2,0.0,1.04,11.56,0.07
2026-09-29,VTSS,southeast,0.0,0.0,2.65,23.43,0.69
2026-09-29,VTST,southwest,0.0,0.0,1.8,21.51,0.14
2026-09-29,VTUD,ne_upper,0.0,0.0,0.39,5.08,0.04
2026-09-29,VTUI,ne_upper,0.0,0.0,0.15,4.13,0.03
2026-09-29,VTUK,ne_upper,0.0,0.0,0.26,3.28,0.01
2026-09-29,VTUL,ne_upper,0.0,0.0,0.67,4.56,0.0
2026-09-29,VTUO,ne_lower,0.0,0.0,0.21,3.14,0.0
2026-09-29,VTUU,ne_lower,0.0,0.0,0.03,6.07,0.35
2026-09-29,VTUV,ne_lower,0.0,0.0,0.68,12.86,0.25
2026-09-30,VTBD,central,1.6,0.0,1.39,11.48,0.0
2026-09-30,VTBS,central,0.0,0.0,14.27,18.41,0.65
2026-09-30,VTCC,north,0.0,0.0,0.36,4.62,0.04
2026-09-30,VTCH,north,1.8,0.0,2.62,8.71,0.02
2026-09-30,VTCL,north,0.0,0.0,0.03,8.0,0.63
2026-09-30,VTCN,north,0.0,0.0,0.57,5.67,0.03
2026-09-30,VTCP,north,0.0,0.0,1.19,7.02,0.06
2026-09-30,VTCT,north,0.0,0.0,0.97,4.95,0.0
2026-09-30,VTPB,north,0.0,0.0,2.49,20.5,0.27
2026-09-30,VTPH,southeast,0.0,0.0,2.18,16.52,0.12
2026-09-30,VTPM,north,0.0,0.0,1.45,7.68,0.05
2026-09-30,VTPO,north,0.0,0.0,0.0,4.88,0.06
2026-09-30,VTPP,north,0.0,0.0,0.66,2.71,0.0
2026-09-30,VTSB,southeast,6.6,0.0,1.61,21.28,0.37
2026-09-30,VTSC,southeast,0.0,0.0,0.09,13.83,0.01
2026-09-30,VTSF,southeast,2.2,0.0,6.84,16.51,0.6
2026-09-30,VTSG,southwest,2.4,0.0,1.07,6.31,0.03
2026-09-30,VTSM,southeast,2.0,0.0,1.21,18.12,0.08
2026-09-30,VTSP,southwest,1.2,0.0,3.26,14.1,0.09
2026-09-30,VTSS,southeast,0.0,0.0,2.51,17.91,0.48
2026-09-30,VTST,southwest,22.6,0.0,2.77,18.63,0.1
2026-09-30,VTUD,ne_upper,0.0,0.0,0.0,2.35,0.01
2026-09-30,VTUI,ne_upper,0.0,0.0,1.02,3.15,0.01
2026-09-30,VTUK,ne_upper,0.0,0.0,2.11,10.46,0.0
2026-09-30,VTUL,ne_upper,0.0,0.0,5.96,23.71,0.72
2026-09-30,VTUO,ne_lower,0.0,0.0,0.6,3.9,0.03
2026-09-30,VTUU,ne_lower,0.0,0.0,0.16,3.25,0.05
2026-09-30,VTUV,ne_lower,31.8,0.0,0.02,2.68,0.0
2026-10-01,VTBD,central,0.0,0.0,0.31,9.6,0.06
2026-10-01,VTBS,central,0.0,0.0,1.65,15.99,0.09
2026-10-01,VTCC,north,0.0,0.0,0.12,2.32,0.0
2026-10-01,VTCH,north,0.0,0.0,0.06,3.19,0.01
2026-10-01,VTCL,north,0.0,0.0,0.19,3.57,0.01
2026-10-01,VTCN,north,0.0,0.0,0.29,9.63,0.0
2026-10-01,VTCP,north,0.0,0.0,3.21,32.48,0.52
2026-10-01,VTCT,north,0.0,0.0,0.91,5.61,0.0
2026-10-01,VTPB,north,0.0,0.0,3.54,13.8,0.2
2026-10-01,VTPH,southeast,0.0,0.0,0.07,1.91,0.0
2026-10-01,VTPM,north,0.0,0.0,0.85,4.48,0.04
2026-10-01,VTPO,north,0.0,0.0,0.14,3.94,0.01
2026-10-01,VTPP,north,0.0,0.0,0.58,4.08,0.0
2026-10-01,VTSB,southeast,0.0,0.0,2.73,15.82,0.12
2026-10-01,VTSC,southeast,2.2,0.0,0.58,2.17,0.0
2026-10-01,VTSF,southeast,0.0,0.0,1.52,13.33,0.12
2026-10-01,VTSG,southwest,9.8,0.0,4.61,20.81,0.24
2026-10-01,VTSM,southeast,0.0,0.0,2.41,17.72,0.34
2026-10-01,VTSP,southwest,18.8,0.0,0.47,6.67,0.05
2026-10-01,VTSS,southeast,0.0,0.0,0.21,7.18,0.02
2026-10-01,VTST,southwest,0.2,0.0,4.16,20.5,0.43
2026-10-01,VTUD,ne_upper,0.0,0.0,0.68,8.89,0.06
2026-10-01,VTUI,ne_upper,0.0,0.0,0.83,14.88,0.06
2026-10-01,VTUK,ne_upper,0.0,0.0,0.79,4.94,0.02
2026-10-01,VTUL,ne_upper,0.0,0.0,0.97,11.88,0.01
2026-10-01,VTUO,ne_lower,0.0,0.0,0.28,11.45,0.31
2026-10-01,VTUU,ne_lower,2.4,0.0,0.35,7.32,0.02
2026-10-01,VTUV,ne_lower,0.0,0.0,0.58,5.36,0.05
2026-10-02,VTBD,central,0.0,0.0,1.41,10.92,0.14
2026-10-02,VTBS,central,0.0,0.0,1.61,11.05,0.1
2026-10-02,VTCC,north,0.0,0.0,0.97,3.56,0.0
2026-10-02,VTCH,north,0.0,0.0,0.0,0.94,0.0
2026-10-02,VTCL,north,0.0,0.0,0.39,9.03,0.73
2026-10-02,VTCN,north,0.0,0.0,0.73,7.38,0.0
2026-10-02,VTCP,north,0.0,0.0,2.28,14.93,0.01
2026-10-02,VTCT,north,0.0,0.0,0.88,4.15,0.0
2026-10-02,VTPB,north,6.0,0.0,4.18,18.63,0.02
2026-10-02,VTPH,southeast,0.0,0.0,0.39,4.58,0.0
2026-10-02,VTPM,north,0.0,0.0,0.55,2.39,0.0
2026-10-02,VTPO,north,0.0,0.0,0.09,1.02,0.01
2026-10-02,VTPP,north,0.0,0.0,0.0,5.42,0.11
2026-10-02,VTSB,southeast,0.0,0.0,2.42,13.78,0.27
2026-10-02,VTSC,southeast,0.0,0.0,1.15,13.04,0.03
2026-10-02,VTSF,southeast,0.0,0.0,0.42,4.38,0.01
2026-10-02,VTSG,southwest,7.6,0.0,3.86,22.17,0.6
2026-10-02,VTSM,southeast,0.0,0.0,2.77,16.29,0.18
2026-10-02,VTSP,southwest,2.8,0.0,3.49,20.07,0.3
2026-10-02,VTSS,southeast,0.4,0.0,1.13,17.81,0.15
2026-10-02,VTST,southwest,43.0,0.0,12.53,44.03,0.76
2026-10-02,VTUD,ne_upper,0.0,0.0,1.15,5.24,0.06
2026-10-02,VTUI,ne_upper,0.0,0.0,0.4,8.67,0.02
2026-10-02,VTUK,ne_upper,0.0,0.0,0.3,7.4,0.04
2026-10-02,VTUL,ne_upper,0.0,0.0,1.6,14.99,0.0
2026-10-02,VTUO,ne_lower,0.0,0.0,1.1,13.13,0.04
2026-10-02,VTUU,ne_lower,0.0,0.0,0.2,7.34,0.03
2026-10-02,VTUV,ne_lower,0.0,0.0,0.54,4.7,0.05
2026-10-03,VTBD,central,0.6,0.0,0.79,8.47,0.16
2026-10-03,VTBS,central,1.4,0.0,9.18,23.68,0.75
2026-10-03,VTCC,north,0.0,0.0,0.65,6.02,0.03
2026-10-03,VTCH,north,0.0,0.0,0.63,5.61,0.0
2026-10-03,VTCL,north,0.0,0.0,1.25,8.18,0.45
2026-10-03,VTCN,north,4.4,0.0,0.72,9.88,0.02
2026-10-03,VTCP,north,0.0,0.0,2.27,11.88,0.14
2026-10-03,VTCT,north,4.6,0.0,0.17,5.14,0.05
2026-10-03,VTPB,north,0.0,0.0,4.46,23.34,0.58
2026-10-03,VTPH,southeast,0.0,0.0,1.25,13.97,0.19
2026-10-03,VTPM,north,0.0,0.0,0.31,6.15,0.06
2026-10-03,VTPO,north,0.0,0.0,1.92,10.89,0.0
2026-10-03,VTPP,north,0.0,0.0,0.83,2.64,0.01
2026-10-03,VTSB,southeast,28.4,0.0,4.85,20.06,0.32
2026-10-03,VTSC,southeast,0.4,0.0,2.73,29.15,0.53
2026-10-03,VTSF,southeast,0.0,0.0,3.55,20.3,0.44
2026-10-03,VTSG,southwest,0.0,0.0,2.07,16.4,0.2
2026-10-03,VTSM,southeast,0.4,0.0,6.27,18.02,0.76
2026-10-03,VTSP,southwest,24.8,0.0,3.58,22.94,0.21
2026-10-03,VTSS,southeast,0.6,0.0,1.13,16.26,0.15
2026-10-03,VTST,southwest,2.0,0.0,17.75,53.48,0.79
2026-10-03,VTUD,ne_upper,0.0,0.0,0.29,8.72,0.07
2026-10-03,VTUI,ne_upper,0.0,0.0,0.22,10.58,0.24
2026-10-03,VTUK,ne_upper,8.0,0.0,0.27,9.73,0.09
2026-10-03,VTUL,ne_upper,0.0,0.0,3.54,13.85,0.19
2026-10-03,VTUO,ne_lower,0.0,0.0,0.43,7.91,0.07
2026-10-03,VTUU,ne_lower,0.0,0.0,2.56,14.47,0.1
2026-10-03,VTUV,ne_lower,0.0,0.0,0.16,2.95,0.01
2026-10-04,VTBD,central,16.2,0.0,1.15,8.7,0.08
2026-10-04,VTBS,central,0.0,0.0,7.97,22.58,0.4
2026-10-04,VTCC,north,1.2,0.0,0.36,7.81,0.09
2026-10-04,VTCL,north,1.0,0.0,0.22,5.93,0.0
2026-10-04,VTCN,north,0.4,0.0,2.43,16.11,0.11
2026-10-04,VTCP,north,9.9,0.0,0.89,8.4,0.01
2026-10-04,VTCT,north,0.0,0.0,0.44,7.68,0.02
2026-10-04,VTPB,north,0.0,0.0,2.04,10.19,0.13
2026-10-04,VTPH,southeast,0.0,0.0,1.32,12.09,0.09
2026-10-04,VTPM,north,0.0,0.0,1.02,4.82,0.05
2026-10-04,VTPO,north,8.4,0.0,0.12,2.97,0.0
2026-10-04,VTPP,north,0.0,0.0,0.48,30.42,0.45
2026-10-04,VTSB,southeast,1.2,0.0,0.85,17.16,0.06
2026-10-04,VTSC,southeast,0.8,0.0,5.78,19.28,0.79
2026-10-04,VTSF,southeast,3.5,0.0,2.3,17.34,0.14
2026-10-04,VTSG,southwest,2.4,0.0,5.51,16.02,0.27
2026-10-04,VTSM,southeast,0.0,0.0,0.88,10.1,0.05
2026-10-04,VTSP,southwest,1.6,0.0,2.94,9.43,0.12
2026-10-04,VTSS,southeast,0.0,0.0,0.89,15.64,0.01
2026-10-04,VTST,southwest,1.4,0.0,2.97,26.15,0.15
2026-10-04,VTUD,ne_upper,19.0,0.0,0.37,12.29,0.24
2026-10-04,VTUI,ne_upper,16.2,0.0,2.82,17.4,0.18
2026-10-04,VTUK,ne_upper,0.0,0.0,0.24,9.99,0.04
2026-10-04,VTUL,ne_upper,26.6,0.0,3.6,26.18,0.31
2026-10-04,VTUO,ne_lower,55.2,0.0,0.41,9.97,0.04
2026-10-04,VTUU,ne_lower,5.5,0.0,0.1,12.18,0.06
2026-10-04,VTUV,ne_lower,8.2,0.0,3.27,17.34,0.44
2026-10-05,VTBD,central,53.6,0.0,10.49,28.84,0.63
2026-10-05,VTBS,central,15.8,0.15,4.98,15.51,0.62
2026-10-05,VTCC,north,13.8,0.01,10.7,19.66,0.59
2026-10-05,VTCH,north,10.6,0.15,2.54,13.83,0.13
2026-10-05,VTCL,north,2.5,0.0,3.93,17.06,0.21
2026-10-05,VTCN,north,0.8,0.0,4.47,18.91,0.52
2026-10-05,VTCP,north,29.9,0.0,4.34,20.84,0.44
2026-10-05,VTCT,north,0.0,0.0,9.51,27.89,0.59
2026-10-05,VTPB,north,0.0,0.0,10.25,27.57,0.73
2026-10-05,VTPH,southeast,0.0,0.0,0.13,7.02,0.0
2026-10-05,VTPM,north,31.6,0.0,4.94,21.26,0.58
2026-10-05,VTPO,north,2.4,0.0,3.83,13.54,0.06
2026-10-05,VTPP,north,0.0,0.0,4.9,17.35,0.8
2026-10-05,VTSB,southeast,7.0,0.0,0.73,12.27,0.03
2026-10-05,VTSC,southeast,44.6,0.78,10.06,22.98,0.25
2026-10-05,VTSF,southeast,19.9,0.0,0.91,10.54,0.06
2026-10-05,VTSG,southwest,16.0,0.0,0.88,10.95,0.05
2026-10-05,VTSM,southeast,0.0,0.0,1.69,10.27,0.02
2026-10-05,VTSP,southwest,0.0,0.0,1.79,6.22,0.03
2026-10-05,VTSS,southeast,0.6,0.0,2.5,9.44,0.54
2026-10-05,VTST,southwest,0.0,0.0,3.45,18.0,0.06
2026-10-05,VTUD,ne_upper,0.0,0.0,4.69,18.23,0.39
2026-10-05,VTUI,ne_upper,18.6,0.0,4.31,17.66,0.13
2026-10-05,VTUK,ne_upper,0.0,0.15,8.81,16.44,0.64
2026-10-05,VTUL,ne_upper,1.8,0.0,3.91,19.42,0.16
2026-10-05,VTUO,ne_lower,0.0,0.15,10.82,17.64,0.77
2026-10-05,VTUU,ne_lower,0.0,0.0,2.02,13.58,0.35
2026-10-05,VTUV,ne_lower,0.6,0.0,4.54,20.14,0.28
