date,icao,obs24_mm,synop_wmo,synop_dist_km,synop_is_near,decoded_from
2026-07-30,VTBD,37.4,48456,0.7,True,333_7RRRR
2026-07-30,VTBO,107.8,48481,30.8,False,333_7RRRR
2026-07-30,VTBS,30.4,48429,2.2,True,333_7RRRR
2026-07-30,VTCC,0.6,48327,0.7,True,333_7RRRR
2026-07-30,VTCH,1.4,48300,0.2,True,333_7RRRR
2026-07-30,VTCL,1.9,48328,0.9,True,333_7RRRR
2026-07-30,VTCN,27.2,48331,5.0,True,333_7RRRR
2026-07-30,VTCP,8.8,48330,0.5,True,333_7RRRR
2026-07-30,VTCT,26.6,48303,1.1,True,333_7RRRR
2026-07-30,VTPB,33.4,48374,12.1,True,333_7RRRR
2026-07-30,VTPH,1.0,48475,6.5,True,333_7RRRR
2026-07-30,VTPM,7.7,48375,0.5,True,333_7RRRR
2026-07-30,VTPO,0.0,48373,9.7,True,iR=3
2026-07-30,VTPP,47.8,48378,1.5,True,333_7RRRR
2026-07-30,VTSB,11.5,48551,1.8,True,333_7RRRR
2026-07-30,VTSC,9.6,48583,13.8,True,333_7RRRR
2026-07-30,VTSE,8.1,48517,30.3,False,333_7RRRR
2026-07-30,VTSF,0.0,48552,0.5,True,iR=3
2026-07-30,VTSG,4.0,48563,0.9,True,333_7RRRR
2026-07-30,VTSM,1.0,48550,11.3,True,333_7RRRR
2026-07-30,VTSP,12.2,48565,1.3,True,333_7RRRR
2026-07-30,VTSR,41.4,48532,20.2,False,333_7RRRR
2026-07-30,VTSS,0.8,48569,0.6,True,333_7RRRR
2026-07-30,VTST,0.2,48567,0.8,True,333_7RRRR
2026-07-30,VTSY,0.8,48581,82.2,False,333_7RRRR
2026-07-30,VTUD,3.0,48354,2.5,True,333_7RRRR
2026-07-30,VTUI,4.4,48356,4.9,True,333_7RRRR
2026-07-30,VTUK,18.0,48381,0.9,True,333_7RRRR
2026-07-30,VTUL,49.2,48353,1.8,True,333_7RRRR
2026-07-30,VTUO,41.0,48437,0.7,True,333_7RRRR
2026-07-30,VTUQ,0.0,48431,24.5,False,333_7RRRR
2026-07-30,VTUU,12.6,48407,0.9,True,333_7RRRR
2026-07-30,VTUV,0.0,48405,13.8,True,iR=3
2026-07-30,VTUW,0.2,48357,15.1,False,333_7RRRR
2026-07-31,VTBD,4.8,48456,0.7,True,333_7RRRR
2026-07-31,VTBO,38.4,48481,30.8,False,333_7RRRR
2026-07-31,VTBS,0.0,48429,2.2,True,333_7RRRR
2026-07-31,VTCC,0.0,48327,0.7,True,iR=3
2026-07-31,VTCH,16.9,48300,0.2,True,333_7RRRR
2026-07-31,VTCL,1.8,48328,0.9,True,333_7RRRR
2026-07-31,VTCN,0.0,48331,5.0,True,iR=3
2026-07-31,VTCP,4.9,48330,0.5,True,333_7RRRR
2026-07-31,VTCT,4.9,48303,1.1,True,333_7RRRR
2026-07-31,VTPB,30.3,48374,12.1,True,333_7RRRR
2026-07-31,VTPH,0.0,48475,6.5,True,iR=3
2026-07-31,VTPM,1.7,48375,0.5,True,333_7RRRR
2026-07-31,VTPO,2.6,48373,9.7,True,333_7RRRR
2026-07-31,VTPP,11.0,48378,1.5,True,333_7RRRR
2026-07-31,VTSB,0.0,48551,1.8,True,iR=3
2026-07-31,VTSC,10.0,48583,13.8,True,333_7RRRR
2026-07-31,VTSE,0.2,48517,30.3,False,333_7RRRR
2026-07-31,VTSF,29.8,48552,0.5,True,333_7RRRR
2026-07-31,VTSG,5.0,48563,0.9,True,333_7RRRR
2026-07-31,VTSM,0.0,48550,11.3,True,iR=3
2026-07-31,VTSP,0.0,48565,1.3,True,iR=3
2026-07-31,VTSR,16.4,48532,20.2,False,333_7RRRR
2026-07-31,VTSS,17.0,48569,0.6,True,333_7RRRR
2026-07-31,VTST,0.0,48567,0.8,True,iR=3
2026-07-31,VTSY,29.8,48581,82.2,False,333_7RRRR
2026-07-31,VTUD,14.0,48354,2.5,True,333_7RRRR
2026-07-31,VTUI,0.0,48356,4.9,True,iR=3
2026-07-31,VTUK,0.0,48381,0.9,True,iR=3
2026-07-31,VTUL,40.0,48353,1.8,True,333_7RRRR
2026-07-31,VTUO,4.8,48437,0.7,True,333_7RRRR
2026-07-31,VTUQ,2.8,48431,24.5,False,333_7RRRR
2026-07-31,VTUU,0.0,48407,0.9,True,333_7RRRR
2026-07-31,VTUV,2.6,48405,13.8,True,333_7RRRR
2026-07-31,VTUW,1.8,48357,15.1,False,333_7RRRR
2026-08-01,VTBD,0.4,48456,0.7,True,333_7RRRR
2026-08-01,VTBO,7.4,48481,30.8,False,333_7RRRR
2026-08-01,VTBS,0.0,48429,2.2,True,iR=3
2026-08-01,VTCC,0.0,48327,0.7,True,iR=3
2026-08-01,VTCH,0.2,48300,0.2,True,333_7RRRR
2026-08-01,VTCL,1.0,48328,0.9,True,333_7RRRR
2026-08-01,VTCN,19.6,48331,5.0,True,333_7RRRR
2026-08-01,VTCP,23.9,48330,0.5,True,333_7RRRR
2026-08-01,VTCT,5.5,48303,1.1,True,333_7RRRR
2026-08-01,VTPB,3.4,48374,12.1,True,333_7RRRR
2026-08-01,VTPH,0.0,48475,6.5,True,iR=3
2026-08-01,VTPM,1.3,48375,0.5,True,333_7RRRR
2026-08-01,VTPO,4.4,48373,9.7,True,333_7RRRR
2026-08-01,VTPP,0.2,48378,1.5,True,333_7RRRR
2026-08-01,VTSB,0.0,48551,1.8,True,iR=3
2026-08-01,VTSC,0.0,48583,13.8,True,iR=3
2026-08-01,VTSE,0.0,48517,30.3,False,iR=3
2026-08-01,VTSF,24.0,48552,0.5,True,333_7RRRR
2026-08-01,VTSG,0.0,48563,0.9,True,iR=3
2026-08-01,VTSM,0.2,48550,11.3,True,333_7RRRR
2026-08-01,VTSP,0.0,48565,1.3,True,iR=3
2026-08-01,VTSR,5.4,48532,20.2,False,333_7RRRR
2026-08-01,VTSS,7.6,48569,0.6,True,333_7RRRR
2026-08-01,VTST,0.0,48567,0.8,True,iR=3
2026-08-01,VTSY,2.8,48581,82.2,False,333_7RRRR
2026-08-01,VTUD,0.6,48354,2.5,True,333_7RRRR
2026-08-01,VTUI,,48356,4.9,True,
2026-08-01,VTUK,21.6,48381,0.9,True,333_7RRRR
2026-08-01,VTUL,2.4,48353,1.8,True,333_7RRRR
2026-08-01,VTUO,1.0,48437,0.7,True,333_7RRRR
2026-08-01,VTUQ,0.0,48431,24.5,False,333_7RRRR
2026-08-01,VTUU,0.0,48407,0.9,True,333_7RRRR
2026-08-01,VTUV,34.8,48405,13.8,True,333_7RRRR
2026-08-01,VTUW,12.6,48357,15.1,False,333_7RRRR
2026-08-02,VTBD,0.0,48456,0.7,True,333_7RRRR
2026-08-02,VTBO,15.0,48481,30.8,False,333_7RRRR
2026-08-02,VTBS,0.0,48429,2.2,True,iR=3
2026-08-02,VTCC,8.6,48327,0.7,True,333_7RRRR
2026-08-02,VTCH,18.3,48300,0.2,True,333_7RRRR
2026-08-02,VTCL,2.2,48328,0.9,True,333_7RRRR
2026-08-02,VTCN,10.0,48331,5.0,True,333_7RRRR
2026-08-02,VTCP,0.4,48330,0.5,True,333_7RRRR
2026-08-02,VTCT,90.3,48303,1.1,True,333_7RRRR
2026-08-02,VTPB,13.3,48374,12.1,True,333_7RRRR
2026-08-02,VTPH,0.0,48475,6.5,True,iR=3
2026-08-02,VTPM,0.0,48375,0.5,True,iR=3
2026-08-02,VTPO,0.0,48373,9.7,True,333_7RRRR
2026-08-02,VTPP,10.4,48378,1.5,True,333_7RRRR
2026-08-02,VTSB,0.6,48551,1.8,True,333_7RRRR
2026-08-02,VTSC,0.0,48583,13.8,True,iR=3
2026-08-02,VTSE,0.0,48517,30.3,False,iR=3
2026-08-02,VTSF,0.0,48552,0.5,True,iR=3
2026-08-02,VTSG,0.0,48563,0.9,True,iR=3
2026-08-02,VTSM,0.0,48550,11.3,True,iR=3
2026-08-02,VTSP,0.0,48565,1.3,True,iR=3
2026-08-02,VTSR,0.2,48532,20.2,False,333_7RRRR
2026-08-02,VTSS,0.2,48569,0.6,True,333_7RRRR
2026-08-02,VTST,0.0,48567,0.8,True,iR=3
2026-08-02,VTSY,0.0,48581,82.2,False,iR=3
2026-08-02,VTUD,0.2,48354,2.5,True,333_7RRRR
2026-08-02,VTUI,0.8,48356,4.9,True,333_7RRRR
2026-08-02,VTUK,0.0,48381,0.9,True,iR=3
2026-08-02,VTUL,21.2,48353,1.8,True,333_7RRRR
2026-08-02,VTUO,0.2,48437,0.7,True,333_7RRRR
2026-08-02,VTUQ,0.0,48431,24.5,False,iR=3
2026-08-02,VTUU,4.7,48407,0.9,True,333_7RRRR
2026-08-02,VTUV,6.6,48405,13.8,True,333_7RRRR
2026-08-02,VTUW,7.4,48357,15.1,False,333_7RRRR
2026-08-03,VTBD,0.0,48456,0.7,True,iR=3
2026-08-03,VTBO,6.8,48481,30.8,False,333_7RRRR
2026-08-03,VTBS,0.4,48429,2.2,True,333_7RRRR
2026-08-03,VTCC,0.0,48327,0.7,True,iR=3
2026-08-03,VTCH,28.9,48300,0.2,True,333_7RRRR
2026-08-03,VTCL,0.6,48328,0.9,True,333_7RRRR
2026-08-03,VTCN,8.0,48331,5.0,True,333_7RRRR
2026-08-03,VTCP,0.0,48330,0.5,True,iR=3
2026-08-03,VTCT,6.9,48303,1.1,True,333_7RRRR
2026-08-03,VTPB,12.3,48374,12.1,True,333_7RRRR
2026-08-03,VTPH,210.0,48475,6.5,True,6RRR4
2026-08-03,VTPM,9.9,48375,0.5,True,333_7RRRR
2026-08-03,VTPO,0.0,48373,9.7,True,iR=3
2026-08-03,VTPP,0.0,48378,1.5,True,iR=3
2026-08-03,VTSB,2.0,48551,1.8,True,333_7RRRR
2026-08-03,VTSC,7.4,48583,13.8,True,333_7RRRR
2026-08-03,VTSE,0.0,48517,30.3,False,iR=3
2026-08-03,VTSF,14.3,48552,0.5,True,333_7RRRR
2026-08-03,VTSG,7.8,48563,0.9,True,333_7RRRR
2026-08-03,VTSM,35.6,48550,11.3,True,333_7RRRR
2026-08-03,VTSP,32.4,48565,1.3,True,333_7RRRR
2026-08-03,VTSR,4.2,48532,20.2,False,333_7RRRR
2026-08-03,VTSS,19.6,48569,0.6,True,333_7RRRR
2026-08-03,VTST,33.4,48567,0.8,True,333_7RRRR
2026-08-03,VTSY,24.0,48581,82.2,False,333_7RRRR
2026-08-03,VTUD,57.6,48354,2.5,True,333_7RRRR
2026-08-03,VTUI,25.4,48356,4.9,True,333_7RRRR
2026-08-03,VTUK,0.2,48381,0.9,True,333_7RRRR
2026-08-03,VTUL,0.0,48353,1.8,True,iR=3
2026-08-03,VTUO,19.8,48437,0.7,True,333_7RRRR
2026-08-03,VTUQ,0.0,48431,24.5,False,333_7RRRR
2026-08-03,VTUU,25.0,48407,0.9,True,333_7RRRR
2026-08-03,VTUV,36.4,48405,13.8,True,333_7RRRR
2026-08-03,VTUW,35.3,48357,15.1,False,333_7RRRR
2026-08-04,VTBD,4.4,48456,0.7,True,333_7RRRR
2026-08-04,VTBO,22.6,48481,30.8,False,333_7RRRR
2026-08-04,VTBS,0.2,48429,2.2,True,333_7RRRR
2026-08-04,VTCC,0.0,48327,0.7,True,iR=3
2026-08-04,VTCH,,48300,0.2,True,
2026-08-04,VTCL,6.0,48328,0.9,True,333_7RRRR
2026-08-04,VTCN,12.2,48331,5.0,True,333_7RRRR
2026-08-04,VTCP,26.2,48330,0.5,True,333_7RRRR
2026-08-04,VTCT,46.4,48303,1.1,True,333_7RRRR
2026-08-04,VTPB,8.0,48374,12.1,True,333_7RRRR
2026-08-04,VTPH,0.0,48475,6.5,True,iR=3
2026-08-04,VTPM,5.7,48375,0.5,True,333_7RRRR
2026-08-04,VTPO,0.0,48373,9.7,True,iR=3
2026-08-04,VTPP,0.0,48378,1.5,True,iR=3
2026-08-04,VTSB,0.4,48551,1.8,True,333_7RRRR
2026-08-04,VTSC,19.2,48583,13.8,True,333_7RRRR
2026-08-04,VTSE,0.1,48517,30.3,False,333_7RRRR
2026-08-04,VTSF,5.7,48552,0.5,True,333_7RRRR
2026-08-04,VTSG,38.2,48563,0.9,True,333_7RRRR
2026-08-04,VTSM,0.0,48550,11.3,True,iR=3
2026-08-04,VTSP,6.6,48565,1.3,True,333_7RRRR
2026-08-04,VTSR,13.6,48532,20.2,False,333_7RRRR
2026-08-04,VTSS,11.6,48569,0.6,True,333_7RRRR
2026-08-04,VTST,0.8,48567,0.8,True,333_7RRRR
2026-08-04,VTSY,10.5,48581,82.2,False,333_7RRRR
2026-08-04,VTUD,3.4,48354,2.5,True,333_7RRRR
2026-08-04,VTUI,7.6,48356,4.9,True,333_7RRRR
2026-08-04,VTUK,0.0,48381,0.9,True,333_7RRRR
2026-08-04,VTUL,0.0,48353,1.8,True,iR=3
2026-08-04,VTUO,0.0,48437,0.7,True,iR=3
2026-08-04,VTUQ,0.0,48431,24.5,False,iR=3
2026-08-04,VTUU,0.8,48407,0.9,True,333_7RRRR
2026-08-04,VTUV,1.0,48405,13.8,True,333_7RRRR
2026-08-04,VTUW,76.6,48357,15.1,False,333_7RRRR
2026-08-05,VTBD,4.0,48456,0.7,True,333_7RRRR
2026-08-05,VTBO,64.6,48481,30.8,False,333_7RRRR
2026-08-05,VTBS,1.4,48429,2.2,True,333_7RRRR
2026-08-05,VTCC,0.2,48327,0.7,True,333_7RRRR
2026-08-05,VTCH,0.0,48300,0.2,True,333_7RRRR
2026-08-05,VTCL,6.6,48328,0.9,True,333_7RRRR
2026-08-05,VTCN,12.4,48331,5.0,True,333_7RRRR
2026-08-05,VTCP,5.2,48330,0.5,True,333_7RRRR
2026-08-05,VTCT,9.1,48303,1.1,True,333_7RRRR
2026-08-05,VTPB,8.7,48374,12.1,True,333_7RRRR
2026-08-05,VTPH,1.8,48475,6.5,True,333_7RRRR
2026-08-05,VTPM,4.2,48375,0.5,True,333_7RRRR
2026-08-05,VTPO,0.0,48373,9.7,True,iR=3
2026-08-05,VTPP,,48378,1.5,True,
2026-08-05,VTSB,6.6,48551,1.8,True,333_7RRRR
2026-08-05,VTSC,12.0,48583,13.8,True,333_7RRRR
2026-08-05,VTSE,9.9,48517,30.3,False,333_7RRRR
2026-08-05,VTSF,0.0,48552,0.5,True,iR=3
2026-08-05,VTSG,3.0,48563,0.9,True,333_7RRRR
2026-08-05,VTSM,2.8,48550,11.3,True,333_7RRRR
2026-08-05,VTSP,0.8,48565,1.3,True,333_7RRRR
2026-08-05,VTSR,37.0,48532,20.2,False,333_7RRRR
2026-08-05,VTSS,0.0,48569,0.6,True,iR=3
2026-08-05,VTST,0.0,48567,0.8,True,iR=3
2026-08-05,VTSY,0.0,48581,82.2,False,iR=3
2026-08-05,VTUD,15.4,48354,2.5,True,333_7RRRR
2026-08-05,VTUI,61.4,48356,4.9,True,333_7RRRR
2026-08-05,VTUK,2.4,48381,0.9,True,333_7RRRR
2026-08-05,VTUL,1.6,48353,1.8,True,333_7RRRR
2026-08-05,VTUO,0.2,48437,0.7,True,333_7RRRR
2026-08-05,VTUQ,5.4,48431,24.5,False,333_7RRRR
2026-08-05,VTUU,4.8,48407,0.9,True,333_7RRRR
2026-08-05,VTUV,12.0,48405,13.8,True,333_7RRRR
2026-08-05,VTUW,88.6,48357,15.1,False,333_7RRRR
2026-08-06,VTBD,1.4,48456,0.7,True,333_7RRRR
2026-08-06,VTBO,3.6,48481,30.8,False,333_7RRRR
2026-08-06,VTBS,0.0,48429,2.2,True,iR=3
2026-08-06,VTCC,0.0,48327,0.7,True,iR=3
2026-08-06,VTCH,0.0,48300,0.2,True,iR=3
2026-08-06,VTCL,0.0,48328,0.9,True,iR=3
2026-08-06,VTCN,56.4,48331,5.0,True,333_7RRRR
2026-08-06,VTCP,3.2,48330,0.5,True,333_7RRRR
2026-08-06,VTCT,32.2,48303,1.1,True,333_7RRRR
2026-08-06,VTPB,1.2,48374,12.1,True,333_7RRRR
2026-08-06,VTPH,1.8,48475,6.5,True,333_7RRRR
2026-08-06,VTPM,4.0,48375,0.5,True,333_7RRRR
2026-08-06,VTPO,1.8,48373,9.7,True,333_7RRRR
2026-08-06,VTPP,0.0,48378,1.5,True,iR=3
2026-08-06,VTSB,0.0,48551,1.8,True,iR=3
2026-08-06,VTSC,0.0,48583,13.8,True,iR=3
2026-08-06,VTSE,7.0,48517,30.3,False,333_7RRRR
2026-08-06,VTSF,0.0,48552,0.5,True,iR=3
2026-08-06,VTSG,3.2,48563,0.9,True,333_7RRRR
2026-08-06,VTSM,0.0,48550,11.3,True,iR=3
2026-08-06,VTSP,0.4,48565,1.3,True,333_7RRRR
2026-08-06,VTSR,65.6,48532,20.2,False,333_7RRRR
2026-08-06,VTSS,0.0,48569,0.6,True,iR=3
2026-08-06,VTST,3.6,48567,0.8,True,333_7RRRR
2026-08-06,VTSY,61.5,48581,82.2,False,333_7RRRR
2026-08-06,VTUD,0.2,48354,2.5,True,333_7RRRR
2026-08-06,VTUI,3.6,48356,4.9,True,333_7RRRR
2026-08-06,VTUK,6.0,48381,0.9,True,333_7RRRR
2026-08-06,VTUL,0.0,48353,1.8,True,iR=3
2026-08-06,VTUO,8.1,48437,0.7,True,333_7RRRR
2026-08-06,VTUQ,3.0,48431,24.5,False,333_7RRRR
2026-08-06,VTUU,19.9,48407,0.9,True,333_7RRRR
2026-08-06,VTUV,0.8,48405,13.8,True,333_7RRRR
2026-08-06,VTUW,27.3,48357,15.1,False,333_7RRRR
2026-08-07,VTBD,2.2,48456,0.7,True,333_7RRRR
2026-08-07,VTBO,2.2,48481,30.8,False,333_7RRRR
2026-08-07,VTBS,28.4,48429,2.2,True,333_7RRRR
2026-08-07,VTCC,7.4,48327,0.7,True,333_7RRRR
2026-08-07,VTCH,34.1,48300,0.2,True,333_7RRRR
2026-08-07,VTCL,22.0,48328,0.9,True,333_7RRRR
2026-08-07,VTCN,25.2,48331,5.0,True,333_7RRRR
2026-08-07,VTCP,0.7,48330,0.5,True,333_7RRRR
2026-08-07,VTCT,14.3,48303,1.1,True,333_7RRRR
2026-08-07,VTPB,12.3,48374,12.1,True,333_7RRRR
2026-08-07,VTPH,0.0,48475,6.5,True,iR=3
2026-08-07,VTPM,5.0,48375,0.5,True,333_7RRRR
2026-08-07,VTPO,1.8,48373,9.7,True,333_7RRRR
2026-08-07,VTPP,32.6,48378,1.5,True,333_7RRRR
2026-08-07,VTSB,0.0,48551,1.8,True,iR=3
2026-08-07,VTSC,5.4,48583,13.8,True,333_7RRRR
2026-08-07,VTSE,1.8,48517,30.3,False,333_7RRRR
2026-08-07,VTSF,0.0,48552,0.5,True,iR=3
2026-08-07,VTSG,2.8,48563,0.9,True,333_7RRRR
2026-08-07,VTSM,0.0,48550,11.3,True,iR=3
2026-08-07,VTSP,5.4,48565,1.3,True,333_7RRRR
2026-08-07,VTSR,32.6,48532,20.2,False,333_7RRRR
2026-08-07,VTSS,0.6,48569,0.6,True,333_7RRRR
2026-08-07,VTST,0.0,48567,0.8,True,333_7RRRR
2026-08-07,VTSY,0.0,48581,82.2,False,iR=3
2026-08-07,VTUD,25.8,48354,2.5,True,333_7RRRR
2026-08-07,VTUI,3.4,48356,4.9,True,333_7RRRR
2026-08-07,VTUK,1.4,48381,0.9,True,333_7RRRR
2026-08-07,VTUL,7.4,48353,1.8,True,333_7RRRR
2026-08-07,VTUO,0.2,48437,0.7,True,333_7RRRR
2026-08-07,VTUQ,0.2,48431,24.5,False,333_7RRRR
2026-08-07,VTUU,4.5,48407,0.9,True,333_7RRRR
2026-08-07,VTUV,2.7,48405,13.8,True,333_7RRRR
2026-08-07,VTUW,70.8,48357,15.1,False,333_7RRRR
2026-08-08,VTBD,3.8,48456,0.7,True,333_7RRRR
2026-08-08,VTBO,2.6,48481,30.8,False,333_7RRRR
2026-08-08,VTBS,0.4,48429,2.2,True,333_7RRRR
2026-08-08,VTCC,33.8,48327,0.7,True,333_7RRRR
2026-08-08,VTCH,20.1,48300,0.2,True,333_7RRRR
2026-08-08,VTCL,4.8,48328,0.9,True,333_7RRRR
2026-08-08,VTCN,24.6,48331,5.0,True,333_7RRRR
2026-08-08,VTCP,0.5,48330,0.5,True,333_7RRRR
2026-08-08,VTCT,10.5,48303,1.1,True,333_7RRRR
2026-08-08,VTPB,1.0,48374,12.1,True,333_7RRRR
2026-08-08,VTPH,14.4,48475,6.5,True,333_7RRRR
2026-08-08,VTPM,8.3,48375,0.5,True,333_7RRRR
2026-08-08,VTPO,0.4,48373,9.7,True,333_7RRRR
2026-08-08,VTPP,3.6,48378,1.5,True,333_7RRRR
2026-08-08,VTSB,0.4,48551,1.8,True,333_7RRRR
2026-08-08,VTSC,0.2,48583,13.8,True,333_7RRRR
2026-08-08,VTSE,1.2,48517,30.3,False,333_7RRRR
2026-08-08,VTSF,0.0,48552,0.5,True,iR=3
2026-08-08,VTSG,0.0,48563,0.9,True,iR=3
2026-08-08,VTSM,0.0,48550,11.3,True,333_7RRRR
2026-08-08,VTSP,0.0,48565,1.3,True,iR=3
2026-08-08,VTSR,31.2,48532,20.2,False,333_7RRRR
2026-08-08,VTSS,0.2,48569,0.6,True,333_7RRRR
2026-08-08,VTST,0.0,48567,0.8,True,iR=3
2026-08-08,VTSY,0.0,48581,82.2,False,iR=3
2026-08-08,VTUD,1.6,48354,2.5,True,333_7RRRR
2026-08-08,VTUI,47.2,48356,4.9,True,333_7RRRR
2026-08-08,VTUK,6.2,48381,0.9,True,333_7RRRR
2026-08-08,VTUL,3.0,48353,1.8,True,333_7RRRR
2026-08-08,VTUO,2.0,48437,0.7,True,333_7RRRR
2026-08-08,VTUQ,0.2,48431,24.5,False,333_7RRRR
2026-08-08,VTUU,1.0,48407,0.9,True,333_7RRRR
2026-08-08,VTUV,0.4,48405,13.8,True,333_7RRRR
2026-08-08,VTUW,107.9,48357,15.1,False,333_7RRRR
2026-08-09,VTBD,0.0,48456,0.7,True,333_7RRRR
2026-08-09,VTBO,1.2,48481,30.8,False,333_7RRRR
2026-08-09,VTBS,0.2,48429,2.2,True,333_7RRRR
2026-08-09,VTCC,1.8,48327,0.7,True,333_7RRRR
2026-08-09,VTCH,16.4,48300,0.2,True,333_7RRRR
2026-08-09,VTCL,4.4,48328,0.9,True,333_7RRRR
2026-08-09,VTCN,14.0,48331,5.0,True,333_7RRRR
2026-08-09,VTCP,12.4,48330,0.5,True,333_7RRRR
2026-08-09,VTCT,3.0,48303,1.1,True,333_7RRRR
2026-08-09,VTPB,0.2,48374,12.1,True,333_7RRRR
2026-08-09,VTPH,0.8,48475,6.5,True,333_7RRRR
2026-08-09,VTPM,25.1,48375,0.5,True,333_7RRRR
2026-08-09,VTPO,1.2,48373,9.7,True,333_7RRRR
2026-08-09,VTPP,0.0,48378,1.5,True,iR=3
2026-08-09,VTSB,0.0,48551,1.8,True,iR=3
2026-08-09,VTSC,0.0,48583,13.8,True,iR=3
2026-08-09,VTSE,1.7,48517,30.3,False,333_7RRRR
2026-08-09,VTSF,0.0,48552,0.5,True,iR=3
2026-08-09,VTSG,0.4,48563,0.9,True,333_7RRRR
2026-08-09,VTSM,15.4,48550,11.3,True,333_7RRRR
2026-08-09,VTSP,0.0,48565,1.3,True,iR=3
2026-08-09,VTSR,5.4,48532,20.2,False,333_7RRRR
2026-08-09,VTSS,0.0,48569,0.6,True,iR=3
2026-08-09,VTST,7.8,48567,0.8,True,333_7RRRR
2026-08-09,VTSY,0.0,48581,82.2,False,iR=3
2026-08-09,VTUD,0.2,48354,2.5,True,333_7RRRR
2026-08-09,VTUI,17.0,48356,4.9,True,333_7RRRR
2026-08-09,VTUK,0.0,48381,0.9,True,iR=3
2026-08-09,VTUL,0.0,48353,1.8,True,iR=3
2026-08-09,VTUO,0.2,48437,0.7,True,333_7RRRR
2026-08-09,VTUQ,0.4,48431,24.5,False,333_7RRRR
2026-08-09,VTUU,3.6,48407,0.9,True,333_7RRRR
2026-08-09,VTUV,0.2,48405,13.8,True,333_7RRRR
2026-08-09,VTUW,222.0,48357,15.1,False,333_7RRRR
2026-08-10,VTBD,7.6,48456,0.7,True,333_7RRRR
2026-08-10,VTBO,0.6,48481,30.8,False,333_7RRRR
2026-08-10,VTBS,33.0,48429,2.2,True,333_7RRRR
2026-08-10,VTCC,0.8,48327,0.7,True,333_7RRRR
2026-08-10,VTCH,34.7,48300,0.2,True,333_7RRRR
2026-08-10,VTCL,0.7,48328,0.9,True,333_7RRRR
2026-08-10,VTCN,1.4,48331,5.0,True,333_7RRRR
2026-08-10,VTCP,9.6,48330,0.5,True,333_7RRRR
2026-08-10,VTCT,1.2,48303,1.1,True,333_7RRRR
2026-08-10,VTPB,3.2,48374,12.1,True,333_7RRRR
2026-08-10,VTPH,0.8,48475,6.5,True,333_7RRRR
2026-08-10,VTPM,10.1,48375,0.5,True,333_7RRRR
2026-08-10,VTPO,0.0,48373,9.7,True,iR=3
2026-08-10,VTPP,0.0,48378,1.5,True,iR=3
2026-08-10,VTSB,0.0,48551,1.8,True,iR=3
2026-08-10,VTSC,2.0,48583,13.8,True,333_7RRRR
2026-08-10,VTSE,15.9,48517,30.3,False,333_7RRRR
2026-08-10,VTSF,0.0,48552,0.5,True,iR=3
2026-08-10,VTSG,0.0,48563,0.9,True,iR=3
2026-08-10,VTSM,0.0,48550,11.3,True,iR=3
2026-08-10,VTSP,0.0,48565,1.3,True,iR=3
2026-08-10,VTSR,9.8,48532,20.2,False,333_7RRRR
2026-08-10,VTSS,6.8,48569,0.6,True,333_7RRRR
2026-08-10,VTST,0.0,48567,0.8,True,iR=3
2026-08-10,VTSY,0.0,48581,82.2,False,iR=3
2026-08-10,VTUD,4.6,48354,2.5,True,333_7RRRR
2026-08-10,VTUI,0.2,48356,4.9,True,333_7RRRR
2026-08-10,VTUK,3.0,48381,0.9,True,333_7RRRR
2026-08-10,VTUL,0.0,48353,1.8,True,iR=3
2026-08-10,VTUO,26.0,48437,0.7,True,333_7RRRR
2026-08-10,VTUQ,6.4,48431,24.5,False,333_7RRRR
2026-08-10,VTUU,8.8,48407,0.9,True,333_7RRRR
2026-08-10,VTUV,0.0,48405,13.8,True,iR=3
2026-08-10,VTUW,11.6,48357,15.1,False,333_7RRRR
2026-08-11,VTBD,0.0,48456,0.7,True,iR=3
2026-08-11,VTBO,0.2,48481,30.8,False,333_7RRRR
2026-08-11,VTBS,0.0,48429,2.2,True,iR=3
2026-08-11,VTCC,0.4,48327,0.7,True,333_7RRRR
2026-08-11,VTCH,17.8,48300,0.2,True,333_7RRRR
2026-08-11,VTCL,0.0,48328,0.9,True,333_7RRRR
2026-08-11,VTCN,5.2,48331,5.0,True,333_7RRRR
2026-08-11,VTCP,7.1,48330,0.5,True,333_7RRRR
2026-08-11,VTCT,48.4,48303,1.1,True,333_7RRRR
2026-08-11,VTPB,10.3,48374,12.1,True,333_7RRRR
2026-08-11,VTPH,0.0,48475,6.5,True,333_7RRRR
2026-08-11,VTPM,11.1,48375,0.5,True,333_7RRRR
2026-08-11,VTPO,0.0,48373,9.7,True,iR=3
2026-08-11,VTPP,0.2,48378,1.5,True,333_7RRRR
2026-08-11,VTSB,0.0,48551,1.8,True,iR=3
2026-08-11,VTSC,0.0,48583,13.8,True,iR=3
2026-08-11,VTSE,0.6,48517,30.3,False,333_7RRRR
2026-08-11,VTSF,0.0,48552,0.5,True,iR=3
2026-08-11,VTSG,0.0,48563,0.9,True,iR=3
2026-08-11,VTSM,0.0,48550,11.3,True,iR=3
2026-08-11,VTSP,1.4,48565,1.3,True,333_7RRRR
2026-08-11,VTSR,7.4,48532,20.2,False,333_7RRRR
2026-08-11,VTSS,0.0,48569,0.6,True,iR=3
2026-08-11,VTST,0.0,48567,0.8,True,iR=3
2026-08-11,VTSY,0.0,48581,82.2,False,iR=3
2026-08-11,VTUD,14.8,48354,2.5,True,333_7RRRR
2026-08-11,VTUI,0.0,48356,4.9,True,333_7RRRR
2026-08-11,VTUK,0.0,48381,0.9,True,iR=3
2026-08-11,VTUL,1.6,48353,1.8,True,333_7RRRR
2026-08-11,VTUO,0.0,48437,0.7,True,iR=3
2026-08-11,VTUQ,0.0,48431,24.5,False,333_7RRRR
2026-08-11,VTUU,0.0,48407,0.9,True,iR=3
2026-08-11,VTUV,0.0,48405,13.8,True,iR=3
2026-08-11,VTUW,21.9,48357,15.1,False,333_7RRRR
2026-08-12,VTBD,10.2,48456,0.7,True,333_7RRRR
2026-08-12,VTBO,0.2,48481,30.8,False,333_7RRRR
2026-08-12,VTBS,4.6,48429,2.2,True,333_7RRRR
2026-08-12,VTCC,0.0,48327,0.7,True,iR=3
2026-08-12,VTCH,0.3,48300,0.2,True,333_7RRRR
2026-08-12,VTCL,0.6,48328,0.9,True,333_7RRRR
2026-08-12,VTCN,3.2,48331,5.0,True,333_7RRRR
2026-08-12,VTCP,1.8,48330,0.5,True,333_7RRRR
2026-08-12,VTCT,1.6,48303,1.1,True,333_7RRRR
2026-08-12,VTPB,0.0,48374,12.1,True,iR=3
2026-08-12,VTPH,0.8,48475,6.5,True,333_7RRRR
2026-08-12,VTPM,22.1,48375,0.5,True,333_7RRRR
2026-08-12,VTPO,0.0,48373,9.7,True,iR=3
2026-08-12,VTPP,0.0,48378,1.5,True,333_7RRRR
2026-08-12,VTSB,0.2,48551,1.8,True,333_7RRRR
2026-08-12,VTSC,0.0,48583,13.8,True,iR=3
2026-08-12,VTSE,0.0,48517,30.3,False,iR=3
2026-08-12,VTSF,27.0,48552,0.5,True,333_7RRRR
2026-08-12,VTSG,9.4,48563,0.9,True,333_7RRRR
2026-08-12,VTSM,0.0,48550,11.3,True,iR=3
2026-08-12,VTSP,7.8,48565,1.3,True,333_7RRRR
2026-08-12,VTSR,0.2,48532,20.2,False,333_7RRRR
2026-08-12,VTSS,3.6,48569,0.6,True,333_7RRRR
2026-08-12,VTST,19.4,48567,0.8,True,333_7RRRR
2026-08-12,VTSY,9.5,48581,82.2,False,333_7RRRR
2026-08-12,VTUD,0.2,48354,2.5,True,333_7RRRR
2026-08-12,VTUI,0.0,48356,4.9,True,iR=3
2026-08-12,VTUK,0.0,48381,0.9,True,iR=3
2026-08-12,VTUL,0.0,48353,1.8,True,iR=3
2026-08-12,VTUO,0.0,48437,0.7,True,iR=3
2026-08-12,VTUQ,0.0,48431,24.5,False,iR=3
2026-08-12,VTUU,0.0,48407,0.9,True,iR=3
2026-08-12,VTUV,0.0,48405,13.8,True,iR=3
2026-08-12,VTUW,0.0,48357,15.1,False,iR=3
2026-08-13,VTBD,0.0,48456,0.7,True,iR=3
2026-08-13,VTBO,0.2,48481,30.8,False,333_7RRRR
2026-08-13,VTBS,0.4,48429,2.2,True,333_7RRRR
2026-08-13,VTCC,8.4,48327,0.7,True,333_7RRRR
2026-08-13,VTCH,28.2,48300,0.2,True,333_7RRRR
2026-08-13,VTCL,0.4,48328,0.9,True,333_7RRRR
2026-08-13,VTCN,0.0,48331,5.0,True,iR=3
2026-08-13,VTCP,0.0,48330,0.5,True,iR=3
2026-08-13,VTCT,0.2,48303,1.1,True,333_7RRRR
2026-08-13,VTPB,0.0,48374,12.1,True,iR=3
2026-08-13,VTPH,14.3,48475,6.5,True,333_7RRRR
2026-08-13,VTPM,18.4,48375,0.5,True,333_7RRRR
2026-08-13,VTPO,0.0,48373,9.7,True,iR=3
2026-08-13,VTPP,0.0,48378,1.5,True,333_7RRRR
2026-08-13,VTSB,0.2,48551,1.8,True,333_7RRRR
2026-08-13,VTSC,0.0,48583,13.8,True,iR=3
2026-08-13,VTSE,0.7,48517,30.3,False,333_7RRRR
2026-08-13,VTSF,3.4,48552,0.5,True,333_7RRRR
2026-08-13,VTSG,7.0,48563,0.9,True,333_7RRRR
2026-08-13,VTSM,0.0,48550,11.3,True,iR=3
2026-08-13,VTSP,10.6,48565,1.3,True,333_7RRRR
2026-08-13,VTSR,0.6,48532,20.2,False,333_7RRRR
2026-08-13,VTSS,3.8,48569,0.6,True,333_7RRRR
2026-08-13,VTST,4.2,48567,0.8,True,333_7RRRR
2026-08-13,VTSY,0.8,48581,82.2,False,333_7RRRR
2026-08-13,VTUD,0.0,48354,2.5,True,iR=3
2026-08-13,VTUI,0.0,48356,4.9,True,iR=3
2026-08-13,VTUK,0.0,48381,0.9,True,iR=3
2026-08-13,VTUL,3.0,48353,1.8,True,333_7RRRR
2026-08-13,VTUO,0.0,48437,0.7,True,iR=3
2026-08-13,VTUQ,0.0,48431,24.5,False,iR=3
2026-08-13,VTUU,0.0,48407,0.9,True,iR=3
2026-08-13,VTUV,0.0,48405,13.8,True,iR=3
2026-08-13,VTUW,17.3,48357,15.1,False,333_7RRRR
2026-08-14,VTBD,0.6,48456,0.7,True,333_7RRRR
2026-08-14,VTBO,0.0,48481,30.8,False,iR=3
2026-08-14,VTBS,210.0,48429,2.2,True,6RRR4
2026-08-14,VTCC,0.0,48327,0.7,True,iR=3
2026-08-14,VTCH,0.0,48300,0.2,True,iR=3
2026-08-14,VTCL,0.0,48328,0.9,True,iR=3
2026-08-14,VTCN,3.8,48331,5.0,True,333_7RRRR
2026-08-14,VTCP,0.0,48330,0.5,True,iR=3
2026-08-14,VTCT,20.8,48303,1.1,True,333_7RRRR
2026-08-14,VTPB,16.6,48374,12.1,True,333_7RRRR
2026-08-14,VTPH,0.0,48475,6.5,True,iR=3
2026-08-14,VTPM,7.5,48375,0.5,True,333_7RRRR
2026-08-14,VTPO,8.4,48373,9.7,True,333_7RRRR
2026-08-14,VTPP,0.0,48378,1.5,True,iR=3
2026-08-14,VTSB,0.0,48551,1.8,True,iR=3
2026-08-14,VTSC,0.0,48583,13.8,True,iR=3
2026-08-14,VTSE,5.0,48517,30.3,False,333_7RRRR
2026-08-14,VTSF,0.0,48552,0.5,True,333_7RRRR
2026-08-14,VTSG,7.6,48563,0.9,True,333_7RRRR
2026-08-14,VTSM,0.0,48550,11.3,True,iR=3
2026-08-14,VTSP,1.0,48565,1.3,True,333_7RRRR
2026-08-14,VTSR,0.8,48532,20.2,False,333_7RRRR
2026-08-14,VTSS,180.0,48569,0.6,True,6RRR4
2026-08-14,VTST,2.2,48567,0.8,True,333_7RRRR
2026-08-14,VTSY,0.0,48581,82.2,False,iR=3
2026-08-14,VTUD,0.0,48354,2.5,True,iR=3
2026-08-14,VTUI,6.4,48356,4.9,True,333_7RRRR
2026-08-14,VTUK,0.0,48381,0.9,True,333_7RRRR
2026-08-14,VTUL,11.2,48353,1.8,True,333_7RRRR
2026-08-14,VTUO,0.0,48437,0.7,True,iR=3
2026-08-14,VTUQ,0.0,48431,24.5,False,333_7RRRR
2026-08-14,VTUU,0.0,48407,0.9,True,iR=3
2026-08-14,VTUV,0.0,48405,13.8,True,iR=3
2026-08-14,VTUW,77.5,48357,15.1,False,333_7RRRR
2026-08-15,VTBD,31.2,48456,0.7,True,333_7RRRR
2026-08-15,VTBO,0.0,48481,30.8,False,iR=3
2026-08-15,VTBS,0.8,48429,2.2,True,333_7RRRR
2026-08-15,VTCC,0.2,48327,0.7,True,333_7RRRR
2026-08-15,VTCH,,48300,0.2,True,
2026-08-15,VTCL,0.0,48328,0.9,True,iR=3
2026-08-15,VTCN,0.0,48331,5.0,True,333_7RRRR
2026-08-15,VTCP,0.4,48330,0.5,True,333_7RRRR
2026-08-15,VTCT,16.4,48303,1.1,True,333_7RRRR
2026-08-15,VTPB,4.7,48374,12.1,True,333_7RRRR
2026-08-15,VTPH,0.0,48475,6.5,True,iR=3
2026-08-15,VTPM,17.1,48375,0.5,True,333_7RRRR
2026-08-15,VTPO,0.2,48373,9.7,True,333_7RRRR
2026-08-15,VTPP,5.4,48378,1.5,True,333_7RRRR
2026-08-15,VTSB,1.4,48551,1.8,True,333_7RRRR
2026-08-15,VTSC,0.0,48583,13.8,True,iR=3
2026-08-15,VTSE,2.1,48517,30.3,False,333_7RRRR
2026-08-15,VTSF,0.0,48552,0.5,True,iR=3
2026-08-15,VTSG,7.2,48563,0.9,True,333_7RRRR
2026-08-15,VTSM,0.0,48550,11.3,True,iR=3
2026-08-15,VTSP,4.4,48565,1.3,True,333_7RRRR
2026-08-15,VTSR,37.0,48532,20.2,False,333_7RRRR
2026-08-15,VTSS,0.0,48569,0.6,True,iR=3
2026-08-15,VTST,0.0,48567,0.8,True,iR=3
2026-08-15,VTSY,0.0,48581,82.2,False,iR=3
2026-08-15,VTUD,0.0,48354,2.5,True,iR=3
2026-08-15,VTUI,0.4,48356,4.9,True,333_7RRRR
2026-08-15,VTUK,0.0,48381,0.9,True,iR=3
2026-08-15,VTUL,0.0,48353,1.8,True,iR=3
2026-08-15,VTUO,0.0,48437,0.7,True,iR=3
2026-08-15,VTUQ,0.0,48431,24.5,False,iR=3
2026-08-15,VTUU,0.0,48407,0.9,True,iR=3
2026-08-15,VTUV,0.0,48405,13.8,True,iR=3
2026-08-15,VTUW,32.3,48357,15.1,False,333_7RRRR
2026-08-16,VTBD,0.0,48456,0.7,True,333_7RRRR
2026-08-16,VTBO,0.0,48481,30.8,False,iR=3
2026-08-16,VTBS,0.0,48429,2.2,True,iR=3
2026-08-16,VTCC,3.8,48327,0.7,True,333_7RRRR
2026-08-16,VTCH,7.4,48300,0.2,True,333_7RRRR
2026-08-16,VTCL,0.0,48328,0.9,True,iR=3
2026-08-16,VTCN,1.4,48331,5.0,True,333_7RRRR
2026-08-16,VTCP,3.0,48330,0.5,True,333_7RRRR
2026-08-16,VTCT,0.0,48303,1.1,True,iR=3
2026-08-16,VTPB,0.2,48374,12.1,True,333_7RRRR
2026-08-16,VTPH,0.0,48475,6.5,True,iR=3
2026-08-16,VTPM,17.4,48375,0.5,True,333_7RRRR
2026-08-16,VTPO,0.0,48373,9.7,True,iR=3
2026-08-16,VTPP,0.0,48378,1.5,True,333_7RRRR
2026-08-16,VTSB,1.2,48551,1.8,True,333_7RRRR
2026-08-16,VTSC,0.0,48583,13.8,True,iR=3
2026-08-16,VTSE,5.2,48517,30.3,False,333_7RRRR
2026-08-16,VTSF,0.0,48552,0.5,True,iR=3
2026-08-16,VTSG,6.6,48563,0.9,True,333_7RRRR
2026-08-16,VTSM,0.0,48550,11.3,True,333_7RRRR
2026-08-16,VTSP,0.2,48565,1.3,True,333_7RRRR
2026-08-16,VTSR,5.4,48532,20.2,False,333_7RRRR
2026-08-16,VTSS,19.2,48569,0.6,True,333_7RRRR
2026-08-16,VTST,24.6,48567,0.8,True,333_7RRRR
2026-08-16,VTSY,0.0,48581,82.2,False,iR=3
2026-08-16,VTUD,0.2,48354,2.5,True,333_7RRRR
2026-08-16,VTUI,2.4,48356,4.9,True,333_7RRRR
2026-08-16,VTUK,0.0,48381,0.9,True,iR=3
2026-08-16,VTUL,4.2,48353,1.8,True,333_7RRRR
2026-08-16,VTUO,0.0,48437,0.7,True,iR=3
2026-08-16,VTUQ,0.0,48431,24.5,False,iR=3
2026-08-16,VTUU,0.0,48407,0.9,True,iR=3
2026-08-16,VTUV,0.0,48405,13.8,True,iR=3
2026-08-16,VTUW,5.3,48357,15.1,False,333_7RRRR
2026-08-17,VTBD,25.2,48456,0.7,True,333_7RRRR
2026-08-17,VTBO,0.0,48481,30.8,False,iR=3
2026-08-17,VTBS,2.4,48429,2.2,True,333_7RRRR
2026-08-17,VTCC,0.6,48327,0.7,True,333_7RRRR
2026-08-17,VTCH,1.4,48300,0.2,True,333_7RRRR
2026-08-17,VTCL,0.1,48328,0.9,True,333_7RRRR
2026-08-17,VTCN,1.8,48331,5.0,True,333_7RRRR
2026-08-17,VTCP,0.2,48330,0.5,True,333_7RRRR
2026-08-17,VTCT,0.0,48303,1.1,True,iR=3
2026-08-17,VTPB,3.2,48374,12.1,True,333_7RRRR
2026-08-17,VTPH,2.2,48475,6.5,True,333_7RRRR
2026-08-17,VTPM,17.5,48375,0.5,True,333_7RRRR
2026-08-17,VTPO,3.8,48373,9.7,True,333_7RRRR
2026-08-17,VTPP,0.0,48378,1.5,True,iR=3
2026-08-17,VTSB,7.4,48551,1.8,True,333_7RRRR
2026-08-17,VTSC,0.0,48583,13.8,True,iR=3
2026-08-17,VTSE,4.8,48517,30.3,False,333_7RRRR
2026-08-17,VTSF,0.0,48552,0.5,True,iR=3
2026-08-17,VTSG,0.0,48563,0.9,True,iR=3
2026-08-17,VTSM,1.4,48550,11.3,True,333_7RRRR
2026-08-17,VTSP,0.0,48565,1.3,True,iR=3
2026-08-17,VTSR,42.4,48532,20.2,False,333_7RRRR
2026-08-17,VTSS,0.0,48569,0.6,True,iR=3
2026-08-17,VTST,0.2,48567,0.8,True,333_7RRRR
2026-08-17,VTSY,0.0,48581,82.2,False,iR=3
2026-08-17,VTUD,0.0,48354,2.5,True,iR=3
2026-08-17,VTUI,0.0,48356,4.9,True,iR=3
2026-08-17,VTUK,0.0,48381,0.9,True,iR=3
2026-08-17,VTUL,0.0,48353,1.8,True,iR=3
2026-08-17,VTUO,0.0,48437,0.7,True,iR=3
2026-08-17,VTUQ,0.0,48431,24.5,False,iR=3
2026-08-17,VTUU,0.0,48407,0.9,True,iR=3
2026-08-17,VTUV,0.0,48405,13.8,True,iR=3
2026-08-17,VTUW,1.8,48357,15.1,False,333_7RRRR
2026-08-18,VTBD,3.0,48456,0.7,True,333_7RRRR
2026-08-18,VTBO,0.2,48481,30.8,False,333_7RRRR
2026-08-18,VTBS,8.8,48429,2.2,True,333_7RRRR
2026-08-18,VTCC,0.0,48327,0.7,True,iR=3
2026-08-18,VTCH,0.0,48300,0.2,True,333_7RRRR
2026-08-18,VTCL,2.5,48328,0.9,True,333_7RRRR
2026-08-18,VTCN,25.0,48331,5.0,True,333_7RRRR
2026-08-18,VTCP,8.2,48330,0.5,True,333_7RRRR
2026-08-18,VTCT,0.0,48303,1.1,True,iR=3
2026-08-18,VTPB,0.6,48374,12.1,True,333_7RRRR
2026-08-18,VTPH,0.0,48475,6.5,True,iR=3
2026-08-18,VTPM,6.5,48375,0.5,True,333_7RRRR
2026-08-18,VTPO,0.0,48373,9.7,True,333_7RRRR
2026-08-18,VTPP,6.6,48378,1.5,True,333_7RRRR
2026-08-18,VTSB,2.2,48551,1.8,True,333_7RRRR
2026-08-18,VTSC,0.0,48583,13.8,True,iR=3
2026-08-18,VTSE,3.2,48517,30.3,False,333_7RRRR
2026-08-18,VTSF,2.9,48552,0.5,True,333_7RRRR
2026-08-18,VTSG,11.6,48563,0.9,True,333_7RRRR
2026-08-18,VTSM,0.0,48550,11.3,True,333_7RRRR
2026-08-18,VTSP,0.0,48565,1.3,True,iR=3
2026-08-18,VTSR,8.4,48532,20.2,False,333_7RRRR
2026-08-18,VTSS,2.0,48569,0.6,True,333_7RRRR
2026-08-18,VTST,1.8,48567,0.8,True,333_7RRRR
2026-08-18,VTSY,0.0,48581,82.2,False,iR=3
2026-08-18,VTUD,19.5,48354,2.5,True,333_7RRRR
2026-08-18,VTUI,2.4,48356,4.9,True,333_7RRRR
2026-08-18,VTUK,2.8,48381,0.9,True,333_7RRRR
2026-08-18,VTUL,7.8,48353,1.8,True,333_7RRRR
2026-08-18,VTUO,9.6,48437,0.7,True,333_7RRRR
2026-08-18,VTUQ,2.8,48431,24.5,False,333_7RRRR
2026-08-18,VTUU,7.3,48407,0.9,True,333_7RRRR
2026-08-18,VTUV,10.8,48405,13.8,True,333_7RRRR
2026-08-18,VTUW,30.4,48357,15.1,False,333_7RRRR
2026-08-19,VTBD,0.0,48456,0.7,True,iR=3
2026-08-19,VTBO,6.3,48481,30.8,False,333_7RRRR
2026-08-19,VTBS,2.4,48429,2.2,True,333_7RRRR
2026-08-19,VTCC,8.2,48327,0.7,True,333_7RRRR
2026-08-19,VTCH,12.7,48300,0.2,True,333_7RRRR
2026-08-19,VTCL,11.4,48328,0.9,True,333_7RRRR
2026-08-19,VTCN,33.0,48331,5.0,True,333_7RRRR
2026-08-19,VTCP,27.5,48330,0.5,True,333_7RRRR
2026-08-19,VTCT,23.2,48303,1.1,True,333_7RRRR
2026-08-19,VTPB,13.1,48374,12.1,True,333_7RRRR
2026-08-19,VTPH,3.2,48475,6.5,True,333_7RRRR
2026-08-19,VTPM,24.0,48375,0.5,True,333_7RRRR
2026-08-19,VTPO,49.0,48373,9.7,True,333_7RRRR
2026-08-19,VTPP,39.2,48378,1.5,True,333_7RRRR
2026-08-19,VTSB,0.0,48551,1.8,True,iR=3
2026-08-19,VTSC,0.0,48583,13.8,True,iR=3
2026-08-19,VTSE,15.3,48517,30.3,False,333_7RRRR
2026-08-19,VTSF,0.0,48552,0.5,True,iR=3
2026-08-19,VTSG,0.0,48563,0.9,True,iR=3
2026-08-19,VTSM,0.0,48550,11.3,True,iR=3
2026-08-19,VTSP,8.6,48565,1.3,True,333_7RRRR
2026-08-19,VTSR,7.0,48532,20.2,False,333_7RRRR
2026-08-19,VTSS,0.0,48569,0.6,True,iR=3
2026-08-19,VTST,0.0,48567,0.8,True,iR=3
2026-08-19,VTSY,0.0,48581,82.2,False,iR=3
2026-08-19,VTUD,100.6,48354,2.5,True,333_7RRRR
2026-08-19,VTUI,14.4,48356,4.9,True,333_7RRRR
2026-08-19,VTUK,15.8,48381,0.9,True,333_7RRRR
2026-08-19,VTUL,23.8,48353,1.8,True,333_7RRRR
2026-08-19,VTUO,34.6,48437,0.7,True,333_7RRRR
2026-08-19,VTUQ,3.6,48431,24.5,False,333_7RRRR
2026-08-19,VTUU,66.2,48407,0.9,True,333_7RRRR
2026-08-19,VTUV,28.8,48405,13.8,True,333_7RRRR
2026-08-19,VTUW,101.2,48357,15.1,False,333_7RRRR
2026-08-20,VTBD,0.0,48456,0.7,True,333_7RRRR
2026-08-20,VTBO,0.0,48481,30.8,False,iR=3
2026-08-20,VTBS,0.0,48429,2.2,True,333_7RRRR
2026-08-20,VTCC,18.2,48327,0.7,True,333_7RRRR
2026-08-20,VTCH,34.7,48300,0.2,True,333_7RRRR
2026-08-20,VTCL,9.0,48328,0.9,True,333_7RRRR
2026-08-20,VTCN,0.0,48331,5.0,True,iR=3
2026-08-20,VTCP,6.7,48330,0.5,True,333_7RRRR
2026-08-20,VTCT,16.9,48303,1.1,True,333_7RRRR
2026-08-20,VTPB,35.8,48374,12.1,True,333_7RRRR
2026-08-20,VTPH,0.6,48475,6.5,True,333_7RRRR
2026-08-20,VTPM,71.0,48375,0.5,True,333_7RRRR
2026-08-20,VTPO,188.8,48373,9.7,True,333_7RRRR
2026-08-20,VTPP,51.6,48378,1.5,True,333_7RRRR
2026-08-20,VTSB,0.0,48551,1.8,True,iR=3
2026-08-20,VTSC,0.0,48583,13.8,True,iR=3
2026-08-20,VTSE,16.6,48517,30.3,False,333_7RRRR
2026-08-20,VTSF,0.0,48552,0.5,True,iR=3
2026-08-20,VTSG,4.2,48563,0.9,True,333_7RRRR
2026-08-20,VTSM,2.2,48550,11.3,True,333_7RRRR
2026-08-20,VTSP,6.4,48565,1.3,True,333_7RRRR
2026-08-20,VTSR,70.4,48532,20.2,False,333_7RRRR
2026-08-20,VTSS,0.0,48569,0.6,True,iR=3
2026-08-20,VTST,0.0,48567,0.8,True,iR=3
2026-08-20,VTSY,0.0,48581,82.2,False,iR=3
2026-08-20,VTUD,1.8,48354,2.5,True,333_7RRRR
2026-08-20,VTUI,83.0,48356,4.9,True,333_7RRRR
2026-08-20,VTUK,26.6,48381,0.9,True,333_7RRRR
2026-08-20,VTUL,4.0,48353,1.8,True,333_7RRRR
2026-08-20,VTUO,14.8,48437,0.7,True,333_7RRRR
2026-08-20,VTUQ,8.0,48431,24.5,False,333_7RRRR
2026-08-20,VTUU,10.4,48407,0.9,True,333_7RRRR
2026-08-20,VTUV,22.4,48405,13.8,True,333_7RRRR
2026-08-20,VTUW,83.6,48357,15.1,False,333_7RRRR
2026-08-21,VTBD,0.0,48456,0.7,True,333_7RRRR
2026-08-21,VTBO,4.6,48481,30.8,False,333_7RRRR
2026-08-21,VTBS,0.0,48429,2.2,True,333_7RRRR
2026-08-21,VTCC,0.4,48327,0.7,True,333_7RRRR
2026-08-21,VTCH,2.4,48300,0.2,True,333_7RRRR
2026-08-21,VTCL,0.0,48328,0.9,True,iR=3
2026-08-21,VTCN,0.0,48331,5.0,True,iR=3
2026-08-21,VTCP,0.8,48330,0.5,True,333_7RRRR
2026-08-21,VTCT,0.0,48303,1.1,True,iR=3
2026-08-21,VTPB,0.0,48374,12.1,True,iR=3
2026-08-21,VTPH,1.4,48475,6.5,True,333_7RRRR
2026-08-21,VTPM,5.1,48375,0.5,True,333_7RRRR
2026-08-21,VTPO,0.6,48373,9.7,True,333_7RRRR
2026-08-21,VTPP,0.2,48378,1.5,True,333_7RRRR
2026-08-21,VTSB,0.2,48551,1.8,True,333_7RRRR
2026-08-21,VTSC,0.0,48583,13.8,True,iR=3
2026-08-21,VTSE,3.9,48517,30.3,False,333_7RRRR
2026-08-21,VTSF,0.0,48552,0.5,True,iR=3
2026-08-21,VTSG,0.2,48563,0.9,True,333_7RRRR
2026-08-21,VTSM,3.8,48550,11.3,True,333_7RRRR
2026-08-21,VTSP,0.0,48565,1.3,True,iR=3
2026-08-21,VTSR,20.0,48532,20.2,False,333_7RRRR
2026-08-21,VTSS,0.0,48569,0.6,True,iR=3
2026-08-21,VTST,0.0,48567,0.8,True,iR=3
2026-08-21,VTSY,7.1,48581,82.2,False,333_7RRRR
2026-08-21,VTUD,0.0,48354,2.5,True,iR=3
2026-08-21,VTUI,0.4,48356,4.9,True,333_7RRRR
2026-08-21,VTUK,13.4,48381,0.9,True,333_7RRRR
2026-08-21,VTUL,0.0,48353,1.8,True,iR=3
2026-08-21,VTUO,0.0,48437,0.7,True,iR=3
2026-08-21,VTUQ,0.6,48431,24.5,False,333_7RRRR
2026-08-21,VTUU,1.2,48407,0.9,True,333_7RRRR
2026-08-21,VTUV,0.6,48405,13.8,True,333_7RRRR
2026-08-21,VTUW,3.7,48357,15.1,False,333_7RRRR
2026-08-22,VTBD,8.6,48456,0.7,True,333_7RRRR
2026-08-22,VTBO,0.2,48481,30.8,False,333_7RRRR
2026-08-22,VTBS,8.8,48429,2.2,True,333_7RRRR
2026-08-22,VTCC,0.0,48327,0.7,True,iR=3
2026-08-22,VTCH,0.0,48300,0.2,True,333_7RRRR
2026-08-22,VTCL,0.0,48328,0.9,True,iR=3
2026-08-22,VTCN,0.2,48331,5.0,True,333_7RRRR
2026-08-22,VTCP,0.0,48330,0.5,True,iR=3
2026-08-22,VTCT,0.0,48303,1.1,True,iR=3
2026-08-22,VTPB,0.0,48374,12.1,True,iR=3
2026-08-22,VTPH,0.4,48475,6.5,True,333_7RRRR
2026-08-22,VTPM,27.5,48375,0.5,True,333_7RRRR
2026-08-22,VTPO,0.0,48373,9.7,True,iR=3
2026-08-22,VTPP,0.0,48378,1.5,True,iR=3
2026-08-22,VTSB,0.0,48551,1.8,True,iR=3
2026-08-22,VTSC,1.6,48583,13.8,True,333_7RRRR
2026-08-22,VTSE,12.1,48517,30.3,False,333_7RRRR
2026-08-22,VTSF,0.0,48552,0.5,True,iR=3
2026-08-22,VTSG,0.0,48563,0.9,True,iR=3
2026-08-22,VTSM,0.0,48550,11.3,True,333_7RRRR
2026-08-22,VTSP,0.0,48565,1.3,True,iR=3
2026-08-22,VTSR,0.0,48532,20.2,False,iR=3
2026-08-22,VTSS,0.0,48569,0.6,True,iR=3
2026-08-22,VTST,0.0,48567,0.8,True,iR=3
2026-08-22,VTSY,0.7,48581,82.2,False,333_7RRRR
2026-08-22,VTUD,0.0,48354,2.5,True,iR=3
2026-08-22,VTUI,0.2,48356,4.9,True,333_7RRRR
2026-08-22,VTUK,0.0,48381,0.9,True,iR=3
2026-08-22,VTUL,0.0,48353,1.8,True,iR=3
2026-08-22,VTUO,0.0,48437,0.7,True,iR=3
2026-08-22,VTUQ,2.8,48431,24.5,False,333_7RRRR
2026-08-22,VTUU,0.8,48407,0.9,True,333_7RRRR
2026-08-22,VTUV,0.0,48405,13.8,True,iR=3
2026-08-22,VTUW,2.3,48357,15.1,False,333_7RRRR
2026-08-23,VTBD,0.0,48456,0.7,True,333_7RRRR
2026-08-23,VTBO,0.4,48481,30.8,False,333_7RRRR
2026-08-23,VTBS,0.2,48429,2.2,True,333_7RRRR
2026-08-23,VTCC,0.0,48327,0.7,True,iR=3
2026-08-23,VTCH,0.6,48300,0.2,True,333_7RRRR
2026-08-23,VTCL,0.0,48328,0.9,True,iR=3
2026-08-23,VTCN,0.0,48331,5.0,True,iR=3
2026-08-23,VTCP,0.0,48330,0.5,True,iR=3
2026-08-23,VTCT,11.6,48303,1.1,True,333_7RRRR
2026-08-23,VTPB,0.0,48374,12.1,True,iR=3
2026-08-23,VTPH,1.0,48475,6.5,True,333_7RRRR
2026-08-23,VTPM,93.2,48375,0.5,True,333_7RRRR
2026-08-23,VTPO,0.4,48373,9.7,True,333_7RRRR
2026-08-23,VTPP,0.4,48378,1.5,True,333_7RRRR
2026-08-23,VTSB,0.0,48551,1.8,True,333_7RRRR
2026-08-23,VTSC,0.0,48583,13.8,True,iR=3
2026-08-23,VTSE,13.7,48517,30.3,False,333_7RRRR
2026-08-23,VTSF,0.0,48552,0.5,True,iR=3
2026-08-23,VTSG,0.0,48563,0.9,True,iR=3
2026-08-23,VTSM,0.4,48550,11.3,True,333_7RRRR
2026-08-23,VTSP,0.0,48565,1.3,True,iR=3
2026-08-23,VTSR,29.6,48532,20.2,False,333_7RRRR
2026-08-23,VTSS,0.2,48569,0.6,True,333_7RRRR
2026-08-23,VTST,0.0,48567,0.8,True,iR=3
2026-08-23,VTSY,0.0,48581,82.2,False,iR=3
2026-08-23,VTUD,3.4,48354,2.5,True,333_7RRRR
2026-08-23,VTUI,0.0,48356,4.9,True,iR=3
2026-08-23,VTUK,0.0,48381,0.9,True,iR=3
2026-08-23,VTUL,0.0,48353,1.8,True,iR=3
2026-08-23,VTUO,0.0,48437,0.7,True,iR=3
2026-08-23,VTUQ,0.8,48431,24.5,False,333_7RRRR
2026-08-23,VTUU,0.0,48407,0.9,True,iR=3
2026-08-23,VTUV,0.0,48405,13.8,True,iR=3
2026-08-23,VTUW,0.0,48357,15.1,False,333_7RRRR
2026-08-24,VTBD,0.0,48456,0.7,True,iR=3
2026-08-24,VTBO,0.0,48481,30.8,False,iR=3
2026-08-24,VTBS,0.0,48429,2.2,True,iR=3
2026-08-24,VTCC,0.0,48327,0.7,True,iR=3
2026-08-24,VTCH,6.5,48300,0.2,True,333_7RRRR
2026-08-24,VTCL,0.0,48328,0.9,True,iR=3
2026-08-24,VTCN,0.0,48331,5.0,True,iR=3
2026-08-24,VTCP,0.0,48330,0.5,True,iR=3
2026-08-24,VTCT,0.0,48303,1.1,True,iR=3
2026-08-24,VTPB,0.0,48374,12.1,True,iR=3
2026-08-24,VTPH,0.0,48475,6.5,True,iR=3
2026-08-24,VTPM,28.7,48375,0.5,True,333_7RRRR
2026-08-24,VTPO,0.0,48373,9.7,True,iR=3
2026-08-24,VTPP,0.4,48378,1.5,True,333_7RRRR
2026-08-24,VTSB,5.0,48551,1.8,True,333_7RRRR
2026-08-24,VTSC,0.0,48583,13.8,True,iR=3
2026-08-24,VTSE,11.1,48517,30.3,False,333_7RRRR
2026-08-24,VTSF,0.0,48552,0.5,True,iR=3
2026-08-24,VTSG,3.2,48563,0.9,True,333_7RRRR
2026-08-24,VTSM,16.6,48550,11.3,True,333_7RRRR
2026-08-24,VTSP,21.0,48565,1.3,True,333_7RRRR
2026-08-24,VTSR,59.0,48532,20.2,False,333_7RRRR
2026-08-24,VTSS,0.0,48569,0.6,True,iR=3
2026-08-24,VTST,0.0,48567,0.8,True,333_7RRRR
2026-08-24,VTSY,0.0,48581,82.2,False,iR=3
2026-08-24,VTUD,0.2,48354,2.5,True,333_7RRRR
2026-08-24,VTUI,2.0,48356,4.9,True,333_7RRRR
2026-08-24,VTUK,0.0,48381,0.9,True,iR=3
2026-08-24,VTUL,0.0,48353,1.8,True,iR=3
2026-08-24,VTUO,0.0,48437,0.7,True,iR=3
2026-08-24,VTUQ,0.0,48431,24.5,False,iR=3
2026-08-24,VTUU,0.0,48407,0.9,True,iR=3
2026-08-24,VTUV,0.0,48405,13.8,True,iR=3
2026-08-24,VTUW,6.9,48357,15.1,False,333_7RRRR
2026-08-25,VTBD,0.0,48456,0.7,True,333_7RRRR
2026-08-25,VTBO,0.4,48481,30.8,False,333_7RRRR
2026-08-25,VTBS,0.2,48429,2.2,True,333_7RRRR
2026-08-25,VTCC,0.0,48327,0.7,True,iR=3
2026-08-25,VTCH,7.7,48300,0.2,True,333_7RRRR
2026-08-25,VTCL,0.0,48328,0.9,True,iR=3
2026-08-25,VTCN,18.8,48331,5.0,True,333_7RRRR
2026-08-25,VTCP,0.0,48330,0.5,True,iR=3
2026-08-25,VTCT,0.0,48303,1.1,True,iR=3
2026-08-25,VTPB,0.0,48374,12.1,True,iR=3
2026-08-25,VTPH,3.2,48475,6.5,True,333_7RRRR
2026-08-25,VTPM,5.0,48375,0.5,True,333_7RRRR
2026-08-25,VTPO,0.8,48373,9.7,True,333_7RRRR
2026-08-25,VTPP,0.6,48378,1.5,True,333_7RRRR
2026-08-25,VTSB,0.0,48551,1.8,True,iR=3
2026-08-25,VTSC,,48583,13.8,True,
2026-08-25,VTSE,0.0,48517,30.3,False,iR=3
2026-08-25,VTSF,10.7,48552,0.5,True,333_7RRRR
2026-08-25,VTSG,2.6,48563,0.9,True,333_7RRRR
2026-08-25,VTSM,0.0,48550,11.3,True,iR=3
2026-08-25,VTSP,4.8,48565,1.3,True,333_7RRRR
2026-08-25,VTSR,0.4,48532,20.2,False,333_7RRRR
2026-08-25,VTSS,1.0,48569,0.6,True,333_7RRRR
2026-08-25,VTST,5.4,48567,0.8,True,333_7RRRR
2026-08-25,VTSY,1.9,48581,82.2,False,333_7RRRR
2026-08-25,VTUD,0.0,48354,2.5,True,iR=3
2026-08-25,VTUI,0.0,48356,4.9,True,iR=3
2026-08-25,VTUK,0.0,48381,0.9,True,iR=3
2026-08-25,VTUL,0.0,48353,1.8,True,iR=3
2026-08-25,VTUO,0.0,48437,0.7,True,iR=3
2026-08-25,VTUQ,0.0,48431,24.5,False,333_7RRRR
2026-08-25,VTUU,0.0,48407,0.9,True,333_7RRRR
2026-08-25,VTUV,0.0,48405,13.8,True,iR=3
2026-08-25,VTUW,3.2,48357,15.1,False,333_7RRRR
2026-08-26,VTBD,0.0,48456,0.7,True,333_7RRRR
2026-08-26,VTBO,0.4,48481,30.8,False,333_7RRRR
2026-08-26,VTBS,0.0,48429,2.2,True,iR=3
2026-08-26,VTCC,0.2,48327,0.7,True,333_7RRRR
2026-08-26,VTCH,0.7,48300,0.2,True,333_7RRRR
2026-08-26,VTCL,0.0,48328,0.9,True,iR=3
2026-08-26,VTCN,0.0,48331,5.0,True,iR=3
2026-08-26,VTCP,0.8,48330,0.5,True,333_7RRRR
2026-08-26,VTCT,0.0,48303,1.1,True,iR=3
2026-08-26,VTPB,0.6,48374,12.1,True,333_7RRRR
2026-08-26,VTPH,0.0,48475,6.5,True,iR=3
2026-08-26,VTPM,61.5,48375,0.5,True,333_7RRRR
2026-08-26,VTPO,0.0,48373,9.7,True,iR=3
2026-08-26,VTPP,20.2,48378,1.5,True,333_7RRRR
2026-08-26,VTSB,0.0,48551,1.8,True,iR=3
2026-08-26,VTSC,0.0,48583,13.8,True,iR=3
2026-08-26,VTSE,0.0,48517,30.3,False,iR=3
2026-08-26,VTSF,4.3,48552,0.5,True,333_7RRRR
2026-08-26,VTSG,4.8,48563,0.9,True,333_7RRRR
2026-08-26,VTSM,0.0,48550,11.3,True,iR=3
2026-08-26,VTSP,0.0,48565,1.3,True,iR=3
2026-08-26,VTSR,23.6,48532,20.2,False,333_7RRRR
2026-08-26,VTSS,0.0,48569,0.6,True,iR=3
2026-08-26,VTST,0.0,48567,0.8,True,iR=3
2026-08-26,VTSY,5.8,48581,82.2,False,333_7RRRR
2026-08-26,VTUD,0.0,48354,2.5,True,iR=3
2026-08-26,VTUI,0.0,48356,4.9,True,iR=3
2026-08-26,VTUK,0.0,48381,0.9,True,iR=3
2026-08-26,VTUL,0.0,48353,1.8,True,iR=3
2026-08-26,VTUO,0.0,48437,0.7,True,333_7RRRR
2026-08-26,VTUQ,,48431,24.5,False,
2026-08-26,VTUU,15.8,48407,0.9,True,333_7RRRR
2026-08-26,VTUV,0.0,48405,13.8,True,iR=3
2026-08-26,VTUW,2.5,48357,15.1,False,333_7RRRR
2026-08-27,VTBD,0.0,48456,0.7,True,333_7RRRR
2026-08-27,VTBO,0.0,48481,30.8,False,iR=3
2026-08-27,VTBS,0.0,48429,2.2,True,iR=3
2026-08-27,VTCC,0.0,48327,0.7,True,iR=3
2026-08-27,VTCH,0.0,48300,0.2,True,iR=3
2026-08-27,VTCL,0.0,48328,0.9,True,iR=3
2026-08-27,VTCN,0.0,48331,5.0,True,iR=3
2026-08-27,VTCP,0.3,48330,0.5,True,333_7RRRR
2026-08-27,VTCT,25.2,48303,1.1,True,333_7RRRR
2026-08-27,VTPB,0.0,48374,12.1,True,iR=3
2026-08-27,VTPH,5.0,48475,6.5,True,333_7RRRR
2026-08-27,VTPM,17.8,48375,0.5,True,333_7RRRR
2026-08-27,VTPO,0.0,48373,9.7,True,iR=3
2026-08-27,VTPP,3.2,48378,1.5,True,333_7RRRR
2026-08-27,VTSB,0.8,48551,1.8,True,333_7RRRR
2026-08-27,VTSC,0.6,48583,13.8,True,333_7RRRR
2026-08-27,VTSE,5.7,48517,30.3,False,333_7RRRR
2026-08-27,VTSF,0.4,48552,0.5,True,333_7RRRR
2026-08-27,VTSG,1.8,48563,0.9,True,333_7RRRR
2026-08-27,VTSM,260.0,48550,11.3,True,6RRR4
2026-08-27,VTSP,0.0,48565,1.3,True,iR=3
2026-08-27,VTSR,70.4,48532,20.2,False,333_7RRRR
2026-08-27,VTSS,0.0,48569,0.6,True,iR=3
2026-08-27,VTST,0.0,48567,0.8,True,iR=3
2026-08-27,VTSY,0.0,48581,82.2,False,iR=3
2026-08-27,VTUD,0.0,48354,2.5,True,333_7RRRR
2026-08-27,VTUI,0.0,48356,4.9,True,iR=3
2026-08-27,VTUK,0.0,48381,0.9,True,iR=3
2026-08-27,VTUL,0.0,48353,1.8,True,iR=3
2026-08-27,VTUO,0.0,48437,0.7,True,iR=3
2026-08-27,VTUQ,0.0,48431,24.5,False,iR=3
2026-08-27,VTUU,4.0,48407,0.9,True,333_7RRRR
2026-08-27,VTUV,1.0,48405,13.8,True,333_7RRRR
2026-08-27,VTUW,1.1,48357,15.1,False,333_7RRRR
2026-08-28,VTBD,14.0,48456,0.7,True,333_7RRRR
2026-08-28,VTBO,27.2,48481,30.8,False,333_7RRRR
2026-08-28,VTBS,0.0,48429,2.2,True,333_7RRRR
2026-08-28,VTCC,0.2,48327,0.7,True,333_7RRRR
2026-08-28,VTCH,0.5,48300,0.2,True,333_7RRRR
2026-08-28,VTCL,0.0,48328,0.9,True,iR=3
2026-08-28,VTCN,0.0,48331,5.0,True,iR=3
2026-08-28,VTCP,1.1,48330,0.5,True,333_7RRRR
2026-08-28,VTCT,3.4,48303,1.1,True,333_7RRRR
2026-08-28,VTPB,0.4,48374,12.1,True,333_7RRRR
2026-08-28,VTPH,2.4,48475,6.5,True,333_7RRRR
2026-08-28,VTPM,37.9,48375,0.5,True,333_7RRRR
2026-08-28,VTPO,0.1,48373,9.7,True,333_7RRRR
2026-08-28,VTPP,11.4,48378,1.5,True,333_7RRRR
2026-08-28,VTSB,7.9,48551,1.8,True,333_7RRRR
2026-08-28,VTSC,0.0,48583,13.8,True,iR=3
2026-08-28,VTSE,16.8,48517,30.3,False,333_7RRRR
2026-08-28,VTSF,0.0,48552,0.5,True,iR=3
2026-08-28,VTSG,0.0,48563,0.9,True,iR=3
2026-08-28,VTSM,0.0,48550,11.3,True,333_7RRRR
2026-08-28,VTSP,2.4,48565,1.3,True,333_7RRRR
2026-08-28,VTSR,71.8,48532,20.2,False,333_7RRRR
2026-08-28,VTSS,0.0,48569,0.6,True,333_7RRRR
2026-08-28,VTST,0.0,48567,0.8,True,iR=3
2026-08-28,VTSY,0.0,48581,82.2,False,iR=3
2026-08-28,VTUD,2.2,48354,2.5,True,333_7RRRR
2026-08-28,VTUI,0.0,48356,4.9,True,iR=3
2026-08-28,VTUK,0.0,48381,0.9,True,iR=3
2026-08-28,VTUL,0.6,48353,1.8,True,333_7RRRR
2026-08-28,VTUO,6.6,48437,0.7,True,333_7RRRR
2026-08-28,VTUQ,8.8,48431,24.5,False,333_7RRRR
2026-08-28,VTUU,27.2,48407,0.9,True,333_7RRRR
2026-08-28,VTUV,0.0,48405,13.8,True,iR=3
2026-08-28,VTUW,6.1,48357,15.1,False,333_7RRRR
2026-08-29,VTBD,10.0,48456,0.7,True,333_7RRRR
2026-08-29,VTBO,1.6,48481,30.8,False,333_7RRRR
2026-08-29,VTBS,4.0,48429,2.2,True,333_7RRRR
2026-08-29,VTCC,2.8,48327,0.7,True,333_7RRRR
2026-08-29,VTCH,29.2,48300,0.2,True,333_7RRRR
2026-08-29,VTCL,0.0,48328,0.9,True,iR=3
2026-08-29,VTCN,0.0,48331,5.0,True,iR=3
2026-08-29,VTCP,0.0,48330,0.5,True,iR=3
2026-08-29,VTCT,34.4,48303,1.1,True,333_7RRRR
2026-08-29,VTPB,4.0,48374,12.1,True,333_7RRRR
2026-08-29,VTPH,0.2,48475,6.5,True,333_7RRRR
2026-08-29,VTPM,19.4,48375,0.5,True,333_7RRRR
2026-08-29,VTPO,1.2,48373,9.7,True,333_7RRRR
2026-08-29,VTPP,18.6,48378,1.5,True,333_7RRRR
2026-08-29,VTSB,0.0,48551,1.8,True,333_7RRRR
2026-08-29,VTSC,29.6,48583,13.8,True,333_7RRRR
2026-08-29,VTSE,1.6,48517,30.3,False,333_7RRRR
2026-08-29,VTSF,0.0,48552,0.5,True,iR=3
2026-08-29,VTSG,3.8,48563,0.9,True,333_7RRRR
2026-08-29,VTSM,0.0,48550,11.3,True,iR=3
2026-08-29,VTSP,0.0,48565,1.3,True,iR=3
2026-08-29,VTSR,41.2,48532,20.2,False,333_7RRRR
2026-08-29,VTSS,21.0,48569,0.6,True,333_7RRRR
2026-08-29,VTST,0.0,48567,0.8,True,iR=3
2026-08-29,VTSY,4.5,48581,82.2,False,333_7RRRR
2026-08-29,VTUD,0.0,48354,2.5,True,333_7RRRR
2026-08-29,VTUI,14.0,48356,4.9,True,333_7RRRR
2026-08-29,VTUK,0.2,48381,0.9,True,333_7RRRR
2026-08-29,VTUL,0.4,48353,1.8,True,333_7RRRR
2026-08-29,VTUO,9.7,48437,0.7,True,333_7RRRR
2026-08-29,VTUQ,7.0,48431,24.5,False,333_7RRRR
2026-08-29,VTUU,36.0,48407,0.9,True,333_7RRRR
2026-08-29,VTUV,19.4,48405,13.8,True,333_7RRRR
2026-08-29,VTUW,26.5,48357,15.1,False,333_7RRRR
2026-08-30,VTBD,7.0,48456,0.7,True,333_7RRRR
2026-08-30,VTBO,0.0,48481,30.8,False,iR=3
2026-08-30,VTBS,1.8,48429,2.2,True,333_7RRRR
2026-08-30,VTCC,7.0,48327,0.7,True,333_7RRRR
2026-08-30,VTCH,37.6,48300,0.2,True,333_7RRRR
2026-08-30,VTCL,20.8,48328,0.9,True,333_7RRRR
2026-08-30,VTCN,4.6,48331,5.0,True,333_7RRRR
2026-08-30,VTCP,33.8,48330,0.5,True,333_7RRRR
2026-08-30,VTCT,23.8,48303,1.1,True,333_7RRRR
2026-08-30,VTPB,2.3,48374,12.1,True,333_7RRRR
2026-08-30,VTPH,0.0,48475,6.5,True,iR=3
2026-08-30,VTPM,29.6,48375,0.5,True,333_7RRRR
2026-08-30,VTPO,3.4,48373,9.7,True,333_7RRRR
2026-08-30,VTPP,5.2,48378,1.5,True,333_7RRRR
2026-08-30,VTSB,3.6,48551,1.8,True,333_7RRRR
2026-08-30,VTSC,0.0,48583,13.8,True,iR=3
2026-08-30,VTSE,0.5,48517,30.3,False,333_7RRRR
2026-08-30,VTSF,0.0,48552,0.5,True,iR=3
2026-08-30,VTSG,0.0,48563,0.9,True,iR=3
2026-08-30,VTSM,0.0,48550,11.3,True,iR=3
2026-08-30,VTSP,0.0,48565,1.3,True,iR=3
2026-08-30,VTSR,3.8,48532,20.2,False,333_7RRRR
2026-08-30,VTSS,4.6,48569,0.6,True,333_7RRRR
2026-08-30,VTST,0.0,48567,0.8,True,iR=3
2026-08-30,VTSY,0.0,48581,82.2,False,iR=3
2026-08-30,VTUD,6.2,48354,2.5,True,333_7RRRR
2026-08-30,VTUI,,48356,4.9,True,
2026-08-30,VTUK,2.6,48381,0.9,True,333_7RRRR
2026-08-30,VTUL,3.4,48353,1.8,True,333_7RRRR
2026-08-30,VTUO,8.0,48437,0.7,True,333_7RRRR
2026-08-30,VTUQ,2.0,48431,24.5,False,333_7RRRR
2026-08-30,VTUU,1.8,48407,0.9,True,333_7RRRR
2026-08-30,VTUV,1.8,48405,13.8,True,333_7RRRR
2026-08-30,VTUW,24.2,48357,15.1,False,333_7RRRR
2026-08-31,VTBD,1.0,48456,0.7,True,333_7RRRR
2026-08-31,VTBO,7.4,48481,30.8,False,333_7RRRR
2026-08-31,VTBS,20.4,48429,2.2,True,333_7RRRR
2026-08-31,VTCC,3.6,48327,0.7,True,333_7RRRR
2026-08-31,VTCH,1.5,48300,0.2,True,333_7RRRR
2026-08-31,VTCL,2.8,48328,0.9,True,333_7RRRR
2026-08-31,VTCN,0.2,48331,5.0,True,333_7RRRR
2026-08-31,VTCP,0.7,48330,0.5,True,333_7RRRR
2026-08-31,VTCT,1.4,48303,1.1,True,333_7RRRR
2026-08-31,VTPB,2.8,48374,12.1,True,333_7RRRR
2026-08-31,VTPH,0.0,48475,6.5,True,iR=3
2026-08-31,VTPM,27.5,48375,0.5,True,333_7RRRR
2026-08-31,VTPO,4.2,48373,9.7,True,333_7RRRR
2026-08-31,VTPP,39.8,48378,1.5,True,333_7RRRR
2026-08-31,VTSB,0.4,48551,1.8,True,333_7RRRR
2026-08-31,VTSC,0.0,48583,13.8,True,iR=3
2026-08-31,VTSE,2.2,48517,30.3,False,333_7RRRR
2026-08-31,VTSF,0.0,48552,0.5,True,iR=3
2026-08-31,VTSG,0.0,48563,0.9,True,iR=3
2026-08-31,VTSM,0.0,48550,11.3,True,iR=3
2026-08-31,VTSP,0.0,48565,1.3,True,iR=3
2026-08-31,VTSR,68.2,48532,20.2,False,333_7RRRR
2026-08-31,VTSS,0.0,48569,0.6,True,iR=3
2026-08-31,VTST,2.8,48567,0.8,True,333_7RRRR
2026-08-31,VTSY,0.0,48581,82.2,False,iR=3
2026-08-31,VTUD,2.2,48354,2.5,True,333_7RRRR
2026-08-31,VTUI,0.2,48356,4.9,True,333_7RRRR
2026-08-31,VTUK,1.6,48381,0.9,True,333_7RRRR
2026-08-31,VTUL,0.0,48353,1.8,True,333_7RRRR
2026-08-31,VTUO,22.8,48437,0.7,True,333_7RRRR
2026-08-31,VTUQ,1.2,48431,24.5,False,333_7RRRR
2026-08-31,VTUU,24.0,48407,0.9,True,333_7RRRR
2026-08-31,VTUV,9.4,48405,13.8,True,333_7RRRR
2026-08-31,VTUW,23.4,48357,15.1,False,333_7RRRR
2026-09-01,VTBD,7.2,48456,0.7,True,333_7RRRR
2026-09-01,VTBO,16.0,48481,30.8,False,333_7RRRR
2026-09-01,VTBS,0.4,48429,2.2,True,333_7RRRR
2026-09-01,VTCC,0.0,48327,0.7,True,iR=3
2026-09-01,VTCH,1.0,48300,0.2,True,333_7RRRR
2026-09-01,VTCL,0.0,48328,0.9,True,iR=3
2026-09-01,VTCN,7.6,48331,5.0,True,333_7RRRR
2026-09-01,VTCP,0.0,48330,0.5,True,iR=3
2026-09-01,VTCT,0.0,48303,1.1,True,iR=3
2026-09-01,VTPB,0.0,48374,12.1,True,iR=3
2026-09-01,VTPH,0.0,48475,6.5,True,iR=3
2026-09-01,VTPM,0.4,48375,0.5,True,333_7RRRR
2026-09-01,VTPO,2.4,48373,9.7,True,333_7RRRR
2026-09-01,VTPP,0.4,48378,1.5,True,333_7RRRR
2026-09-01,VTSB,0.1,48551,1.8,True,333_7RRRR
2026-09-01,VTSC,0.0,48583,13.8,True,iR=3
2026-09-01,VTSE,0.1,48517,30.3,False,333_7RRRR
2026-09-01,VTSF,0.0,48552,0.5,True,iR=3
2026-09-01,VTSG,1.4,48563,0.9,True,333_7RRRR
2026-09-01,VTSM,270.0,48550,11.3,True,6RRR4
2026-09-01,VTSP,3.6,48565,1.3,True,333_7RRRR
2026-09-01,VTSR,20.4,48532,20.2,False,333_7RRRR
2026-09-01,VTSS,0.0,48569,0.6,True,iR=3
2026-09-01,VTST,0.0,48567,0.8,True,iR=3
2026-09-01,VTSY,0.0,48581,82.2,False,iR=3
2026-09-01,VTUD,37.6,48354,2.5,True,333_7RRRR
2026-09-01,VTUI,2.4,48356,4.9,True,333_7RRRR
2026-09-01,VTUK,0.0,48381,0.9,True,iR=3
2026-09-01,VTUL,0.0,48353,1.8,True,iR=3
2026-09-01,VTUO,0.0,48437,0.7,True,iR=3
2026-09-01,VTUQ,0.0,48431,24.5,False,iR=3
2026-09-01,VTUU,9.2,48407,0.9,True,333_7RRRR
2026-09-01,VTUV,0.0,48405,13.8,True,333_7RRRR
2026-09-01,VTUW,25.2,48357,15.1,False,333_7RRRR
2026-09-02,VTBD,0.0,48456,0.7,True,iR=3
2026-09-02,VTBO,0.0,48481,30.8,False,iR=3
2026-09-02,VTBS,14.0,48429,2.2,True,333_7RRRR
2026-09-02,VTCC,6.0,48327,0.7,True,333_7RRRR
2026-09-02,VTCH,4.9,48300,0.2,True,333_7RRRR
2026-09-02,VTCL,2.4,48328,0.9,True,333_7RRRR
2026-09-02,VTCN,0.0,48331,5.0,True,iR=3
2026-09-02,VTCP,21.3,48330,0.5,True,333_7RRRR
2026-09-02,VTCT,0.0,48303,1.1,True,iR=3
2026-09-02,VTPB,1.0,48374,12.1,True,333_7RRRR
2026-09-02,VTPH,0.0,48475,6.5,True,333_7RRRR
2026-09-02,VTPM,5.9,48375,0.5,True,333_7RRRR
2026-09-02,VTPO,0.4,48373,9.7,True,333_7RRRR
2026-09-02,VTPP,0.0,48378,1.5,True,iR=3
2026-09-02,VTSB,0.4,48551,1.8,True,333_7RRRR
2026-09-02,VTSC,5.2,48583,13.8,True,333_7RRRR
2026-09-02,VTSE,0.9,48517,30.3,False,333_7RRRR
2026-09-02,VTSF,1.5,48552,0.5,True,333_7RRRR
2026-09-02,VTSG,4.6,48563,0.9,True,333_7RRRR
2026-09-02,VTSM,1.8,48550,11.3,True,333_7RRRR
2026-09-02,VTSP,1.0,48565,1.3,True,333_7RRRR
2026-09-02,VTSR,16.0,48532,20.2,False,333_7RRRR
2026-09-02,VTSS,4.2,48569,0.6,True,333_7RRRR
2026-09-02,VTST,1.0,48567,0.8,True,333_7RRRR
2026-09-02,VTSY,16.8,48581,82.2,False,333_7RRRR
2026-09-02,VTUD,0.0,48354,2.5,True,333_7RRRR
2026-09-02,VTUI,1.0,48356,4.9,True,333_7RRRR
2026-09-02,VTUK,0.8,48381,0.9,True,333_7RRRR
2026-09-02,VTUL,4.0,48353,1.8,True,333_7RRRR
2026-09-02,VTUO,0.4,48437,0.7,True,333_7RRRR
2026-09-02,VTUQ,0.0,48431,24.5,False,iR=3
2026-09-02,VTUU,15.6,48407,0.9,True,333_7RRRR
2026-09-02,VTUV,0.4,48405,13.8,True,333_7RRRR
2026-09-02,VTUW,19.2,48357,15.1,False,333_7RRRR
2026-09-03,VTBD,16.2,48456,0.7,True,333_7RRRR
2026-09-03,VTBO,0.0,48481,30.8,False,iR=3
2026-09-03,VTBS,19.6,48429,2.2,True,333_7RRRR
2026-09-03,VTCC,17.6,48327,0.7,True,333_7RRRR
2026-09-03,VTCH,0.0,48300,0.2,True,333_7RRRR
2026-09-03,VTCL,2.4,48328,0.9,True,333_7RRRR
2026-09-03,VTCN,9.8,48331,5.0,True,333_7RRRR
2026-09-03,VTCP,7.5,48330,0.5,True,333_7RRRR
2026-09-03,VTCT,21.2,48303,1.1,True,333_7RRRR
2026-09-03,VTPB,2.0,48374,12.1,True,333_7RRRR
2026-09-03,VTPH,0.0,48475,6.5,True,iR=3
2026-09-03,VTPM,0.3,48375,0.5,True,333_7RRRR
2026-09-03,VTPO,0.0,48373,9.7,True,iR=3
2026-09-03,VTPP,0.0,48378,1.5,True,iR=3
2026-09-03,VTSB,1.6,48551,1.8,True,333_7RRRR
2026-09-03,VTSC,0.0,48583,13.8,True,iR=3
2026-09-03,VTSE,0.0,48517,30.3,False,iR=3
2026-09-03,VTSF,1.0,48552,0.5,True,333_7RRRR
2026-09-03,VTSG,38.8,48563,0.9,True,333_7RRRR
2026-09-03,VTSM,0.0,48550,11.3,True,iR=3
2026-09-03,VTSP,40.2,48565,1.3,True,333_7RRRR
2026-09-03,VTSR,18.6,48532,20.2,False,333_7RRRR
2026-09-03,VTSS,6.6,48569,0.6,True,333_7RRRR
2026-09-03,VTST,32.6,48567,0.8,True,333_7RRRR
2026-09-03,VTSY,260.0,48581,82.2,False,6RRR4
2026-09-03,VTUD,26.8,48354,2.5,True,333_7RRRR
2026-09-03,VTUI,0.6,48356,4.9,True,333_7RRRR
2026-09-03,VTUK,1.0,48381,0.9,True,333_7RRRR
2026-09-03,VTUL,0.8,48353,1.8,True,333_7RRRR
2026-09-03,VTUO,0.0,48437,0.7,True,iR=3
2026-09-03,VTUQ,0.0,48431,24.5,False,iR=3
2026-09-03,VTUU,0.0,48407,0.9,True,iR=3
2026-09-03,VTUV,0.0,48405,13.8,True,iR=3
2026-09-03,VTUW,0.6,48357,15.1,False,333_7RRRR
2026-09-04,VTBD,0.0,48456,0.7,True,iR=3
2026-09-04,VTBO,0.4,48481,30.8,False,333_7RRRR
2026-09-04,VTBS,0.0,48429,2.2,True,333_7RRRR
2026-09-04,VTCC,1.6,48327,0.7,True,333_7RRRR
2026-09-04,VTCH,0.0,48300,0.2,True,333_7RRRR
2026-09-04,VTCL,3.6,48328,0.9,True,333_7RRRR
2026-09-04,VTCN,8.6,48331,5.0,True,333_7RRRR
2026-09-04,VTCP,14.6,48330,0.5,True,333_7RRRR
2026-09-04,VTCT,4.7,48303,1.1,True,333_7RRRR
2026-09-04,VTPB,0.0,48374,12.1,True,iR=3
2026-09-04,VTPH,3.0,48475,6.5,True,333_7RRRR
2026-09-04,VTPM,1.6,48375,0.5,True,333_7RRRR
2026-09-04,VTPO,3.4,48373,9.7,True,333_7RRRR
2026-09-04,VTPP,7.4,48378,1.5,True,333_7RRRR
2026-09-04,VTSB,0.0,48551,1.8,True,iR=3
2026-09-04,VTSC,0.0,48583,13.8,True,iR=3
2026-09-04,VTSE,0.8,48517,30.3,False,333_7RRRR
2026-09-04,VTSF,0.0,48552,0.5,True,iR=3
2026-09-04,VTSG,0.2,48563,0.9,True,333_7RRRR
2026-09-04,VTSM,0.0,48550,11.3,True,iR=3
2026-09-04,VTSP,0.0,48565,1.3,True,iR=3
2026-09-04,VTSR,3.6,48532,20.2,False,333_7RRRR
2026-09-04,VTSS,0.0,48569,0.6,True,iR=3
2026-09-04,VTST,0.0,48567,0.8,True,iR=3
2026-09-04,VTSY,250.0,48581,82.2,False,6RRR4
2026-09-04,VTUD,8.6,48354,2.5,True,333_7RRRR
2026-09-04,VTUI,0.2,48356,4.9,True,333_7RRRR
2026-09-04,VTUK,4.6,48381,0.9,True,333_7RRRR
2026-09-04,VTUL,6.0,48353,1.8,True,333_7RRRR
2026-09-04,VTUO,0.0,48437,0.7,True,333_7RRRR
2026-09-04,VTUQ,0.0,48431,24.5,False,iR=3
2026-09-04,VTUU,20.4,48407,0.9,True,333_7RRRR
2026-09-04,VTUV,1.2,48405,13.8,True,333_7RRRR
2026-09-04,VTUW,13.3,48357,15.1,False,333_7RRRR
2026-09-05,VTBD,0.4,48456,0.7,True,333_7RRRR
2026-09-05,VTBO,0.0,48481,30.8,False,iR=3
2026-09-05,VTBS,10.4,48429,2.2,True,333_7RRRR
2026-09-05,VTCC,1.4,48327,0.7,True,333_7RRRR
2026-09-05,VTCH,0.6,48300,0.2,True,333_7RRRR
2026-09-05,VTCL,0.0,48328,0.9,True,iR=3
2026-09-05,VTCN,1.2,48331,5.0,True,333_7RRRR
2026-09-05,VTCP,0.5,48330,0.5,True,333_7RRRR
2026-09-05,VTCT,0.0,48303,1.1,True,iR=3
2026-09-05,VTPB,0.0,48374,12.1,True,iR=3
2026-09-05,VTPH,19.6,48475,6.5,True,333_7RRRR
2026-09-05,VTPM,38.6,48375,0.5,True,333_7RRRR
2026-09-05,VTPO,0.0,48373,9.7,True,iR=3
2026-09-05,VTPP,0.0,48378,1.5,True,iR=3
2026-09-05,VTSB,0.0,48551,1.8,True,333_7RRRR
2026-09-05,VTSC,0.0,48583,13.8,True,iR=3
2026-09-05,VTSE,0.0,48517,30.3,False,iR=3
2026-09-05,VTSF,0.0,48552,0.5,True,iR=3
2026-09-05,VTSG,0.0,48563,0.9,True,iR=3
2026-09-05,VTSM,0.0,48550,11.3,True,iR=3
2026-09-05,VTSP,0.0,48565,1.3,True,iR=3
2026-09-05,VTSR,19.8,48532,20.2,False,333_7RRRR
2026-09-05,VTSS,0.0,48569,0.6,True,iR=3
2026-09-05,VTST,0.0,48567,0.8,True,333_7RRRR
2026-09-05,VTSY,0.0,48581,82.2,False,iR=3
2026-09-05,VTUD,16.8,48354,2.5,True,333_7RRRR
2026-09-05,VTUI,21.4,48356,4.9,True,333_7RRRR
2026-09-05,VTUK,24.2,48381,0.9,True,333_7RRRR
2026-09-05,VTUL,0.0,48353,1.8,True,iR=3
2026-09-05,VTUO,0.0,48437,0.7,True,iR=3
2026-09-05,VTUQ,0.0,48431,24.5,False,iR=3
2026-09-05,VTUU,29.2,48407,0.9,True,333_7RRRR
2026-09-05,VTUV,19.8,48405,13.8,True,333_7RRRR
2026-09-05,VTUW,0.0,48357,15.1,False,iR=3
2026-09-06,VTBD,3.4,48456,0.7,True,333_7RRRR
2026-09-06,VTBO,4.4,48481,30.8,False,333_7RRRR
2026-09-06,VTBS,1.8,48429,2.2,True,333_7RRRR
2026-09-06,VTCC,0.8,48327,0.7,True,333_7RRRR
2026-09-06,VTCH,76.2,48300,0.2,True,333_7RRRR
2026-09-06,VTCL,0.4,48328,0.9,True,333_7RRRR
2026-09-06,VTCN,22.0,48331,5.0,True,333_7RRRR
2026-09-06,VTCP,0.0,48330,0.5,True,iR=3
2026-09-06,VTCT,0.0,48303,1.1,True,333_7RRRR
2026-09-06,VTPB,2.6,48374,12.1,True,333_7RRRR
2026-09-06,VTPH,53.6,48475,6.5,True,333_7RRRR
2026-09-06,VTPM,30.7,48375,0.5,True,333_7RRRR
2026-09-06,VTPO,1.2,48373,9.7,True,333_7RRRR
2026-09-06,VTPP,28.2,48378,1.5,True,333_7RRRR
2026-09-06,VTSB,0.0,48551,1.8,True,iR=3
2026-09-06,VTSC,0.0,48583,13.8,True,iR=3
2026-09-06,VTSE,11.1,48517,30.3,False,333_7RRRR
2026-09-06,VTSF,0.0,48552,0.5,True,iR=3
2026-09-06,VTSG,0.0,48563,0.9,True,iR=3
2026-09-06,VTSM,4.4,48550,11.3,True,333_7RRRR
2026-09-06,VTSP,0.0,48565,1.3,True,333_7RRRR
2026-09-06,VTSR,4.8,48532,20.2,False,333_7RRRR
2026-09-06,VTSS,0.0,48569,0.6,True,iR=3
2026-09-06,VTST,0.0,48567,0.8,True,iR=3
2026-09-06,VTSY,0.0,48581,82.2,False,iR=3
2026-09-06,VTUD,0.2,48354,2.5,True,333_7RRRR
2026-09-06,VTUI,4.0,48356,4.9,True,333_7RRRR
2026-09-06,VTUK,0.8,48381,0.9,True,333_7RRRR
2026-09-06,VTUL,0.0,48353,1.8,True,iR=3
2026-09-06,VTUO,13.6,48437,0.7,True,333_7RRRR
2026-09-06,VTUQ,16.6,48431,24.5,False,333_7RRRR
2026-09-06,VTUU,21.8,48407,0.9,True,333_7RRRR
2026-09-06,VTUV,0.2,48405,13.8,True,333_7RRRR
2026-09-06,VTUW,106.3,48357,15.1,False,333_7RRRR
2026-09-07,VTBD,0.0,48456,0.7,True,333_7RRRR
2026-09-07,VTBO,0.0,48481,30.8,False,iR=3
2026-09-07,VTBS,2.6,48429,2.2,True,333_7RRRR
2026-09-07,VTCC,84.6,48327,0.7,True,333_7RRRR
2026-09-07,VTCH,2.4,48300,0.2,True,333_7RRRR
2026-09-07,VTCL,0.0,48328,0.9,True,iR=3
2026-09-07,VTCN,7.4,48331,5.0,True,333_7RRRR
2026-09-07,VTCP,1.3,48330,0.5,True,333_7RRRR
2026-09-07,VTCT,12.7,48303,1.1,True,333_7RRRR
2026-09-07,VTPB,0.0,48374,12.1,True,iR=3
2026-09-07,VTPH,0.0,48475,6.5,True,iR=3
2026-09-07,VTPM,0.4,48375,0.5,True,333_7RRRR
2026-09-07,VTPO,8.2,48373,9.7,True,333_7RRRR
2026-09-07,VTPP,34.6,48378,1.5,True,333_7RRRR
2026-09-07,VTSB,0.0,48551,1.8,True,iR=3
2026-09-07,VTSC,0.2,48583,13.8,True,333_7RRRR
2026-09-07,VTSE,1.2,48517,30.3,False,333_7RRRR
2026-09-07,VTSF,2.1,48552,0.5,True,333_7RRRR
2026-09-07,VTSG,0.0,48563,0.9,True,iR=3
2026-09-07,VTSM,12.4,48550,11.3,True,333_7RRRR
2026-09-07,VTSP,4.4,48565,1.3,True,333_7RRRR
2026-09-07,VTSR,40.0,48532,20.2,False,333_7RRRR
2026-09-07,VTSS,0.0,48569,0.6,True,iR=3
2026-09-07,VTST,0.0,48567,0.8,True,iR=3
2026-09-07,VTSY,0.0,48581,82.2,False,iR=3
2026-09-07,VTUD,14.0,48354,2.5,True,333_7RRRR
2026-09-07,VTUI,15.6,48356,4.9,True,333_7RRRR
2026-09-07,VTUK,47.4,48381,0.9,True,333_7RRRR
2026-09-07,VTUL,16.4,48353,1.8,True,333_7RRRR
2026-09-07,VTUO,0.0,48437,0.7,True,333_7RRRR
2026-09-07,VTUQ,0.0,48431,24.5,False,iR=3
2026-09-07,VTUU,0.0,48407,0.9,True,333_7RRRR
2026-09-07,VTUV,13.8,48405,13.8,True,333_7RRRR
2026-09-07,VTUW,0.8,48357,15.1,False,333_7RRRR
2026-09-08,VTBD,0.8,48456,0.7,True,333_7RRRR
2026-09-08,VTBO,0.2,48481,30.8,False,333_7RRRR
2026-09-08,VTBS,1.4,48429,2.2,True,333_7RRRR
2026-09-08,VTCC,0.0,48327,0.7,True,iR=3
2026-09-08,VTCH,0.0,48300,0.2,True,iR=3
2026-09-08,VTCL,0.0,48328,0.9,True,iR=3
2026-09-08,VTCN,0.2,48331,5.0,True,333_7RRRR
2026-09-08,VTCP,0.0,48330,0.5,True,iR=3
2026-09-08,VTCT,1.4,48303,1.1,True,333_7RRRR
2026-09-08,VTPB,24.0,48374,12.1,True,333_7RRRR
2026-09-08,VTPH,0.8,48475,6.5,True,333_7RRRR
2026-09-08,VTPM,2.0,48375,0.5,True,333_7RRRR
2026-09-08,VTPO,0.0,48373,9.7,True,iR=3
2026-09-08,VTPP,0.6,48378,1.5,True,333_7RRRR
2026-09-08,VTSB,0.0,48551,1.8,True,iR=3
2026-09-08,VTSC,0.0,48583,13.8,True,iR=3
2026-09-08,VTSE,11.9,48517,30.3,False,333_7RRRR
2026-09-08,VTSF,6.2,48552,0.5,True,333_7RRRR
2026-09-08,VTSG,0.0,48563,0.9,True,iR=3
2026-09-08,VTSM,0.0,48550,11.3,True,iR=3
2026-09-08,VTSP,0.0,48565,1.3,True,iR=3
2026-09-08,VTSR,103.6,48532,20.2,False,333_7RRRR
2026-09-08,VTSS,0.0,48569,0.6,True,iR=3
2026-09-08,VTST,0.0,48567,0.8,True,iR=3
2026-09-08,VTSY,0.0,48581,82.2,False,iR=3
2026-09-08,VTUD,4.0,48354,2.5,True,333_7RRRR
2026-09-08,VTUI,21.4,48356,4.9,True,333_7RRRR
2026-09-08,VTUK,0.0,48381,0.9,True,iR=3
2026-09-08,VTUL,0.6,48353,1.8,True,333_7RRRR
2026-09-08,VTUO,6.8,48437,0.7,True,333_7RRRR
2026-09-08,VTUQ,0.0,48431,24.5,False,iR=3
2026-09-08,VTUU,1.6,48407,0.9,True,333_7RRRR
2026-09-08,VTUV,0.0,48405,13.8,True,iR=3
2026-09-08,VTUW,0.3,48357,15.1,False,333_7RRRR
2026-09-09,VTBD,8.6,48456,0.7,True,333_7RRRR
2026-09-09,VTBO,13.8,48481,30.8,False,333_7RRRR
2026-09-09,VTBS,17.4,48429,2.2,True,333_7RRRR
2026-09-09,VTCC,9.4,48327,0.7,True,333_7RRRR
2026-09-09,VTCH,0.8,48300,0.2,True,333_7RRRR
2026-09-09,VTCL,15.7,48328,0.9,True,333_7RRRR
2026-09-09,VTCN,3.0,48331,5.0,True,333_7RRRR
2026-09-09,VTCP,2.2,48330,0.5,True,333_7RRRR
2026-09-09,VTCT,20.6,48303,1.1,True,333_7RRRR
2026-09-09,VTPB,3.2,48374,12.1,True,333_7RRRR
2026-09-09,VTPH,0.0,48475,6.5,True,iR=3
2026-09-09,VTPM,0.0,48375,0.5,True,iR=3
2026-09-09,VTPO,4.6,48373,9.7,True,333_7RRRR
2026-09-09,VTPP,12.0,48378,1.5,True,333_7RRRR
2026-09-09,VTSB,2.2,48551,1.8,True,333_7RRRR
2026-09-09,VTSC,1.2,48583,13.8,True,333_7RRRR
2026-09-09,VTSE,6.2,48517,30.3,False,333_7RRRR
2026-09-09,VTSF,18.2,48552,0.5,True,333_7RRRR
2026-09-09,VTSG,4.0,48563,0.9,True,333_7RRRR
2026-09-09,VTSM,0.6,48550,11.3,True,333_7RRRR
2026-09-09,VTSP,0.0,48565,1.3,True,iR=3
2026-09-09,VTSR,33.6,48532,20.2,False,333_7RRRR
2026-09-09,VTSS,5.4,48569,0.6,True,333_7RRRR
2026-09-09,VTST,0.2,48567,0.8,True,333_7RRRR
2026-09-09,VTSY,3.0,48581,82.2,False,333_7RRRR
2026-09-09,VTUD,48.0,48354,2.5,True,333_7RRRR
2026-09-09,VTUI,1.6,48356,4.9,True,333_7RRRR
2026-09-09,VTUK,1.6,48381,0.9,True,333_7RRRR
2026-09-09,VTUL,3.4,48353,1.8,True,333_7RRRR
2026-09-09,VTUO,30.8,48437,0.7,True,333_7RRRR
2026-09-09,VTUQ,7.4,48431,24.5,False,333_7RRRR
2026-09-09,VTUU,5.8,48407,0.9,True,333_7RRRR
2026-09-09,VTUV,2.6,48405,13.8,True,333_7RRRR
2026-09-09,VTUW,0.0,48357,15.1,False,iR=3
2026-09-10,VTBD,1.6,48456,0.7,True,333_7RRRR
2026-09-10,VTBO,15.4,48481,30.8,False,333_7RRRR
2026-09-10,VTBS,0.6,48429,2.2,True,333_7RRRR
2026-09-10,VTCC,9.2,48327,0.7,True,333_7RRRR
2026-09-10,VTCH,7.8,48300,0.2,True,333_7RRRR
2026-09-10,VTCL,29.6,48328,0.9,True,333_7RRRR
2026-09-10,VTCN,11.0,48331,5.0,True,333_7RRRR
2026-09-10,VTCP,0.9,48330,0.5,True,333_7RRRR
2026-09-10,VTCT,6.1,48303,1.1,True,333_7RRRR
2026-09-10,VTPB,0.7,48374,12.1,True,333_7RRRR
2026-09-10,VTPH,11.9,48475,6.5,True,333_7RRRR
2026-09-10,VTPM,17.5,48375,0.5,True,333_7RRRR
2026-09-10,VTPO,11.4,48373,9.7,True,333_7RRRR
2026-09-10,VTPP,0.8,48378,1.5,True,333_7RRRR
2026-09-10,VTSB,4.4,48551,1.8,True,333_7RRRR
2026-09-10,VTSC,7.6,48583,13.8,True,333_7RRRR
2026-09-10,VTSE,2.8,48517,30.3,False,333_7RRRR
2026-09-10,VTSF,0.6,48552,0.5,True,333_7RRRR
2026-09-10,VTSG,9.8,48563,0.9,True,333_7RRRR
2026-09-10,VTSM,0.0,48550,11.3,True,333_7RRRR
2026-09-10,VTSP,6.8,48565,1.3,True,333_7RRRR
2026-09-10,VTSR,47.4,48532,20.2,False,333_7RRRR
2026-09-10,VTSS,12.4,48569,0.6,True,333_7RRRR
2026-09-10,VTST,30.4,48567,0.8,True,333_7RRRR
2026-09-10,VTSY,6.3,48581,82.2,False,333_7RRRR
2026-09-10,VTUD,0.2,48354,2.5,True,333_7RRRR
2026-09-10,VTUI,0.0,48356,4.9,True,iR=3
2026-09-10,VTUK,2.8,48381,0.9,True,333_7RRRR
2026-09-10,VTUL,13.0,48353,1.8,True,333_7RRRR
2026-09-10,VTUO,1.4,48437,0.7,True,333_7RRRR
2026-09-10,VTUQ,24.2,48431,24.5,False,333_7RRRR
2026-09-10,VTUU,39.0,48407,0.9,True,333_7RRRR
2026-09-10,VTUV,22.4,48405,13.8,True,333_7RRRR
2026-09-10,VTUW,0.0,48357,15.1,False,333_7RRRR
2026-09-11,VTBD,2.4,48456,0.7,True,333_7RRRR
2026-09-11,VTBO,9.2,48481,30.8,False,333_7RRRR
2026-09-11,VTBS,17.4,48429,2.2,True,333_7RRRR
2026-09-11,VTCC,40.6,48327,0.7,True,333_7RRRR
2026-09-11,VTCH,0.2,48300,0.2,True,333_7RRRR
2026-09-11,VTCL,0.0,48328,0.9,True,iR=3
2026-09-11,VTCN,4.8,48331,5.0,True,333_7RRRR
2026-09-11,VTCP,3.6,48330,0.5,True,333_7RRRR
2026-09-11,VTCT,0.0,48303,1.1,True,iR=3
2026-09-11,VTPB,0.0,48374,12.1,True,iR=3
2026-09-11,VTPH,6.0,48475,6.5,True,333_7RRRR
2026-09-11,VTPM,0.2,48375,0.5,True,333_7RRRR
2026-09-11,VTPO,0.0,48373,9.7,True,iR=3
2026-09-11,VTPP,0.0,48378,1.5,True,iR=3
2026-09-11,VTSB,0.1,48551,1.8,True,333_7RRRR
2026-09-11,VTSC,0.4,48583,13.8,True,333_7RRRR
2026-09-11,VTSE,3.6,48517,30.3,False,333_7RRRR
2026-09-11,VTSF,15.1,48552,0.5,True,333_7RRRR
2026-09-11,VTSG,0.8,48563,0.9,True,333_7RRRR
2026-09-11,VTSM,0.0,48550,11.3,True,333_7RRRR
2026-09-11,VTSP,24.0,48565,1.3,True,333_7RRRR
2026-09-11,VTSR,17.8,48532,20.2,False,333_7RRRR
2026-09-11,VTSS,4.4,48569,0.6,True,333_7RRRR
2026-09-11,VTST,22.4,48567,0.8,True,333_7RRRR
2026-09-11,VTSY,0.2,48581,82.2,False,333_7RRRR
2026-09-11,VTUD,0.0,48354,2.5,True,iR=3
2026-09-11,VTUI,2.4,48356,4.9,True,333_7RRRR
2026-09-11,VTUK,0.0,48381,0.9,True,333_7RRRR
2026-09-11,VTUL,0.0,48353,1.8,True,iR=3
2026-09-11,VTUO,0.0,48437,0.7,True,iR=3
2026-09-11,VTUQ,0.2,48431,24.5,False,333_7RRRR
2026-09-11,VTUU,0.0,48407,0.9,True,iR=3
2026-09-11,VTUV,0.0,48405,13.8,True,iR=3
2026-09-11,VTUW,0.0,48357,15.1,False,iR=3
2026-09-12,VTBD,0.4,48456,0.7,True,333_7RRRR
2026-09-12,VTBO,9.0,48481,30.8,False,333_7RRRR
2026-09-12,VTBS,1.8,48429,2.2,True,333_7RRRR
2026-09-12,VTCC,0.0,48327,0.7,True,iR=3
2026-09-12,VTCH,0.5,48300,0.2,True,333_7RRRR
2026-09-12,VTCL,0.0,48328,0.9,True,333_7RRRR
2026-09-12,VTCN,2.4,48331,5.0,True,333_7RRRR
2026-09-12,VTCP,0.0,48330,0.5,True,iR=3
2026-09-12,VTCT,0.0,48303,1.1,True,iR=3
2026-09-12,VTPB,0.0,48374,12.1,True,iR=3
2026-09-12,VTPH,35.4,48475,6.5,True,333_7RRRR
2026-09-12,VTPM,0.0,48375,0.5,True,iR=3
2026-09-12,VTPO,0.0,48373,9.7,True,iR=3
2026-09-12,VTPP,0.0,48378,1.5,True,iR=3
2026-09-12,VTSB,20.2,48551,1.8,True,333_7RRRR
2026-09-12,VTSC,0.0,48583,13.8,True,iR=3
2026-09-12,VTSE,4.7,48517,30.3,False,333_7RRRR
2026-09-12,VTSF,30.4,48552,0.5,True,333_7RRRR
2026-09-12,VTSG,41.8,48563,0.9,True,333_7RRRR
2026-09-12,VTSM,22.8,48550,11.3,True,333_7RRRR
2026-09-12,VTSP,14.6,48565,1.3,True,333_7RRRR
2026-09-12,VTSR,13.2,48532,20.2,False,333_7RRRR
2026-09-12,VTSS,0.4,48569,0.6,True,333_7RRRR
2026-09-12,VTST,0.8,48567,0.8,True,333_7RRRR
2026-09-12,VTSY,0.0,48581,82.2,False,iR=3
2026-09-12,VTUD,0.0,48354,2.5,True,iR=3
2026-09-12,VTUI,0.0,48356,4.9,True,iR=3
2026-09-12,VTUK,0.0,48381,0.9,True,iR=3
2026-09-12,VTUL,0.0,48353,1.8,True,iR=3
2026-09-12,VTUO,0.0,48437,0.7,True,iR=3
2026-09-12,VTUQ,0.0,48431,24.5,False,iR=3
2026-09-12,VTUU,23.0,48407,0.9,True,333_7RRRR
2026-09-12,VTUV,1.0,48405,13.8,True,333_7RRRR
2026-09-12,VTUW,0.0,48357,15.1,False,333_7RRRR
2026-09-13,VTBD,1.6,48456,0.7,True,333_7RRRR
2026-09-13,VTBO,0.0,48481,30.8,False,iR=3
2026-09-13,VTBS,0.2,48429,2.2,True,333_7RRRR
2026-09-13,VTCC,0.0,48327,0.7,True,iR=3
2026-09-13,VTCH,0.0,48300,0.2,True,333_7RRRR
2026-09-13,VTCL,0.0,48328,0.9,True,iR=3
2026-09-13,VTCN,0.0,48331,5.0,True,iR=3
2026-09-13,VTCP,0.0,48330,0.5,True,iR=3
2026-09-13,VTCT,0.0,48303,1.1,True,iR=3
2026-09-13,VTPB,0.0,48374,12.1,True,iR=3
2026-09-13,VTPH,0.0,48475,6.5,True,iR=3
2026-09-13,VTPM,0.0,48375,0.5,True,iR=3
2026-09-13,VTPO,11.4,48373,9.7,True,333_7RRRR
2026-09-13,VTPP,4.4,48378,1.5,True,333_7RRRR
2026-09-13,VTSB,33.2,48551,1.8,True,333_7RRRR
2026-09-13,VTSC,18.6,48583,13.8,True,333_7RRRR
2026-09-13,VTSE,7.4,48517,30.3,False,333_7RRRR
2026-09-13,VTSF,26.6,48552,0.5,True,333_7RRRR
2026-09-13,VTSG,7.0,48563,0.9,True,333_7RRRR
2026-09-13,VTSM,1.6,48550,11.3,True,333_7RRRR
2026-09-13,VTSP,1.4,48565,1.3,True,333_7RRRR
2026-09-13,VTSR,0.0,48532,20.2,False,iR=3
2026-09-13,VTSS,0.0,48569,0.6,True,iR=3
2026-09-13,VTST,0.0,48567,0.8,True,333_7RRRR
2026-09-13,VTSY,45.1,48581,82.2,False,333_7RRRR
2026-09-13,VTUD,0.0,48354,2.5,True,iR=3
2026-09-13,VTUI,27.0,48356,4.9,True,333_7RRRR
2026-09-13,VTUK,3.4,48381,0.9,True,333_7RRRR
2026-09-13,VTUL,0.0,48353,1.8,True,iR=3
2026-09-13,VTUO,11.6,48437,0.7,True,333_7RRRR
2026-09-13,VTUQ,0.2,48431,24.5,False,333_7RRRR
2026-09-13,VTUU,5.6,48407,0.9,True,333_7RRRR
2026-09-13,VTUV,23.0,48405,13.8,True,333_7RRRR
2026-09-13,VTUW,28.1,48357,15.1,False,333_7RRRR
2026-09-14,VTBD,3.8,48456,0.7,True,333_7RRRR
2026-09-14,VTBO,1.0,48481,30.8,False,333_7RRRR
2026-09-14,VTBS,18.8,48429,2.2,True,333_7RRRR
2026-09-14,VTCC,0.0,48327,0.7,True,iR=3
2026-09-14,VTCH,0.0,48300,0.2,True,iR=3
2026-09-14,VTCL,0.0,48328,0.9,True,iR=3
2026-09-14,VTCN,0.0,48331,5.0,True,iR=3
2026-09-14,VTCP,0.0,48330,0.5,True,iR=3
2026-09-14,VTCT,0.0,48303,1.1,True,iR=3
2026-09-14,VTPB,9.5,48374,12.1,True,333_7RRRR
2026-09-14,VTPH,0.6,48475,6.5,True,333_7RRRR
2026-09-14,VTPM,3.7,48375,0.5,True,333_7RRRR
2026-09-14,VTPO,6.0,48373,9.7,True,333_7RRRR
2026-09-14,VTPP,25.4,48378,1.5,True,333_7RRRR
2026-09-14,VTSB,7.0,48551,1.8,True,333_7RRRR
2026-09-14,VTSC,11.4,48583,13.8,True,333_7RRRR
2026-09-14,VTSE,0.6,48517,30.3,False,333_7RRRR
2026-09-14,VTSF,14.0,48552,0.5,True,333_7RRRR
2026-09-14,VTSG,22.4,48563,0.9,True,333_7RRRR
2026-09-14,VTSM,8.2,48550,11.3,True,333_7RRRR
2026-09-14,VTSP,10.4,48565,1.3,True,333_7RRRR
2026-09-14,VTSR,32.8,48532,20.2,False,333_7RRRR
2026-09-14,VTSS,0.0,48569,0.6,True,iR=3
2026-09-14,VTST,1.6,48567,0.8,True,333_7RRRR
2026-09-14,VTSY,33.8,48581,82.2,False,333_7RRRR
2026-09-14,VTUD,10.8,48354,2.5,True,333_7RRRR
2026-09-14,VTUI,7.2,48356,4.9,True,333_7RRRR
2026-09-14,VTUK,11.2,48381,0.9,True,333_7RRRR
2026-09-14,VTUL,21.4,48353,1.8,True,333_7RRRR
2026-09-14,VTUO,7.9,48437,0.7,True,333_7RRRR
2026-09-14,VTUQ,3.8,48431,24.5,False,333_7RRRR
2026-09-14,VTUU,19.2,48407,0.9,True,333_7RRRR
2026-09-14,VTUV,21.0,48405,13.8,True,333_7RRRR
2026-09-14,VTUW,32.7,48357,15.1,False,333_7RRRR
2026-09-15,VTBD,66.4,48456,0.7,True,333_7RRRR
2026-09-15,VTBO,5.0,48481,30.8,False,333_7RRRR
2026-09-15,VTBS,1.2,48429,2.2,True,333_7RRRR
2026-09-15,VTCC,23.6,48327,0.7,True,333_7RRRR
2026-09-15,VTCH,0.0,48300,0.2,True,iR=3
2026-09-15,VTCL,43.1,48328,0.9,True,333_7RRRR
2026-09-15,VTCN,2.8,48331,5.0,True,333_7RRRR
2026-09-15,VTCP,37.0,48330,0.5,True,333_7RRRR
2026-09-15,VTCT,0.4,48303,1.1,True,333_7RRRR
2026-09-15,VTPB,3.8,48374,12.1,True,333_7RRRR
2026-09-15,VTPH,0.0,48475,6.5,True,iR=3
2026-09-15,VTPM,0.0,48375,0.5,True,iR=3
2026-09-15,VTPO,0.0,48373,9.7,True,iR=3
2026-09-15,VTPP,9.4,48378,1.5,True,333_7RRRR
2026-09-15,VTSB,0.0,48551,1.8,True,iR=3
2026-09-15,VTSC,0.0,48583,13.8,True,iR=3
2026-09-15,VTSE,2.2,48517,30.3,False,333_7RRRR
2026-09-15,VTSF,0.2,48552,0.5,True,333_7RRRR
2026-09-15,VTSG,0.0,48563,0.9,True,iR=3
2026-09-15,VTSM,0.0,48550,11.3,True,333_7RRRR
2026-09-15,VTSP,0.0,48565,1.3,True,iR=3
2026-09-15,VTSR,14.6,48532,20.2,False,333_7RRRR
2026-09-15,VTSS,0.0,48569,0.6,True,iR=3
2026-09-15,VTST,0.1,48567,0.8,True,333_7RRRR
2026-09-15,VTSY,1.0,48581,82.2,False,333_7RRRR
2026-09-15,VTUD,7.2,48354,2.5,True,333_7RRRR
2026-09-15,VTUI,15.8,48356,4.9,True,333_7RRRR
2026-09-15,VTUK,15.4,48381,0.9,True,333_7RRRR
2026-09-15,VTUL,7.4,48353,1.8,True,333_7RRRR
2026-09-15,VTUO,17.8,48437,0.7,True,333_7RRRR
2026-09-15,VTUQ,3.0,48431,24.5,False,333_7RRRR
2026-09-15,VTUU,23.2,48407,0.9,True,333_7RRRR
2026-09-15,VTUV,11.6,48405,13.8,True,333_7RRRR
2026-09-15,VTUW,83.4,48357,15.1,False,333_7RRRR
2026-09-16,VTBD,27.6,48456,0.7,True,333_7RRRR
2026-09-16,VTBO,83.2,48481,30.8,False,333_7RRRR
2026-09-16,VTBS,8.0,48429,2.2,True,333_7RRRR
2026-09-16,VTCC,4.8,48327,0.7,True,333_7RRRR
2026-09-16,VTCH,0.0,48300,0.2,True,iR=3
2026-09-16,VTCL,18.1,48328,0.9,True,333_7RRRR
2026-09-16,VTCN,1.6,48331,5.0,True,333_7RRRR
2026-09-16,VTCP,4.7,48330,0.5,True,333_7RRRR
2026-09-16,VTCT,0.0,48303,1.1,True,iR=3
2026-09-16,VTPB,0.2,48374,12.1,True,333_7RRRR
2026-09-16,VTPH,5.0,48475,6.5,True,333_7RRRR
2026-09-16,VTPM,0.6,48375,0.5,True,333_7RRRR
2026-09-16,VTPO,16.4,48373,9.7,True,333_7RRRR
2026-09-16,VTPP,5.2,48378,1.5,True,333_7RRRR
2026-09-16,VTSB,0.8,48551,1.8,True,333_7RRRR
2026-09-16,VTSC,11.2,48583,13.8,True,333_7RRRR
2026-09-16,VTSE,10.5,48517,30.3,False,333_7RRRR
2026-09-16,VTSF,64.0,48552,0.5,True,333_7RRRR
2026-09-16,VTSG,2.6,48563,0.9,True,333_7RRRR
2026-09-16,VTSM,8.4,48550,11.3,True,333_7RRRR
2026-09-16,VTSP,6.2,48565,1.3,True,333_7RRRR
2026-09-16,VTSR,50.4,48532,20.2,False,333_7RRRR
2026-09-16,VTSS,0.2,48569,0.6,True,333_7RRRR
2026-09-16,VTST,2.6,48567,0.8,True,333_7RRRR
2026-09-16,VTSY,0.7,48581,82.2,False,333_7RRRR
2026-09-16,VTUD,36.8,48354,2.5,True,333_7RRRR
2026-09-16,VTUI,11.4,48356,4.9,True,333_7RRRR
2026-09-16,VTUK,25.0,48381,0.9,True,333_7RRRR
2026-09-16,VTUL,4.6,48353,1.8,True,333_7RRRR
2026-09-16,VTUO,28.8,48437,0.7,True,333_7RRRR
2026-09-16,VTUQ,5.4,48431,24.5,False,333_7RRRR
2026-09-16,VTUU,2.6,48407,0.9,True,333_7RRRR
2026-09-16,VTUV,0.0,48405,13.8,True,iR=3
2026-09-16,VTUW,0.6,48357,15.1,False,333_7RRRR
2026-09-17,VTBD,1.0,48456,0.7,True,333_7RRRR
2026-09-17,VTBO,35.0,48481,30.8,False,333_7RRRR
2026-09-17,VTBS,21.8,48429,2.2,True,333_7RRRR
2026-09-17,VTCC,0.0,48327,0.7,True,iR=3
2026-09-17,VTCH,0.2,48300,0.2,True,333_7RRRR
2026-09-17,VTCL,1.0,48328,0.9,True,333_7RRRR
2026-09-17,VTCN,2.0,48331,5.0,True,333_7RRRR
2026-09-17,VTCP,1.9,48330,0.5,True,333_7RRRR
2026-09-17,VTCT,43.6,48303,1.1,True,333_7RRRR
2026-09-17,VTPB,28.0,48374,12.1,True,333_7RRRR
2026-09-17,VTPH,0.0,48475,6.5,True,iR=3
2026-09-17,VTPM,3.8,48375,0.5,True,333_7RRRR
2026-09-17,VTPO,8.8,48373,9.7,True,333_7RRRR
2026-09-17,VTPP,7.4,48378,1.5,True,333_7RRRR
2026-09-17,VTSB,1.2,48551,1.8,True,333_7RRRR
2026-09-17,VTSC,0.0,48583,13.8,True,iR=3
2026-09-17,VTSE,11.4,48517,30.3,False,333_7RRRR
2026-09-17,VTSF,24.2,48552,0.5,True,333_7RRRR
2026-09-17,VTSG,37.2,48563,0.9,True,333_7RRRR
2026-09-17,VTSM,0.0,48550,11.3,True,iR=3
2026-09-17,VTSP,20.4,48565,1.3,True,333_7RRRR
2026-09-17,VTSR,138.0,48532,20.2,False,333_7RRRR
2026-09-17,VTSS,25.8,48569,0.6,True,333_7RRRR
2026-09-17,VTST,18.0,48567,0.8,True,333_7RRRR
2026-09-17,VTSY,8.9,48581,82.2,False,333_7RRRR
2026-09-17,VTUD,4.2,48354,2.5,True,333_7RRRR
2026-09-17,VTUI,14.8,48356,4.9,True,333_7RRRR
2026-09-17,VTUK,1.4,48381,0.9,True,333_7RRRR
2026-09-17,VTUL,27.4,48353,1.8,True,333_7RRRR
2026-09-17,VTUO,4.6,48437,0.7,True,333_7RRRR
2026-09-17,VTUQ,3.4,48431,24.5,False,333_7RRRR
2026-09-17,VTUU,0.0,48407,0.9,True,iR=3
2026-09-17,VTUV,13.6,48405,13.8,True,333_7RRRR
2026-09-17,VTUW,22.7,48357,15.1,False,333_7RRRR
2026-09-18,VTBD,22.2,48456,0.7,True,333_7RRRR
2026-09-18,VTBO,22.8,48481,30.8,False,333_7RRRR
2026-09-18,VTBS,3.6,48429,2.2,True,333_7RRRR
2026-09-18,VTCC,12.4,48327,0.7,True,333_7RRRR
2026-09-18,VTCH,3.8,48300,0.2,True,333_7RRRR
2026-09-18,VTCL,5.7,48328,0.9,True,333_7RRRR
2026-09-18,VTCN,16.8,48331,5.0,True,333_7RRRR
2026-09-18,VTCP,10.2,48330,0.5,True,333_7RRRR
2026-09-18,VTCT,0.2,48303,1.1,True,333_7RRRR
2026-09-18,VTPB,29.8,48374,12.1,True,333_7RRRR
2026-09-18,VTPH,0.4,48475,6.5,True,333_7RRRR
2026-09-18,VTPM,13.8,48375,0.5,True,333_7RRRR
2026-09-18,VTPO,44.4,48373,9.7,True,333_7RRRR
2026-09-18,VTPP,29.6,48378,1.5,True,333_7RRRR
2026-09-18,VTSB,13.4,48551,1.8,True,333_7RRRR
2026-09-18,VTSC,9.2,48583,13.8,True,333_7RRRR
2026-09-18,VTSE,5.3,48517,30.3,False,333_7RRRR
2026-09-18,VTSF,0.0,48552,0.5,True,iR=3
2026-09-18,VTSG,54.4,48563,0.9,True,333_7RRRR
2026-09-18,VTSM,0.0,48550,11.3,True,333_7RRRR
2026-09-18,VTSP,24.4,48565,1.3,True,333_7RRRR
2026-09-18,VTSR,142.2,48532,20.2,False,333_7RRRR
2026-09-18,VTSS,14.4,48569,0.6,True,333_7RRRR
2026-09-18,VTST,49.2,48567,0.8,True,333_7RRRR
2026-09-18,VTSY,3.3,48581,82.2,False,333_7RRRR
2026-09-18,VTUD,0.2,48354,2.5,True,333_7RRRR
2026-09-18,VTUI,0.2,48356,4.9,True,333_7RRRR
2026-09-18,VTUK,15.6,48381,0.9,True,333_7RRRR
2026-09-18,VTUL,11.0,48353,1.8,True,333_7RRRR
2026-09-18,VTUO,12.2,48437,0.7,True,333_7RRRR
2026-09-18,VTUQ,19.8,48431,24.5,False,333_7RRRR
2026-09-18,VTUU,15.0,48407,0.9,True,333_7RRRR
2026-09-18,VTUV,0.0,48405,13.8,True,iR=3
2026-09-18,VTUW,0.0,48357,15.1,False,333_7RRRR
2026-09-19,VTBD,11.6,48456,0.7,True,333_7RRRR
2026-09-19,VTBO,5.2,48481,30.8,False,333_7RRRR
2026-09-19,VTBS,36.4,48429,2.2,True,333_7RRRR
2026-09-19,VTCC,15.0,48327,0.7,True,333_7RRRR
2026-09-19,VTCH,2.6,48300,0.2,True,333_7RRRR
2026-09-19,VTCL,6.3,48328,0.9,True,333_7RRRR
2026-09-19,VTCN,0.0,48331,5.0,True,iR=3
2026-09-19,VTCP,0.0,48330,0.5,True,iR=3
2026-09-19,VTCT,0.4,48303,1.1,True,333_7RRRR
2026-09-19,VTPB,0.2,48374,12.1,True,333_7RRRR
2026-09-19,VTPH,8.2,48475,6.5,True,333_7RRRR
2026-09-19,VTPM,9.4,48375,0.5,True,333_7RRRR
2026-09-19,VTPO,11.6,48373,9.7,True,333_7RRRR
2026-09-19,VTPP,11.0,48378,1.5,True,333_7RRRR
2026-09-19,VTSB,0.0,48551,1.8,True,iR=3
2026-09-19,VTSC,0.2,48583,13.8,True,333_7RRRR
2026-09-19,VTSE,13.8,48517,30.3,False,333_7RRRR
2026-09-19,VTSF,0.0,48552,0.5,True,iR=3
2026-09-19,VTSG,1.8,48563,0.9,True,333_7RRRR
2026-09-19,VTSM,0.4,48550,11.3,True,333_7RRRR
2026-09-19,VTSP,21.0,48565,1.3,True,333_7RRRR
2026-09-19,VTSR,19.2,48532,20.2,False,333_7RRRR
2026-09-19,VTSS,31.6,48569,0.6,True,333_7RRRR
2026-09-19,VTST,3.2,48567,0.8,True,333_7RRRR
2026-09-19,VTSY,0.0,48581,82.2,False,iR=3
2026-09-19,VTUD,0.0,48354,2.5,True,iR=3
2026-09-19,VTUI,0.0,48356,4.9,True,iR=3
2026-09-19,VTUK,0.0,48381,0.9,True,iR=3
2026-09-19,VTUL,0.4,48353,1.8,True,333_7RRRR
2026-09-19,VTUO,0.0,48437,0.7,True,iR=3
2026-09-19,VTUQ,47.8,48431,24.5,False,333_7RRRR
2026-09-19,VTUU,10.8,48407,0.9,True,333_7RRRR
2026-09-19,VTUV,0.2,48405,13.8,True,333_7RRRR
2026-09-19,VTUW,0.2,48357,15.1,False,333_7RRRR
2026-09-20,VTBD,15.0,48456,0.7,True,333_7RRRR
2026-09-20,VTBO,64.6,48481,30.8,False,333_7RRRR
2026-09-20,VTBS,18.8,48429,2.2,True,333_7RRRR
2026-09-20,VTCC,7.6,48327,0.7,True,333_7RRRR
2026-09-20,VTCH,0.0,48300,0.2,True,iR=3
2026-09-20,VTCL,26.6,48328,0.9,True,333_7RRRR
2026-09-20,VTCN,3.0,48331,5.0,True,333_7RRRR
2026-09-20,VTCP,45.7,48330,0.5,True,333_7RRRR
2026-09-20,VTCT,41.0,48303,1.1,True,333_7RRRR
2026-09-20,VTPB,0.0,48374,12.1,True,iR=3
2026-09-20,VTPH,0.0,48475,6.5,True,iR=3
2026-09-20,VTPM,24.0,48375,0.5,True,333_7RRRR
2026-09-20,VTPO,52.6,48373,9.7,True,333_7RRRR
2026-09-20,VTPP,136.8,48378,1.5,True,333_7RRRR
2026-09-20,VTSB,1.0,48551,1.8,True,333_7RRRR
2026-09-20,VTSC,0.0,48583,13.8,True,iR=3
2026-09-20,VTSE,0.0,48517,30.3,False,333_7RRRR
2026-09-20,VTSF,0.0,48552,0.5,True,iR=3
2026-09-20,VTSG,0.2,48563,0.9,True,333_7RRRR
2026-09-20,VTSM,4.2,48550,11.3,True,333_7RRRR
2026-09-20,VTSP,0.4,48565,1.3,True,333_7RRRR
2026-09-20,VTSR,0.2,48532,20.2,False,333_7RRRR
2026-09-20,VTSS,23.4,48569,0.6,True,333_7RRRR
2026-09-20,VTST,0.6,48567,0.8,True,333_7RRRR
2026-09-20,VTSY,0.0,48581,82.2,False,iR=3
2026-09-20,VTUD,0.0,48354,2.5,True,iR=3
2026-09-20,VTUI,6.6,48356,4.9,True,333_7RRRR
2026-09-20,VTUK,46.6,48381,0.9,True,333_7RRRR
2026-09-20,VTUL,8.0,48353,1.8,True,333_7RRRR
2026-09-20,VTUO,5.6,48437,0.7,True,333_7RRRR
2026-09-20,VTUQ,14.8,48431,24.5,False,333_7RRRR
2026-09-20,VTUU,17.0,48407,0.9,True,333_7RRRR
2026-09-20,VTUV,21.0,48405,13.8,True,333_7RRRR
2026-09-20,VTUW,0.0,48357,15.1,False,333_7RRRR
2026-09-21,VTBD,6.4,48456,0.7,True,333_7RRRR
2026-09-21,VTBO,20.6,48481,30.8,False,333_7RRRR
2026-09-21,VTBS,19.6,48429,2.2,True,333_7RRRR
2026-09-21,VTCC,2.4,48327,0.7,True,333_7RRRR
2026-09-21,VTCH,4.2,48300,0.2,True,333_7RRRR
2026-09-21,VTCL,1.2,48328,0.9,True,333_7RRRR
2026-09-21,VTCN,0.0,48331,5.0,True,iR=3
2026-09-21,VTCP,3.2,48330,0.5,True,333_7RRRR
2026-09-21,VTCT,0.0,48303,1.1,True,iR=3
2026-09-21,VTPB,4.2,48374,12.1,True,333_7RRRR
2026-09-21,VTPH,0.0,48475,6.5,True,iR=3
2026-09-21,VTPM,0.0,48375,0.5,True,iR=3
2026-09-21,VTPO,0.0,48373,9.7,True,iR=3
2026-09-21,VTPP,0.0,48378,1.5,True,iR=3
2026-09-21,VTSB,0.0,48551,1.8,True,333_7RRRR
2026-09-21,VTSC,3.4,48583,13.8,True,333_7RRRR
2026-09-21,VTSE,0.6,48517,30.3,False,333_7RRRR
2026-09-21,VTSF,0.0,48552,0.5,True,iR=3
2026-09-21,VTSG,0.0,48563,0.9,True,iR=3
2026-09-21,VTSM,0.0,48550,11.3,True,iR=3
2026-09-21,VTSP,0.0,48565,1.3,True,iR=3
2026-09-21,VTSR,2.2,48532,20.2,False,333_7RRRR
2026-09-21,VTSS,13.8,48569,0.6,True,333_7RRRR
2026-09-21,VTST,1.8,48567,0.8,True,333_7RRRR
2026-09-21,VTSY,3.5,48581,82.2,False,333_7RRRR
2026-09-21,VTUD,0.0,48354,2.5,True,iR=3
2026-09-21,VTUI,0.0,48356,4.9,True,iR=3
2026-09-21,VTUK,0.0,48381,0.9,True,iR=3
2026-09-21,VTUL,0.0,48353,1.8,True,iR=3
2026-09-21,VTUO,1.2,48437,0.7,True,333_7RRRR
2026-09-21,VTUQ,8.6,48431,24.5,False,333_7RRRR
2026-09-21,VTUU,9.0,48407,0.9,True,333_7RRRR
2026-09-21,VTUV,5.2,48405,13.8,True,333_7RRRR
2026-09-21,VTUW,0.0,48357,15.1,False,iR=3
2026-09-22,VTBD,10.0,48456,0.7,True,6RRR4
2026-09-22,VTBO,20.2,48481,30.8,False,333_7RRRR
2026-09-22,VTBS,0.0,48429,2.2,True,333_7RRRR
2026-09-22,VTCC,0.0,48327,0.7,True,iR=3
2026-09-22,VTCH,0.2,48300,0.2,True,333_7RRRR
2026-09-22,VTCL,0.0,48328,0.9,True,iR=3
2026-09-22,VTCN,0.0,48331,5.0,True,iR=3
2026-09-22,VTCP,0.0,48330,0.5,True,iR=3
2026-09-22,VTCT,,48303,1.1,True,
2026-09-22,VTPB,0.0,48374,12.1,True,iR=3
2026-09-22,VTPH,10.8,48475,6.5,True,333_7RRRR
2026-09-22,VTPM,0.0,48375,0.5,True,iR=3
2026-09-22,VTPO,0.0,48373,9.7,True,iR=3
2026-09-22,VTPP,0.0,48378,1.5,True,iR=3
2026-09-22,VTSB,0.4,48551,1.8,True,333_7RRRR
2026-09-22,VTSC,0.2,48583,13.8,True,333_7RRRR
2026-09-22,VTSE,7.8,48517,30.3,False,333_7RRRR
2026-09-22,VTSF,4.2,48552,0.5,True,333_7RRRR
2026-09-22,VTSG,7.8,48563,0.9,True,333_7RRRR
2026-09-22,VTSM,9.0,48550,11.3,True,333_7RRRR
2026-09-22,VTSP,10.6,48565,1.3,True,333_7RRRR
2026-09-22,VTSR,36.4,48532,20.2,False,333_7RRRR
2026-09-22,VTSS,30.0,48569,0.6,True,333_7RRRR
2026-09-22,VTST,15.2,48567,0.8,True,333_7RRRR
2026-09-22,VTSY,29.0,48581,82.2,False,333_7RRRR
2026-09-22,VTUD,0.0,48354,2.5,True,iR=3
2026-09-22,VTUI,0.0,48356,4.9,True,iR=3
2026-09-22,VTUK,30.0,48381,0.9,True,6RRR4
2026-09-22,VTUL,0.0,48353,1.8,True,iR=3
2026-09-22,VTUO,0.0,48437,0.7,True,iR=3
2026-09-22,VTUQ,1.0,48431,24.5,False,333_7RRRR
2026-09-22,VTUU,0.0,48407,0.9,True,iR=3
2026-09-22,VTUV,0.6,48405,13.8,True,333_7RRRR
2026-09-22,VTUW,0.0,48357,15.1,False,iR=3
2026-09-23,VTBD,1.4,48456,0.7,True,333_7RRRR
2026-09-23,VTBO,17.6,48481,30.8,False,333_7RRRR
2026-09-23,VTBS,38.4,48429,2.2,True,333_7RRRR
2026-09-23,VTCC,0.0,48327,0.7,True,iR=3
2026-09-23,VTCH,0.0,48300,0.2,True,iR=3
2026-09-23,VTCL,0.0,48328,0.9,True,iR=3
2026-09-23,VTCN,0.0,48331,5.0,True,iR=3
2026-09-23,VTCP,0.0,48330,0.5,True,iR=3
2026-09-23,VTCT,0.0,48303,1.1,True,iR=3
2026-09-23,VTPB,4.7,48374,12.1,True,333_7RRRR
2026-09-23,VTPH,0.8,48475,6.5,True,333_7RRRR
2026-09-23,VTPM,1.4,48375,0.5,True,333_7RRRR
2026-09-23,VTPO,6.4,48373,9.7,True,333_7RRRR
2026-09-23,VTPP,0.2,48378,1.5,True,333_7RRRR
2026-09-23,VTSB,0.0,48551,1.8,True,333_7RRRR
2026-09-23,VTSC,0.0,48583,13.8,True,iR=3
2026-09-23,VTSE,0.3,48517,30.3,False,333_7RRRR
2026-09-23,VTSF,0.3,48552,0.5,True,333_7RRRR
2026-09-23,VTSG,0.0,48563,0.9,True,iR=3
2026-09-23,VTSM,2.4,48550,11.3,True,333_7RRRR
2026-09-23,VTSP,1.4,48565,1.3,True,333_7RRRR
2026-09-23,VTSR,19.2,48532,20.2,False,333_7RRRR
2026-09-23,VTSS,1.4,48569,0.6,True,333_7RRRR
2026-09-23,VTST,0.0,48567,0.8,True,iR=3
2026-09-23,VTSY,1.2,48581,82.2,False,333_7RRRR
2026-09-23,VTUD,0.0,48354,2.5,True,333_7RRRR
2026-09-23,VTUI,0.0,48356,4.9,True,iR=3
2026-09-23,VTUK,0.6,48381,0.9,True,333_7RRRR
2026-09-23,VTUL,22.4,48353,1.8,True,333_7RRRR
2026-09-23,VTUO,3.4,48437,0.7,True,333_7RRRR
2026-09-23,VTUQ,26.0,48431,24.5,False,333_7RRRR
2026-09-23,VTUU,27.8,48407,0.9,True,333_7RRRR
2026-09-23,VTUV,0.0,48405,13.8,True,iR=3
2026-09-23,VTUW,0.2,48357,15.1,False,333_7RRRR
2026-09-24,VTBD,68.4,48456,0.7,True,333_7RRRR
2026-09-24,VTBO,71.0,48481,30.8,False,333_7RRRR
2026-09-24,VTBS,82.6,48429,2.2,True,333_7RRRR
2026-09-24,VTCC,1.2,48327,0.7,True,333_7RRRR
2026-09-24,VTCH,8.0,48300,0.2,True,333_7RRRR
2026-09-24,VTCL,0.7,48328,0.9,True,333_7RRRR
2026-09-24,VTCN,7.8,48331,5.0,True,333_7RRRR
2026-09-24,VTCP,0.0,48330,0.5,True,333_7RRRR
2026-09-24,VTCT,0.0,48303,1.1,True,iR=3
2026-09-24,VTPB,24.3,48374,12.1,True,333_7RRRR
2026-09-24,VTPH,21.2,48475,6.5,True,333_7RRRR
2026-09-24,VTPM,3.4,48375,0.5,True,333_7RRRR
2026-09-24,VTPO,2.0,48373,9.7,True,333_7RRRR
2026-09-24,VTPP,11.0,48378,1.5,True,333_7RRRR
2026-09-24,VTSB,0.0,48551,1.8,True,iR=3
2026-09-24,VTSC,4.6,48583,13.8,True,333_7RRRR
2026-09-24,VTSE,0.0,48517,30.3,False,iR=3
2026-09-24,VTSF,0.4,48552,0.5,True,333_7RRRR
2026-09-24,VTSG,0.0,48563,0.9,True,iR=3
2026-09-24,VTSM,0.0,48550,11.3,True,iR=3
2026-09-24,VTSP,0.0,48565,1.3,True,iR=3
2026-09-24,VTSR,6.8,48532,20.2,False,333_7RRRR
2026-09-24,VTSS,0.0,48569,0.6,True,333_7RRRR
2026-09-24,VTST,0.0,48567,0.8,True,iR=3
2026-09-24,VTSY,0.0,48581,82.2,False,iR=3
2026-09-24,VTUD,0.8,48354,2.5,True,333_7RRRR
2026-09-24,VTUI,0.0,48356,4.9,True,iR=3
2026-09-24,VTUK,12.0,48381,0.9,True,333_7RRRR
2026-09-24,VTUL,1.6,48353,1.8,True,333_7RRRR
2026-09-24,VTUO,48.0,48437,0.7,True,333_7RRRR
2026-09-24,VTUQ,11.4,48431,24.5,False,333_7RRRR
2026-09-24,VTUU,28.1,48407,0.9,True,333_7RRRR
2026-09-24,VTUV,18.6,48405,13.8,True,333_7RRRR
2026-09-24,VTUW,0.7,48357,15.1,False,333_7RRRR
2026-09-25,VTBD,130.0,48456,0.7,True,333_7RRRR
2026-09-25,VTBO,131.8,48481,30.8,False,333_7RRRR
2026-09-25,VTBS,152.4,48429,2.2,True,333_7RRRR
2026-09-25,VTCC,15.8,48327,0.7,True,333_7RRRR
2026-09-25,VTCH,9.6,48300,0.2,True,333_7RRRR
2026-09-25,VTCL,1.2,48328,0.9,True,333_7RRRR
2026-09-25,VTCN,10.6,48331,5.0,True,333_7RRRR
2026-09-25,VTCP,8.1,48330,0.5,True,333_7RRRR
2026-09-25,VTCT,2.4,48303,1.1,True,333_7RRRR
2026-09-25,VTPB,7.5,48374,12.1,True,333_7RRRR
2026-09-25,VTPH,22.6,48475,6.5,True,333_7RRRR
2026-09-25,VTPM,17.7,48375,0.5,True,333_7RRRR
2026-09-25,VTPO,8.0,48373,9.7,True,333_7RRRR
2026-09-25,VTPP,14.4,48378,1.5,True,333_7RRRR
2026-09-25,VTSB,6.9,48551,1.8,True,333_7RRRR
2026-09-25,VTSC,17.8,48583,13.8,True,333_7RRRR
2026-09-25,VTSE,4.7,48517,30.3,False,333_7RRRR
2026-09-25,VTSF,11.9,48552,0.5,True,333_7RRRR
2026-09-25,VTSG,18.0,48563,0.9,True,333_7RRRR
2026-09-25,VTSM,4.0,48550,11.3,True,333_7RRRR
2026-09-25,VTSP,0.0,48565,1.3,True,333_7RRRR
2026-09-25,VTSR,18.6,48532,20.2,False,333_7RRRR
2026-09-25,VTSS,3.6,48569,0.6,True,333_7RRRR
2026-09-25,VTST,5.6,48567,0.8,True,333_7RRRR
2026-09-25,VTSY,8.2,48581,82.2,False,333_7RRRR
2026-09-25,VTUD,4.0,48354,2.5,True,333_7RRRR
2026-09-25,VTUI,0.6,48356,4.9,True,333_7RRRR
2026-09-25,VTUK,18.2,48381,0.9,True,333_7RRRR
2026-09-25,VTUL,22.0,48353,1.8,True,333_7RRRR
2026-09-25,VTUO,15.6,48437,0.7,True,333_7RRRR
2026-09-25,VTUQ,28.8,48431,24.5,False,333_7RRRR
2026-09-25,VTUU,3.6,48407,0.9,True,333_7RRRR
2026-09-25,VTUV,4.2,48405,13.8,True,333_7RRRR
2026-09-25,VTUW,2.8,48357,15.1,False,333_7RRRR
2026-09-26,VTBD,46.6,48456,0.7,True,333_7RRRR
2026-09-26,VTBO,74.4,48481,30.8,False,333_7RRRR
2026-09-26,VTBS,25.6,48429,2.2,True,333_7RRRR
2026-09-26,VTCC,0.0,48327,0.7,True,iR=3
2026-09-26,VTCH,0.0,48300,0.2,True,iR=3
2026-09-26,VTCL,0.0,48328,0.9,True,iR=3
2026-09-26,VTCN,0.0,48331,5.0,True,iR=3
2026-09-26,VTCP,0.7,48330,0.5,True,333_7RRRR
2026-09-26,VTCT,0.0,48303,1.1,True,iR=3
2026-09-26,VTPB,1.0,48374,12.1,True,333_7RRRR
2026-09-26,VTPH,4.6,48475,6.5,True,333_7RRRR
2026-09-26,VTPM,5.5,48375,0.5,True,333_7RRRR
2026-09-26,VTPO,,48373,9.7,True,
2026-09-26,VTPP,25.8,48378,1.5,True,333_7RRRR
2026-09-26,VTSB,1.8,48551,1.8,True,333_7RRRR
2026-09-26,VTSC,2.2,48583,13.8,True,333_7RRRR
2026-09-26,VTSE,47.6,48517,30.3,False,333_7RRRR
2026-09-26,VTSF,5.7,48552,0.5,True,333_7RRRR
2026-09-26,VTSG,16.8,48563,0.9,True,333_7RRRR
2026-09-26,VTSM,8.8,48550,11.3,True,333_7RRRR
2026-09-26,VTSP,10.4,48565,1.3,True,333_7RRRR
2026-09-26,VTSR,39.8,48532,20.2,False,333_7RRRR
2026-09-26,VTSS,0.4,48569,0.6,True,333_7RRRR
2026-09-26,VTST,3.0,48567,0.8,True,333_7RRRR
2026-09-26,VTSY,1.2,48581,82.2,False,333_7RRRR
2026-09-26,VTUD,20.2,48354,2.5,True,333_7RRRR
2026-09-26,VTUI,11.6,48356,4.9,True,333_7RRRR
2026-09-26,VTUK,12.2,48381,0.9,True,333_7RRRR
2026-09-26,VTUL,5.2,48353,1.8,True,333_7RRRR
2026-09-26,VTUO,3.8,48437,0.7,True,333_7RRRR
2026-09-26,VTUQ,3.6,48431,24.5,False,333_7RRRR
2026-09-26,VTUU,0.0,48407,0.9,True,333_7RRRR
2026-09-26,VTUV,0.8,48405,13.8,True,333_7RRRR
2026-09-26,VTUW,10.0,48357,15.1,False,333_7RRRR
2026-09-27,VTBD,27.4,48456,0.7,True,333_7RRRR
2026-09-27,VTBO,60.2,48481,30.8,False,333_7RRRR
2026-09-27,VTBS,48.8,48429,2.2,True,333_7RRRR
2026-09-27,VTCC,0.0,48327,0.7,True,333_7RRRR
2026-09-27,VTCH,0.0,48300,0.2,True,iR=3
2026-09-27,VTCL,15.0,48328,0.9,True,333_7RRRR
2026-09-27,VTCN,0.0,48331,5.0,True,333_7RRRR
2026-09-27,VTCP,5.9,48330,0.5,True,333_7RRRR
2026-09-27,VTCT,0.0,48303,1.1,True,iR=3
2026-09-27,VTPB,18.6,48374,12.1,True,333_7RRRR
2026-09-27,VTPH,31.0,48475,6.5,True,333_7RRRR
2026-09-27,VTPM,9.5,48375,0.5,True,333_7RRRR
2026-09-27,VTPO,21.4,48373,9.7,True,333_7RRRR
2026-09-27,VTPP,0.4,48378,1.5,True,333_7RRRR
2026-09-27,VTSB,0.2,48551,1.8,True,333_7RRRR
2026-09-27,VTSC,3.0,48583,13.8,True,333_7RRRR
2026-09-27,VTSE,50.4,48517,30.3,False,333_7RRRR
2026-09-27,VTSF,1.6,48552,0.5,True,333_7RRRR
2026-09-27,VTSG,24.6,48563,0.9,True,333_7RRRR
2026-09-27,VTSM,0.0,48550,11.3,True,333_7RRRR
2026-09-27,VTSP,6.8,48565,1.3,True,333_7RRRR
2026-09-27,VTSR,42.6,48532,20.2,False,333_7RRRR
2026-09-27,VTSS,0.0,48569,0.6,True,iR=3
2026-09-27,VTST,0.2,48567,0.8,True,333_7RRRR
2026-09-27,VTSY,3.3,48581,82.2,False,333_7RRRR
2026-09-27,VTUD,11.6,48354,2.5,True,333_7RRRR
2026-09-27,VTUI,0.2,48356,4.9,True,333_7RRRR
2026-09-27,VTUK,18.0,48381,0.9,True,333_7RRRR
2026-09-27,VTUL,5.2,48353,1.8,True,333_7RRRR
2026-09-27,VTUO,0.0,48437,0.7,True,iR=3
2026-09-27,VTUQ,0.0,48431,24.5,False,333_7RRRR
2026-09-27,VTUU,0.0,48407,0.9,True,iR=3
2026-09-27,VTUV,1.4,48405,13.8,True,333_7RRRR
2026-09-27,VTUW,6.4,48357,15.1,False,333_7RRRR
2026-09-28,VTBD,4.2,48456,0.7,True,333_7RRRR
2026-09-28,VTBO,0.0,48481,30.8,False,iR=3
2026-09-28,VTBS,6.6,48429,2.2,True,333_7RRRR
2026-09-28,VTCC,23.0,48327,0.7,True,333_7RRRR
2026-09-28,VTCH,11.7,48300,0.2,True,333_7RRRR
2026-09-28,VTCL,27.2,48328,0.9,True,333_7RRRR
2026-09-28,VTCN,3.0,48331,5.0,True,333_7RRRR
2026-09-28,VTCP,10.2,48330,0.5,True,333_7RRRR
2026-09-28,VTCT,1.8,48303,1.1,True,333_7RRRR
2026-09-28,VTPB,9.4,48374,12.1,True,333_7RRRR
2026-09-28,VTPH,2.0,48475,6.5,True,333_7RRRR
2026-09-28,VTPM,49.9,48375,0.5,True,333_7RRRR
2026-09-28,VTPO,6.6,48373,9.7,True,333_7RRRR
2026-09-28,VTPP,7.0,48378,1.5,True,333_7RRRR
2026-09-28,VTSB,0.0,48551,1.8,True,iR=3
2026-09-28,VTSC,0.0,48583,13.8,True,iR=3
2026-09-28,VTSE,6.7,48517,30.3,False,333_7RRRR
2026-09-28,VTSF,18.5,48552,0.5,True,333_7RRRR
2026-09-28,VTSG,0.0,48563,0.9,True,iR=3
2026-09-28,VTSM,170.0,48550,11.3,True,6RRR4
2026-09-28,VTSP,0.0,48565,1.3,True,iR=3
2026-09-28,VTSR,0.0,48532,20.2,False,iR=3
2026-09-28,VTSS,4.2,48569,0.6,True,333_7RRRR
2026-09-28,VTST,0.0,48567,0.8,True,iR=3
2026-09-28,VTSY,25.3,48581,82.2,False,333_7RRRR
2026-09-28,VTUD,0.2,48354,2.5,True,333_7RRRR
2026-09-28,VTUI,0.8,48356,4.9,True,333_7RRRR
2026-09-28,VTUK,7.0,48381,0.9,True,333_7RRRR
2026-09-28,VTUL,1.2,48353,1.8,True,333_7RRRR
2026-09-28,VTUO,0.0,48437,0.7,True,iR=3
2026-09-28,VTUQ,3.8,48431,24.5,False,333_7RRRR
2026-09-28,VTUU,0.0,48407,0.9,True,iR=3
2026-09-28,VTUV,0.0,48405,13.8,True,iR=3
2026-09-28,VTUW,7.0,48357,15.1,False,333_7RRRR
2026-09-29,VTBD,0.0,48456,0.7,True,iR=3
2026-09-29,VTBO,0.0,48481,30.8,False,iR=3
2026-09-29,VTBS,0.0,48429,2.2,True,333_7RRRR
2026-09-29,VTCC,0.6,48327,0.7,True,333_7RRRR
2026-09-29,VTCH,4.8,48300,0.2,True,333_7RRRR
2026-09-29,VTCL,15.4,48328,0.9,True,333_7RRRR
2026-09-29,VTCN,1.2,48331,5.0,True,333_7RRRR
2026-09-29,VTCP,7.2,48330,0.5,True,333_7RRRR
2026-09-29,VTCT,0.8,48303,1.1,True,333_7RRRR
2026-09-29,VTPB,3.6,48374,12.1,True,333_7RRRR
2026-09-29,VTPH,0.0,48475,6.5,True,iR=3
2026-09-29,VTPM,3.9,48375,0.5,True,333_7RRRR
2026-09-29,VTPO,0.0,48373,9.7,True,iR=3
2026-09-29,VTPP,0.0,48378,1.5,True,iR=3
2026-09-29,VTSB,0.0,48551,1.8,True,iR=3
2026-09-29,VTSC,1.4,48583,13.8,True,333_7RRRR
2026-09-29,VTSE,29.2,48517,30.3,False,333_7RRRR
2026-09-29,VTSF,0.0,48552,0.5,True,iR=3
2026-09-29,VTSG,0.8,48563,0.9,True,333_7RRRR
2026-09-29,VTSM,0.0,48550,11.3,True,iR=3
2026-09-29,VTSP,6.2,48565,1.3,True,333_7RRRR
2026-09-29,VTSR,11.6,48532,20.2,False,333_7RRRR
2026-09-29,VTSS,0.0,48569,0.6,True,iR=3
2026-09-29,VTST,0.0,48567,0.8,True,iR=3
2026-09-29,VTSY,8.7,48581,82.2,False,333_7RRRR
2026-09-29,VTUD,0.0,48354,2.5,True,iR=3
2026-09-29,VTUI,0.0,48356,4.9,True,iR=3
2026-09-29,VTUK,0.0,48381,0.9,True,iR=3
2026-09-29,VTUL,0.0,48353,1.8,True,iR=3
2026-09-29,VTUO,0.0,48437,0.7,True,iR=3
2026-09-29,VTUQ,0.0,48431,24.5,False,iR=3
2026-09-29,VTUU,0.0,48407,0.9,True,iR=3
2026-09-29,VTUV,0.0,48405,13.8,True,iR=3
2026-09-29,VTUW,0.0,48357,15.1,False,iR=3
2026-09-30,VTBD,1.6,48456,0.7,True,333_7RRRR
2026-09-30,VTBO,12.6,48481,30.8,False,333_7RRRR
2026-09-30,VTBS,0.0,48429,2.2,True,iR=3
2026-09-30,VTCC,0.0,48327,0.7,True,333_7RRRR
2026-09-30,VTCH,1.8,48300,0.2,True,333_7RRRR
2026-09-30,VTCL,0.0,48328,0.9,True,iR=3
2026-09-30,VTCN,0.0,48331,5.0,True,iR=3
2026-09-30,VTCP,0.0,48330,0.5,True,iR=3
2026-09-30,VTCT,0.0,48303,1.1,True,iR=3
2026-09-30,VTPB,0.0,48374,12.1,True,iR=3
2026-09-30,VTPH,0.0,48475,6.5,True,iR=3
2026-09-30,VTPM,0.0,48375,0.5,True,iR=3
2026-09-30,VTPO,0.0,48373,9.7,True,iR=3
2026-09-30,VTPP,0.0,48378,1.5,True,iR=3
2026-09-30,VTSB,6.6,48551,1.8,True,333_7RRRR
2026-09-30,VTSC,0.0,48583,13.8,True,iR=3
2026-09-30,VTSE,0.0,48517,30.3,False,iR=3
2026-09-30,VTSF,2.2,48552,0.5,True,333_7RRRR
2026-09-30,VTSG,2.4,48563,0.9,True,333_7RRRR
2026-09-30,VTSM,2.0,48550,11.3,True,333_7RRRR
2026-09-30,VTSP,1.2,48565,1.3,True,333_7RRRR
2026-09-30,VTSR,0.4,48532,20.2,False,333_7RRRR
2026-09-30,VTSS,0.0,48569,0.6,True,iR=3
2026-09-30,VTST,22.6,48567,0.8,True,333_7RRRR
2026-09-30,VTSY,1.3,48581,82.2,False,333_7RRRR
2026-09-30,VTUD,0.0,48354,2.5,True,iR=3
2026-09-30,VTUI,0.0,48356,4.9,True,iR=3
2026-09-30,VTUK,0.0,48381,0.9,True,iR=3
2026-09-30,VTUL,0.0,48353,1.8,True,iR=3
2026-09-30,VTUO,0.0,48437,0.7,True,333_7RRRR
2026-09-30,VTUQ,7.6,48431,24.5,False,333_7RRRR
2026-09-30,VTUU,0.0,48407,0.9,True,333_7RRRR
2026-09-30,VTUV,31.8,48405,13.8,True,333_7RRRR
2026-09-30,VTUW,0.0,48357,15.1,False,iR=3
2026-10-01,VTBD,0.0,48456,0.7,True,333_7RRRR
2026-10-01,VTBO,0.0,48481,30.8,False,iR=3
2026-10-01,VTBS,0.0,48429,2.2,True,iR=3
2026-10-01,VTCC,0.0,48327,0.7,True,iR=3
2026-10-01,VTCH,0.0,48300,0.2,True,iR=3
2026-10-01,VTCL,0.0,48328,0.9,True,iR=3
2026-10-01,VTCN,0.0,48331,5.0,True,iR=3
2026-10-01,VTCP,0.0,48330,0.5,True,iR=3
2026-10-01,VTCT,0.0,48303,1.1,True,iR=3
2026-10-01,VTPB,0.0,48374,12.1,True,iR=3
2026-10-01,VTPH,0.0,48475,6.5,True,iR=3
2026-10-01,VTPM,0.0,48375,0.5,True,iR=3
2026-10-01,VTPO,0.0,48373,9.7,True,iR=3
2026-10-01,VTPP,0.0,48378,1.5,True,iR=3
2026-10-01,VTSB,0.0,48551,1.8,True,iR=3
2026-10-01,VTSC,2.2,48583,13.8,True,333_7RRRR
2026-10-01,VTSE,0.0,48517,30.3,False,iR=3
2026-10-01,VTSF,0.0,48552,0.5,True,iR=3
2026-10-01,VTSG,9.8,48563,0.9,True,333_7RRRR
2026-10-01,VTSM,0.0,48550,11.3,True,iR=3
2026-10-01,VTSP,18.8,48565,1.3,True,333_7RRRR
2026-10-01,VTSR,0.8,48532,20.2,False,333_7RRRR
2026-10-01,VTSS,0.0,48569,0.6,True,iR=3
2026-10-01,VTST,0.2,48567,0.8,True,333_7RRRR
2026-10-01,VTSY,0.2,48581,82.2,False,333_7RRRR
2026-10-01,VTUD,0.0,48354,2.5,True,iR=3
2026-10-01,VTUI,0.0,48356,4.9,True,iR=3
2026-10-01,VTUK,0.0,48381,0.9,True,iR=3
2026-10-01,VTUL,0.0,48353,1.8,True,iR=3
2026-10-01,VTUO,0.0,48437,0.7,True,iR=3
2026-10-01,VTUQ,0.0,48431,24.5,False,iR=3
2026-10-01,VTUU,2.4,48407,0.9,True,333_7RRRR
2026-10-01,VTUV,0.0,48405,13.8,True,iR=3
2026-10-01,VTUW,0.0,48357,15.1,False,iR=3
2026-10-02,VTBD,0.0,48456,0.7,True,iR=3
2026-10-02,VTBO,2.2,48481,30.8,False,333_7RRRR
2026-10-02,VTBS,0.0,48429,2.2,True,333_7RRRR
2026-10-02,VTCC,0.0,48327,0.7,True,iR=3
2026-10-02,VTCH,0.0,48300,0.2,True,iR=3
2026-10-02,VTCL,0.0,48328,0.9,True,iR=3
2026-10-02,VTCN,0.0,48331,5.0,True,iR=3
2026-10-02,VTCP,0.0,48330,0.5,True,iR=3
2026-10-02,VTCT,0.0,48303,1.1,True,iR=3
2026-10-02,VTPB,6.0,48374,12.1,True,333_7RRRR
2026-10-02,VTPH,0.0,48475,6.5,True,iR=3
2026-10-02,VTPM,0.0,48375,0.5,True,iR=3
2026-10-02,VTPO,0.0,48373,9.7,True,iR=3
2026-10-02,VTPP,0.0,48378,1.5,True,iR=3
2026-10-02,VTSB,0.0,48551,1.8,True,iR=3
2026-10-02,VTSC,0.0,48583,13.8,True,iR=3
2026-10-02,VTSE,0.0,48517,30.3,False,iR=3
2026-10-02,VTSF,0.0,48552,0.5,True,iR=3
2026-10-02,VTSG,7.6,48563,0.9,True,333_7RRRR
2026-10-02,VTSM,0.0,48550,11.3,True,iR=3
2026-10-02,VTSP,2.8,48565,1.3,True,333_7RRRR
2026-10-02,VTSR,1.8,48532,20.2,False,333_7RRRR
2026-10-02,VTSS,0.4,48569,0.6,True,333_7RRRR
2026-10-02,VTST,43.0,48567,0.8,True,333_7RRRR
2026-10-02,VTSY,0.1,48581,82.2,False,333_7RRRR
2026-10-02,VTUD,0.0,48354,2.5,True,iR=3
2026-10-02,VTUI,0.0,48356,4.9,True,iR=3
2026-10-02,VTUK,0.0,48381,0.9,True,iR=3
2026-10-02,VTUL,0.0,48353,1.8,True,iR=3
2026-10-02,VTUO,0.0,48437,0.7,True,iR=3
2026-10-02,VTUQ,6.2,48431,24.5,False,333_7RRRR
2026-10-02,VTUU,0.0,48407,0.9,True,iR=3
2026-10-02,VTUV,0.0,48405,13.8,True,iR=3
2026-10-02,VTUW,0.0,48357,15.1,False,iR=3
2026-10-03,VTBD,0.6,48456,0.7,True,333_7RRRR
2026-10-03,VTBO,12.0,48481,30.8,False,333_7RRRR
2026-10-03,VTBS,1.4,48429,2.2,True,333_7RRRR
2026-10-03,VTCC,0.0,48327,0.7,True,iR=3
2026-10-03,VTCH,0.0,48300,0.2,True,iR=3
2026-10-03,VTCL,0.0,48328,0.9,True,iR=3
2026-10-03,VTCN,4.4,48331,5.0,True,333_7RRRR
2026-10-03,VTCP,0.0,48330,0.5,True,iR=3
2026-10-03,VTCT,4.6,48303,1.1,True,333_7RRRR
2026-10-03,VTPB,0.0,48374,12.1,True,iR=3
2026-10-03,VTPH,0.0,48475,6.5,True,iR=3
2026-10-03,VTPM,0.0,48375,0.5,True,iR=3
2026-10-03,VTPO,0.0,48373,9.7,True,iR=3
2026-10-03,VTPP,0.0,48378,1.5,True,iR=3
2026-10-03,VTSB,28.4,48551,1.8,True,333_7RRRR
2026-10-03,VTSC,0.4,48583,13.8,True,333_7RRRR
2026-10-03,VTSE,7.2,48517,30.3,False,333_7RRRR
2026-10-03,VTSF,0.0,48552,0.5,True,iR=3
2026-10-03,VTSG,0.0,48563,0.9,True,iR=3
2026-10-03,VTSM,0.4,48550,11.3,True,333_7RRRR
2026-10-03,VTSP,24.8,48565,1.3,True,333_7RRRR
2026-10-03,VTSR,0.2,48532,20.2,False,333_7RRRR
2026-10-03,VTSS,0.6,48569,0.6,True,333_7RRRR
2026-10-03,VTST,2.0,48567,0.8,True,333_7RRRR
2026-10-03,VTSY,6.3,48581,82.2,False,333_7RRRR
2026-10-03,VTUD,0.0,48354,2.5,True,iR=3
2026-10-03,VTUI,0.0,48356,4.9,True,iR=3
2026-10-03,VTUK,8.0,48381,0.9,True,333_7RRRR
2026-10-03,VTUL,0.0,48353,1.8,True,iR=3
2026-10-03,VTUO,0.0,48437,0.7,True,iR=3
2026-10-03,VTUQ,0.0,48431,24.5,False,333_7RRRR
2026-10-03,VTUU,0.0,48407,0.9,True,333_7RRRR
2026-10-03,VTUV,0.0,48405,13.8,True,iR=3
2026-10-03,VTUW,0.0,48357,15.1,False,iR=3
